gene,breadth_nominal,breadth_FDR05,breadth_FDR10,breadth_FDR20,category
AAMP,15,15,15,15,multi
ABCF3,24,24,24,24,multi
ABHD10,13,13,13,13,multi
ABHD17A,15,15,15,15,multi
ABT1,20,20,20,20,multi
ABTB1,16,16,16,16,multi
ACACA,8,8,8,8,multi
ACAD11,7,7,7,7,multi
ACADSB,11,11,11,11,multi
ACAT1,15,15,15,15,multi
ACBD6,20,20,20,20,multi
ACD,16,16,16,16,multi
ACOT9,14,14,14,14,multi
ACSL4,9,9,9,9,multi
ADAL,3,3,3,3,specific
ADAM9,12,12,12,12,multi
ADAMTS12,5,5,5,5,multi
ADAMTSL2,8,8,8,8,multi
ADAP2,5,4,5,5,specific
ADCYAP1,6,6,6,6,multi
ADD2,6,6,6,6,multi
ADNP,8,8,8,8,multi
ADO,8,8,8,8,multi
ADORA2B,6,6,6,6,multi
ADRM1,19,19,19,19,multi
AEBP2,7,7,7,7,multi
AEN,6,6,6,6,multi
AGBL3,3,3,3,3,specific
AGO3,7,7,7,7,multi
AGTPBP1,11,11,11,11,multi
AHI1,9,9,9,9,multi
AHR,6,6,6,6,multi
AK5,2,2,2,2,specific
AKAP10,11,11,11,11,multi
AKAP11,5,5,5,5,multi
AKAP7,14,14,14,14,multi
AKIRIN1,3,3,3,3,specific
ALDH7A1,6,6,6,6,multi
ALPL,11,11,11,11,multi
AMIGO3,5,5,5,5,multi
ANAPC1,6,6,6,6,multi
ANGPTL4,12,12,12,12,multi
ANKIB1,12,12,12,12,multi
ANKMY2,7,7,7,7,multi
ANKRD12,12,12,12,12,multi
ANKRD13C,9,9,9,9,multi
ANKRD50,9,9,9,9,multi
ANKS1B,5,5,5,5,multi
AP4M1,10,10,10,10,multi
API5,8,8,8,8,multi
APLP1,9,9,9,9,multi
APOA1,8,8,8,8,multi
APPBP2,8,8,8,8,multi
ARAF,14,14,14,14,multi
ARCN1,9,9,9,9,multi
ARFGAP1,18,18,18,18,multi
ARHGAP6,6,6,6,6,multi
ARHGEF1,15,15,15,15,multi
ARL1,11,11,11,11,multi
ARL6,3,3,3,3,specific
ARMCX6,7,7,7,7,multi
ARNTL,46,46,46,46,ubiquitous
ASH2L,4,4,4,4,specific
ASPN,8,8,8,8,multi
ATG16L1,6,6,6,6,multi
ATG4B,15,15,15,15,multi
ATMIN,7,7,7,7,multi
ATP10D,10,10,10,10,multi
ATP11A,4,4,4,4,specific
ATP11C,6,6,6,6,multi
ATP1B2,6,6,6,6,multi
ATP2B1,7,7,7,7,multi
ATP6AP2,7,7,7,7,multi
ATP6V0B,16,16,16,16,multi
ATP6V1B2,7,7,7,7,multi
ATP6V1F,18,18,18,18,multi
ATR,13,13,13,13,multi
ATRX,7,7,7,7,multi
ATXN7,5,5,5,5,multi
AUP1,18,18,18,18,multi
AURKAIP1,16,16,16,16,multi
B4GALT4,5,5,5,5,multi
B4GALT5,7,7,7,7,multi
BAG5,8,8,8,8,multi
BARD1,7,7,7,7,multi
BBS7,9,9,9,9,multi
BCHE,11,11,11,11,multi
BHLHE41,11,11,11,11,multi
BICD1,2,2,2,2,specific
BIVM,2,2,2,2,specific
BIVM-ERCC5,5,5,5,5,multi
BLOC1S6,13,13,13,13,multi
BMPR1A,5,5,5,5,multi
BMT2,5,5,5,5,multi
BNIP1,3,3,3,3,specific
BOP1,17,17,17,17,multi
BPTF,4,4,4,4,specific
BRAT1,16,16,16,16,multi
BRD1,8,8,8,8,multi
BRD2,4,4,4,4,specific
BRSK2,7,7,7,7,multi
BST1,4,4,4,4,specific
BTBD6,19,19,19,19,multi
BTBD8,5,5,5,5,multi
BTG2,5,5,5,5,multi
BTRC,6,6,6,6,multi
BYSL,8,8,8,8,multi
C11orf68,20,20,20,20,multi
C12orf43,6,6,6,6,multi
C14orf28,6,6,6,6,multi
C17orf75,13,13,13,13,multi
C19orf18,4,4,4,4,specific
C1D,7,7,7,7,multi
C1orf54,29,29,29,29,multi
C2CD2L,12,12,12,12,multi
C3orf70,5,5,5,5,multi
C5orf22,12,12,12,12,multi
C7orf26,16,16,16,16,multi
C7orf50,9,9,9,9,multi
CACHD1,3,3,3,3,specific
CACNA2D1,8,8,8,8,multi
CACTIN,18,18,18,18,multi
CALCRL,6,6,6,6,multi
CALHM2,11,11,11,11,multi
CALU,7,7,7,7,multi
CAMLG,7,7,7,7,multi
CAP2,7,7,7,7,multi
CAPN10,15,15,15,15,multi
CAPRIN1,4,4,4,4,specific
CARS2,7,7,7,7,multi
CASKIN2,22,22,22,22,multi
CBARP,6,6,6,6,multi
CBX5,11,11,11,11,multi
CC2D1B,13,13,13,13,multi
CCDC12,17,17,17,17,multi
CCDC142,14,14,14,14,multi
CCDC157,13,13,13,13,multi
CCDC160,4,4,4,4,specific
CCDC61,15,15,15,15,multi
CCDC88A,11,11,11,11,multi
CCDC91,13,13,13,13,multi
CCNE1,7,7,7,7,multi
CCNK,7,7,7,7,multi
CCNQ,12,12,12,12,multi
CCSER2,9,9,9,9,multi
CD151,12,12,12,12,multi
CD2BP2,11,11,11,11,multi
CD99L2,5,5,5,5,multi
CDC23,9,9,9,9,multi
CDC27,13,13,13,13,multi
CDC42BPA,8,8,8,8,multi
CDC42EP3,2,2,2,2,specific
CDH10,6,6,6,6,multi
CDK17,5,5,5,5,multi
CDK2AP2,17,17,17,17,multi
CDK5,14,14,14,14,multi
CDK9,14,14,14,14,multi
CDKN2AIPNL,3,3,3,3,specific
CDKN2D,7,7,7,7,multi
CECR2,8,8,8,8,multi
CEP112,9,9,9,9,multi
CEP192,8,8,8,8,multi
CEP295,7,7,7,7,multi
CEP44,9,9,9,9,multi
CEP63,8,8,8,8,multi
CETN2,7,7,7,7,multi
CFAP97,6,6,6,6,multi
CHAMP1,10,10,10,10,multi
CHD1,10,10,10,10,multi
CHERP,16,15,16,16,multi
CHODL,6,6,6,6,multi
CHRNB1,14,14,14,14,multi
CHUK,12,12,12,12,multi
CLDN15,15,15,15,15,multi
CLIC4,14,14,14,14,multi
CLIP1,9,9,9,9,multi
CLIP2,9,9,9,9,multi
CLIP4,12,12,12,12,multi
CLK3,12,12,12,12,multi
CLOCK,10,10,10,10,multi
CLPTM1,20,20,20,20,multi
CLPX,14,14,14,14,multi
CLTA,9,9,9,9,multi
CLTC,8,8,8,8,multi
CMC2,5,5,5,5,multi
CMTM6,6,6,6,6,multi
CMTR2,9,9,9,9,multi
CNKSR3,3,3,3,3,specific
CNTFR,17,17,17,17,multi
CNTLN,7,7,7,7,multi
CNTN1,4,4,4,4,specific
CNTNAP2,4,4,4,4,specific
COA6,4,4,4,4,specific
COG5,11,11,11,11,multi
COL11A1,3,3,3,3,specific
COL12A1,5,5,5,5,multi
COL1A1,5,5,5,5,multi
COL24A1,3,3,3,3,specific
COLEC10,5,5,5,5,multi
COMT,17,17,17,17,multi
COPS4,11,11,11,11,multi
COQ10B,9,9,9,9,multi
COX14,8,8,8,8,multi
CPEB2,9,9,9,9,multi
CPNE3,6,6,6,6,multi
CPSF2,15,15,15,15,multi
CPSF4,17,17,17,17,multi
CPT1B,12,12,12,12,multi
CRADD,11,11,11,11,multi
CRELD1,25,25,25,25,multi
CRIP2,12,12,12,12,multi
CRISPLD1,6,6,6,6,multi
CRNKL1,2,2,2,2,specific
CRTC2,19,19,19,19,multi
CRY1,24,24,24,24,multi
CRYBG3,6,6,6,6,multi
CSK,18,18,18,18,multi
CSNK1D,9,9,9,9,multi
CSNK1G3,8,8,8,8,multi
CST6,2,2,2,2,specific
CSTF3,15,15,15,15,multi
CTDNEP1,10,10,10,10,multi
CTDSP1,16,16,16,16,multi
CTDSPL2,10,10,10,10,multi
CTNNBL1,14,14,14,14,multi
CTPS1,9,9,9,9,multi
CTSV,6,6,6,6,multi
CTTNBP2NL,4,4,4,4,specific
CTU2,16,16,16,16,multi
CUL1,8,8,8,8,multi
CUL3,11,11,11,11,multi
CUL5,10,10,10,10,multi
CUX1,2,2,2,2,specific
CWC22,12,12,12,12,multi
CYP2C8,5,5,5,5,multi
D2HGDH,18,18,18,18,multi
DAXX,11,11,11,11,multi
DBNDD2,5,5,5,5,multi
DBP,39,39,39,39,ubiquitous
DBR1,19,19,19,19,multi
DCTN3,20,20,20,20,multi
DDI2,2,2,2,2,specific
DDIT3,15,15,15,15,multi
DDRGK1,21,21,21,21,multi
DDX3X,23,23,23,23,multi
DDX46,11,11,11,11,multi
DDX51,16,16,16,16,multi
DDX54,16,16,16,16,multi
DENND5B,5,5,5,5,multi
DENND6A,9,9,9,9,multi
DGCR6,13,13,13,13,multi
DGCR6L,2,2,2,2,specific
DHX16,19,19,19,19,multi
DHX33,4,4,4,4,specific
DHX35,8,8,8,8,multi
DHX37,12,12,12,12,multi
DHX40,7,7,7,7,multi
DHX9,7,7,7,7,multi
DIAPH2,5,5,5,5,multi
DIS3,14,14,14,14,multi
DIXDC1,11,11,11,11,multi
DLAT,5,5,5,5,multi
DLD,17,17,17,17,multi
DLG2,3,3,3,3,specific
DNAH5,5,5,5,5,multi
DNAJA3,8,8,8,8,multi
DNAJB2,12,12,12,12,multi
DNAJB5,8,8,8,8,multi
DNAJC10,13,13,13,13,multi
DNAJC13,9,9,9,9,multi
DNAJC30,10,10,10,10,multi
DNAL1,8,8,8,8,multi
DOCK11,6,6,6,6,multi
DOCK4,6,6,6,6,multi
DOCK7,9,9,9,9,multi
DOHH,12,12,12,12,multi
DOK1,17,17,17,17,multi
DOLPP1,6,6,6,6,multi
DPAGT1,6,6,6,6,multi
DPP10,6,6,6,6,multi
DPP8,11,11,11,11,multi
DRG2,12,12,12,12,multi
DTX1,8,8,8,8,multi
DTYMK,7,7,7,7,multi
DVL1,18,18,18,18,multi
DYNC1I2,9,9,9,9,multi
DYNC2LI1,15,15,15,15,multi
DYNLL1,16,16,16,16,multi
DYNLL2,5,5,5,5,multi
E2F3,6,6,6,6,multi
E2F4,13,13,13,13,multi
EEA1,17,17,17,17,multi
EFCAB2,7,7,7,7,multi
EFHC2,12,12,12,12,multi
EGLN2,20,20,20,20,multi
EIF2S3,8,8,8,8,multi
EIF2S3B,2,2,2,2,specific
EIF3A,5,5,5,5,multi
EIF3C,2,2,2,2,specific
EIF3CL,13,13,13,13,multi
EIF4G3,8,8,8,8,multi
EIF4H,4,4,4,4,specific
EIF5,10,10,10,10,multi
EMC6,10,10,10,10,multi
EMCN,5,5,5,5,multi
ENO4,2,2,2,2,specific
ENOSF1,4,4,4,4,specific
ENPP4,4,4,4,4,specific
EOGT,10,10,10,10,multi
EPHA3,7,7,7,7,multi
EPHX1,9,9,9,9,multi
EPM2A,3,3,3,3,specific
EPOR,10,10,10,10,multi
ERAP1,10,10,10,10,multi
ERCC5,2,2,2,2,specific
ERCC6L2,15,15,15,15,multi
ESM1,5,5,5,5,multi
ETAA1,5,5,5,5,multi
ETFA,7,7,7,7,multi
EWSR1,7,7,7,7,multi
EXOC2,7,7,7,7,multi
EXOSC3,7,7,7,7,multi
EXOSC4,9,9,9,9,multi
EXOSC5,15,15,15,15,multi
EXOSC9,20,20,20,20,multi
EYA3,6,6,6,6,multi
F2RL2,7,7,7,7,multi
FAF1,12,12,12,12,multi
FAF2,3,3,3,3,specific
FAM104B,10,10,10,10,multi
FAM114A1,8,8,8,8,multi
FAM126B,4,3,4,4,specific
FAM13B,6,6,6,6,multi
FAM169A,7,7,7,7,multi
FAM172A,9,9,9,9,multi
FAM177A1,14,14,14,14,multi
FAM180B,4,4,4,4,specific
FAM210B,7,7,7,7,multi
FAM214B,9,9,9,9,multi
FAM32A,14,14,14,14,multi
FAM43A,7,7,7,7,multi
FAM53A,7,7,7,7,multi
FAM83D,3,3,3,3,specific
FANCL,11,11,11,11,multi
FARSA,9,9,9,9,multi
FASTKD3,10,10,10,10,multi
FBLN7,2,2,2,2,specific
FBXL13,7,7,7,7,multi
FBXL19,12,12,12,12,multi
FBXW11,7,7,7,7,multi
FCAR,8,8,8,8,multi
FCN3,16,16,16,16,multi
FEM1B,8,8,8,8,multi
FER,9,9,9,9,multi
FERMT2,5,4,5,5,specific
FEZ2,10,10,10,10,multi
FGR,9,9,9,9,multi
FH,8,8,8,8,multi
FKBP2,15,15,15,15,multi
FLT1,4,4,4,4,specific
FNIP1,10,10,10,10,multi
FOCAD,9,9,9,9,multi
FRMD3,10,10,10,10,multi
FRS2,6,6,6,6,multi
FUS,17,17,17,17,multi
FYTTD1,7,7,7,7,multi
FZD6,10,10,10,10,multi
GABRQ,7,7,7,7,multi
GDNF,3,3,3,3,specific
GEMIN5,7,7,7,7,multi
GIT1,22,22,22,22,multi
GJA1,4,4,4,4,specific
GLMN,6,6,6,6,multi
GMEB2,10,10,10,10,multi
GNAL,5,5,5,5,multi
GNG11,9,9,9,9,multi
GNPDA2,14,14,14,14,multi
GNS,6,6,6,6,multi
GP5,3,3,3,3,specific
GPAA1,14,13,14,14,multi
GPATCH4,8,8,8,8,multi
GPBAR1,9,9,9,9,multi
GPC4,5,5,5,5,multi
GPR107,10,10,10,10,multi
GRB14,3,3,3,3,specific
GREB1L,4,4,4,4,specific
GRIA1,4,4,4,4,specific
GRK6,11,11,11,11,multi
GSAP,11,11,11,11,multi
GTF3C3,3,3,3,3,specific
GTF3C4,6,6,6,6,multi
GTPBP1,16,16,16,16,multi
GULP1,6,6,6,6,multi
GYG1,5,5,5,5,multi
HACD4,5,5,5,5,multi
HACE1,9,9,9,9,multi
HAGH,19,19,19,19,multi
HCAR1,3,3,3,3,specific
HDAC10,14,14,14,14,multi
HEATR1,6,6,6,6,multi
HEATR3,16,16,16,16,multi
HEATR6,3,3,3,3,specific
HIBADH,6,6,6,6,multi
HINFP,17,17,17,17,multi
HINT3,6,6,6,6,multi
HIRA,10,10,10,10,multi
HLF,15,15,15,15,multi
HLTF,13,13,13,13,multi
HMBS,10,10,10,10,multi
HMG20A,5,5,5,5,multi
HMGXB4,4,4,4,4,specific
HNRNPDL,34,34,34,34,ubiquitous
HNRNPR,10,10,10,10,multi
HP1BP3,13,13,13,13,multi
HPRT1,10,10,10,10,multi
HRAS,18,18,18,18,multi
HRCT1,10,10,10,10,multi
HS2ST1,9,9,9,9,multi
HSDL1,4,4,4,4,specific
HSF1,25,25,25,25,multi
HSF2,13,13,13,13,multi
HSF4,5,5,5,5,multi
HSP90AB1,11,11,11,11,multi
HSPA9,3,3,3,3,specific
HTATSF1,14,14,14,14,multi
HTR2A,6,6,6,6,multi
HTR4,2,2,2,2,specific
HYAL3,14,14,14,14,multi
HYPK,18,18,18,18,multi
IBSP,2,2,2,2,specific
ID1,5,5,5,5,multi
ID3,12,12,12,12,multi
IDE,11,11,11,11,multi
IDUA,13,13,13,13,multi
IER5L,7,7,7,7,multi
IFI27L2,10,10,10,10,multi
IFRD2,16,16,16,16,multi
IFT74,7,7,7,7,multi
IKBIP,9,9,9,9,multi
IL13RA1,7,7,7,7,multi
ILVBL,13,13,13,13,multi
IMMT,8,8,8,8,multi
IMPA1,16,16,16,16,multi
IMPACT,11,11,11,11,multi
INO80C,5,5,5,5,multi
INTS5,18,18,18,18,multi
IQCA1,5,5,5,5,multi
IQCC,11,11,11,11,multi
IQGAP1,5,5,5,5,multi
IQSEC2,8,8,8,8,multi
IREB2,8,8,8,8,multi
IRF2BP2,17,17,17,17,multi
IRF3,17,17,17,17,multi
IRF5,4,4,4,4,specific
IRS2,6,6,6,6,multi
ISCA1,3,3,3,3,specific
ISOC1,5,5,5,5,multi
ITCH,8,8,8,8,multi
ITFG2,11,11,11,11,multi
ITGA1,4,4,4,4,specific
ITGAV,8,8,8,8,multi
ITGB1,9,9,9,9,multi
ITGB8,4,4,4,4,specific
JAKMIP3,2,2,2,2,specific
KALRN,10,10,10,10,multi
KANSL2,8,8,8,8,multi
KBTBD3,9,9,9,9,multi
KCNA3,3,3,3,3,specific
KCND3,4,4,4,4,specific
KCNIP1,5,5,5,5,multi
KCNJ2,5,5,5,5,multi
KCNMA1,6,6,6,6,multi
KCTD10,5,5,5,5,multi
KCTD13,14,14,14,14,multi
KCTD2,7,7,7,7,multi
KCTD20,17,17,17,17,multi
KDR,10,10,10,10,multi
KIAA0232,12,12,12,12,multi
KIAA0825,10,10,10,10,multi
KIAA1549,3,3,3,3,specific
KIAA1755,6,6,6,6,multi
KIF1B,5,5,5,5,multi
KIF21A,8,8,8,8,multi
KIF26B,5,5,5,5,multi
KIF27,6,6,6,6,multi
KIF2A,8,8,8,8,multi
KIF5B,9,9,9,9,multi
KIF5C,7,7,7,7,multi
KIFC2,10,10,10,10,multi
KIT,5,5,5,5,multi
KLHL13,14,14,14,14,multi
KLHL17,12,12,12,12,multi
KLHL5,12,12,12,12,multi
KPNA1,11,11,11,11,multi
KPNA3,9,9,9,9,multi
KPNA4,9,9,9,9,multi
KPNB1,12,12,12,12,multi
KRI1,19,19,19,19,multi
L3MBTL4,3,3,3,3,specific
LAMTOR2,12,12,12,12,multi
LANCL1,6,6,6,6,multi
LAP3,2,2,2,2,specific
LARP1,4,4,4,4,specific
LARP1B,9,9,9,9,multi
LBR,8,8,8,8,multi
LEMD2,8,8,8,8,multi
LGR6,3,3,3,3,specific
LIME1,10,10,10,10,multi
LIMS3,2,2,2,2,specific
LIMS4,14,14,14,14,multi
LIPG,8,8,8,8,multi
LIX1,3,3,3,3,specific
LMAN2L,20,20,20,20,multi
LMBR1,5,5,5,5,multi
LOXL2,5,5,5,5,multi
LPGAT1,4,4,4,4,specific
LRCH3,8,8,8,8,multi
LRCH4,14,14,14,14,multi
LRIF1,10,10,10,10,multi
LRIG2,6,6,6,6,multi
LRR1,4,4,4,4,specific
LRRC3,5,5,5,5,multi
LRRC3B,5,5,5,5,multi
LRRC40,28,28,28,28,multi
LRRC45,15,15,15,15,multi
LRRC7,3,3,3,3,specific
LRRC8D,12,12,12,12,multi
LSM14B,8,8,8,8,multi
LTN1,8,8,8,8,multi
LYRM7,7,7,7,7,multi
LYSMD3,6,6,6,6,multi
LZIC,11,11,11,11,multi
MAD1L1,10,10,10,10,multi
MAML2,5,4,5,5,specific
MAN2B1,11,11,11,11,multi
MAP2K4,9,9,9,9,multi
MAP3K10,19,19,19,19,multi
MAP3K15,7,7,7,7,multi
MAP3K20,8,8,8,8,multi
MAP4K5,15,15,15,15,multi
MAPK1,5,5,5,5,multi
MAT2A,12,12,12,12,multi
MBD1,22,22,22,22,multi
MCM6,10,10,10,10,multi
MCOLN1,24,24,24,24,multi
MDM2,12,12,12,12,multi
MED1,7,7,7,7,multi
MED12L,3,3,3,3,specific
MED15,15,15,15,15,multi
MED4,8,8,8,8,multi
MEF2A,11,11,11,11,multi
METTL14,9,9,9,9,multi
METTL6,14,14,14,14,multi
MFSD14A,9,9,9,9,multi
MFSD3,13,13,13,13,multi
MIB1,6,6,6,6,multi
MICAL1,15,15,15,15,multi
MID1,6,6,6,6,multi
MID2,5,5,5,5,multi
MIEF2,16,16,16,16,multi
MIER3,8,8,8,8,multi
MIGA1,8,8,8,8,multi
MIGA2,15,15,15,15,multi
MIIP,15,15,15,15,multi
MIOS,15,15,15,15,multi
MIR186,5,5,5,5,multi
MLX,6,6,6,6,multi
MLYCD,12,12,12,12,multi
MORC3,10,10,10,10,multi
MORN5,2,2,2,2,specific
MPDZ,11,11,11,11,multi
MPPED2,5,5,5,5,multi
MPST,12,12,12,12,multi
MPZL1,12,11,12,12,multi
MRPL11,12,12,12,12,multi
MRPL27,9,9,9,9,multi
MRPL51,10,10,10,10,multi
MRPL9,6,6,6,6,multi
MRPS11,14,14,14,14,multi
MRPS12,18,18,18,18,multi
MSANTD4,8,8,8,8,multi
MT-ND6,4,4,4,4,specific
MTA3,13,13,13,13,multi
MTCH1,9,9,9,9,multi
MTFR1,6,6,6,6,multi
MTMR10,8,8,8,8,multi
MTMR12,5,5,5,5,multi
MTMR6,16,16,16,16,multi
MYOF,5,5,5,5,multi
MZF1,13,13,13,13,multi
N4BP2,9,9,9,9,multi
NAA10,14,14,14,14,multi
NABP2,15,15,15,15,multi
NACC1,14,14,14,14,multi
NADSYN1,19,19,19,19,multi
NAE1,17,17,17,17,multi
NAF1,9,9,9,9,multi
NAGK,25,25,25,25,multi
NAMPT,18,18,18,18,multi
NAP1L4,17,17,17,17,multi
NARF,13,13,13,13,multi
NCKAP1,8,8,8,8,multi
NCOA3,5,5,5,5,multi
NCOA4,6,6,6,6,multi
NDRG3,13,13,13,13,multi
NDUFA11,15,15,15,15,multi
NDUFA5,8,8,8,8,multi
NDUFB11,12,12,12,12,multi
NDUFS1,15,15,15,15,multi
NDUFS6,11,11,11,11,multi
NEK1,8,8,8,8,multi
NEK9,9,9,9,9,multi
NELFB,17,17,17,17,multi
NEO1,4,4,4,4,specific
NEPRO,18,18,18,18,multi
NFIL3,34,34,34,34,ubiquitous
NFKBIB,16,16,16,16,multi
NFX1,6,6,6,6,multi
NID1,5,5,5,5,multi
NKD2,5,5,5,5,multi
NLE1,18,18,18,18,multi
NLK,5,5,5,5,multi
NMT1,10,10,10,10,multi
NMT2,7,7,7,7,multi
NNT,3,3,3,3,specific
NOC3L,10,10,10,10,multi
NOS3,13,13,13,13,multi
NPAS2,24,24,24,24,multi
NPR3,2,2,2,2,specific
NPRL2,12,12,12,12,multi
NR1D1,34,34,34,34,ubiquitous
NR1D2,39,39,39,39,ubiquitous
NR1H3,12,12,12,12,multi
NRIP1,5,5,5,5,multi
NRK,6,6,6,6,multi
NRSN2,3,3,3,3,specific
NSMCE1,8,8,8,8,multi
NSRP1,8,8,8,8,multi
NSUN5,20,20,20,20,multi
NSUN7,6,6,6,6,multi
NT5DC2,9,9,9,9,multi
NTM,4,4,4,4,specific
NTNG1,3,3,3,3,specific
NTSR1,3,3,3,3,specific
NUBP2,17,17,17,17,multi
NUCKS1,10,10,10,10,multi
NUDT5,8,8,8,8,multi
NUP107,21,21,21,21,multi
NUP54,13,13,13,13,multi
NXPH2,4,4,4,4,specific
OAT,8,7,8,8,multi
OCEL1,9,9,9,9,multi
OCRL,7,7,7,7,multi
OGDHL,8,8,8,8,multi
OGFRL1,7,7,7,7,multi
OSBPL8,6,6,6,6,multi
OXSR1,7,7,7,7,multi
P3H4,12,12,12,12,multi
P4HTM,19,19,19,19,multi
PACRGL,6,6,6,6,multi
PAM,5,5,5,5,multi
PAN3,8,8,8,8,multi
PANK4,20,20,20,20,multi
PANX1,4,4,4,4,specific
PAPOLG,6,6,6,6,multi
PARG,7,7,7,7,multi
PARN,4,4,4,4,specific
PARP16,5,5,5,5,multi
PARVA,8,8,8,8,multi
PARVB,8,8,8,8,multi
PAXIP1,5,5,5,5,multi
PBRM1,4,4,4,4,specific
PCDH10,3,3,3,3,specific
PCDH7,6,6,6,6,multi
PCGF6,14,14,14,14,multi
PCM1,8,8,8,8,multi
PCNX4,7,7,7,7,multi
PCP4,6,6,6,6,multi
PCYOX1,6,6,6,6,multi
PDE11A,2,2,2,2,specific
PDE1C,10,10,10,10,multi
PDE4D,7,7,7,7,multi
PDGFA,10,10,10,10,multi
PDGFC,7,7,7,7,multi
PDPN,2,2,2,2,specific
PER1,44,44,44,44,ubiquitous
PER2,38,38,38,38,ubiquitous
PER3,37,37,37,37,ubiquitous
PEX2,16,16,16,16,multi
PEX6,25,25,25,25,multi
PGBD4,6,6,6,6,multi
PGM5,4,4,4,4,specific
PGP,7,7,7,7,multi
PGS1,13,13,13,13,multi
PHACTR2,9,9,9,9,multi
PHACTR3,4,4,4,4,specific
PHACTR4,6,6,6,6,multi
PHC3,7,7,7,7,multi
PHF5A,8,8,8,8,multi
PHF6,7,7,7,7,multi
PHTF2,16,16,16,16,multi
PHYHD1,8,8,8,8,multi
PIAS4,14,14,14,14,multi
PIDD1,16,16,16,16,multi
PIK3CG,6,6,6,6,multi
PISD,18,18,18,18,multi
PITPNB,11,11,11,11,multi
PITRM1,6,6,6,6,multi
PJA2,7,7,7,7,multi
PLA2G1B,4,4,4,4,specific
PLA2R1,12,12,12,12,multi
PLAA,16,16,16,16,multi
PLAUR,6,6,6,6,multi
PLEKHG3,13,13,13,13,multi
PLEKHJ1,19,19,19,19,multi
PLEKHM1,18,18,18,18,multi
PLEKHM2,16,16,16,16,multi
PLPP7,9,9,9,9,multi
PLTP,20,20,20,20,multi
PMPCA,12,12,12,12,multi
PMVK,15,15,15,15,multi
PNKP,9,9,9,9,multi
PNPLA6,20,20,20,20,multi
POLR1B,7,7,7,7,multi
POLR2B,9,9,9,9,multi
POLR2F,18,18,18,18,multi
POSTN,6,6,6,6,multi
POT1,11,11,11,11,multi
PPAN,2,2,2,2,specific
PPAN-P2RY11,8,8,8,8,multi
PPARGC1A,5,5,5,5,multi
PPFIA1,6,6,6,6,multi
PPFIA3,9,9,9,9,multi
PPHLN1,20,20,20,20,multi
PPIL4,16,16,16,16,multi
PPP1R12A,10,10,10,10,multi
PPP1R12B,7,7,7,7,multi
PPP1R2,15,15,15,15,multi
PPP1R2B,2,2,2,2,specific
PPP1R3B,4,4,4,4,specific
PPP2R3A,11,11,11,11,multi
PPT1,15,15,15,15,multi
PREPL,6,6,6,6,multi
PRKACB,8,8,8,8,multi
PRKAR1A,10,10,10,10,multi
PRKAR2A,6,6,6,6,multi
PRKCB,3,3,3,3,specific
PRKG1,6,6,6,6,multi
PRKN,5,5,5,5,multi
PROK1,2,2,2,2,specific
PROS1,8,8,8,8,multi
PRPF31,16,16,16,16,multi
PRPF6,19,19,19,19,multi
PRSS23,7,7,7,7,multi
PRUNE2,5,5,5,5,multi
PSMA7,8,8,8,8,multi
PSMC5,11,11,11,11,multi
PSMD13,13,13,13,13,multi
PSMD9,10,10,10,10,multi
PSMG4,3,3,3,3,specific
PSTPIP2,6,6,6,6,multi
PTBP2,9,9,9,9,multi
PTCD2,7,7,7,7,multi
PTPN11,8,8,8,8,multi
PUS3,9,9,9,9,multi
PUS7L,14,14,14,14,multi
PYCARD,6,6,6,6,multi
PYURF,8,8,8,8,multi
QPCT,4,4,4,4,specific
QRSL1,8,8,8,8,multi
RAB12,7,7,7,7,multi
RAB26,6,6,6,6,multi
RAB3B,2,2,2,2,specific
RAB4A,5,5,5,5,multi
RAB5A,14,14,14,14,multi
RAB5C,13,13,13,13,multi
RAB9B,5,5,5,5,multi
RABAC1,12,12,12,12,multi
RABEP2,18,18,18,18,multi
RABGGTA,15,15,15,15,multi
RABL6,19,19,19,19,multi
RAD17,9,9,9,9,multi
RAD23B,7,7,7,7,multi
RAD50,5,5,5,5,multi
RALGAPA1,7,7,7,7,multi
RAMP2,7,7,7,7,multi
RANBP2,9,9,9,9,multi
RANBP9,10,10,10,10,multi
RANGAP1,16,16,16,16,multi
RAP1GDS1,8,8,8,8,multi
RARG,12,12,12,12,multi
RARS2,11,11,11,11,multi
RASL11A,10,10,10,10,multi
RASSF1,9,9,9,9,multi
RASSF7,13,13,13,13,multi
RBM10,21,21,21,21,multi
RBM14,25,25,25,25,multi
RBM28,11,11,11,11,multi
RBM4,21,21,21,21,multi
RBM41,7,7,7,7,multi
RBM42,17,17,17,17,multi
RBM43,15,15,15,15,multi
RBPJ,5,5,5,5,multi
RCC1L,9,9,9,9,multi
RDH14,5,5,5,5,multi
RDX,14,14,14,14,multi
REEP3,8,8,8,8,multi
REL,3,3,3,3,specific
REV3L,7,7,7,7,multi
REXO4,15,15,15,15,multi
RFXANK,16,16,16,16,multi
RIMS2,6,6,6,6,multi
RIT1,11,11,11,11,multi
RNASEH2C,13,13,13,13,multi
RNF167,13,13,13,13,multi
RNF24,5,5,5,5,multi
RNMT,15,15,15,15,multi
RNPS1,11,11,11,11,multi
ROGDI,11,11,11,11,multi
RPA2,10,10,10,10,multi
RPAP1,14,14,14,14,multi
RPAP3,12,12,12,12,multi
RPL19,20,20,20,20,multi
RPLP2,12,12,12,12,multi
RPPH1-3P,5,5,5,5,multi
RPS11,12,12,12,12,multi
RPS19,16,16,16,16,multi
RPS19BP1,17,17,17,17,multi
RPS6KA3,10,10,10,10,multi
RPS6KC1,6,6,6,6,multi
RRP1,14,14,14,14,multi
RTEL1,4,4,4,4,specific
RTEL1-TNFRSF6B,27,27,27,27,multi
RTN4,7,7,7,7,multi
RUFY2,7,7,7,7,multi
S100A13,7,7,7,7,multi
SAMD11,11,11,11,11,multi
SBF2,8,8,8,8,multi
SCAF11,13,13,13,13,multi
SCAF8,7,7,7,7,multi
SCAMP1,10,10,10,10,multi
SCRIB,13,13,13,13,multi
SCTR,3,3,3,3,specific
SCYL1,21,21,21,21,multi
SCYL2,11,11,11,11,multi
SEC22C,9,9,9,9,multi
SEC23A,12,12,12,12,multi
SEC24B,5,5,5,5,multi
SEC31A,6,6,6,6,multi
SEC61B,11,11,11,11,multi
SENP3,16,16,16,16,multi
SENP3-EIF4A1,2,2,2,2,specific
SET,2,2,2,2,specific
SF3B1,13,13,13,13,multi
SGMS2,5,5,5,5,multi
SGTA,16,16,16,16,multi
SH2D5,5,5,5,5,multi
SH3BP5L,18,18,18,18,multi
SH3D19,9,9,9,9,multi
SH3GLB1,13,13,13,13,multi
SH3RF1,4,4,4,4,specific
SHARPIN,20,20,20,20,multi
SIGLEC8,4,4,4,4,specific
SIM2,2,2,2,2,specific
SIRT2,15,15,15,15,multi
SKAP2,7,7,7,7,multi
SLC18B1,17,17,17,17,multi
SLC25A12,6,6,6,6,multi
SLC25A40,10,10,10,10,multi
SLC2A8,14,14,14,14,multi
SLC35B4,6,6,6,6,multi
SLC37A3,4,4,4,4,specific
SLC38A1,6,6,6,6,multi
SLC38A3,7,7,7,7,multi
SLC39A13,16,15,16,16,multi
SLC39A3,13,13,13,13,multi
SLC39A6,7,7,7,7,multi
SLC3A2,14,14,14,14,multi
SLC4A7,6,6,6,6,multi
SLC7A7,5,5,5,5,multi
SLC9B2,6,6,6,6,multi
SLK,8,8,8,8,multi
SLU7,4,4,4,4,specific
SMAD1,3,3,3,3,specific
SMAD6,11,11,11,11,multi
SMARCA1,12,12,12,12,multi
SMARCAD1,7,7,7,7,multi
SMARCD2,13,13,13,13,multi
SMIM12,12,12,12,12,multi
SMIM5,5,5,5,5,multi
SNF8,13,13,13,13,multi
SNORD116,4,4,4,4,specific
SNORD116-1,2,2,2,2,specific
SNORD116-10,2,2,2,2,specific
SNORD116-11,2,2,2,2,specific
SNORD116-12,2,2,2,2,specific
SNORD116-13,2,2,2,2,specific
SNORD116-14,2,2,2,2,specific
SNORD116-15,2,2,2,2,specific
SNORD116-16,2,2,2,2,specific
SNORD116-17,2,2,2,2,specific
SNORD116-18,2,2,2,2,specific
SNORD116-19,2,2,2,2,specific
SNORD116-2,2,2,2,2,specific
SNORD116-20,2,2,2,2,specific
SNORD116-22,2,2,2,2,specific
SNORD116-23,2,2,2,2,specific
SNORD116-24,2,2,2,2,specific
SNORD116-25,2,2,2,2,specific
SNORD116-26,2,2,2,2,specific
SNORD116-27,2,2,2,2,specific
SNORD116-29,2,2,2,2,specific
SNORD116-3,2,2,2,2,specific
SNORD116-4,2,2,2,2,specific
SNORD116-5,2,2,2,2,specific
SNORD116-6,2,2,2,2,specific
SNORD116-7,2,2,2,2,specific
SNORD116-8,2,2,2,2,specific
SNORD116-9,2,2,2,2,specific
SNRPC,7,7,7,7,multi
SNX13,11,11,11,11,multi
SNX14,15,15,15,15,multi
SNX17,7,7,7,7,multi
SOCS4,10,10,10,10,multi
SPATS1,3,3,3,3,specific
SPDL1,10,10,10,10,multi
SPG11,15,15,15,15,multi
SPIN1,7,7,7,7,multi
SPNS1,17,17,17,17,multi
SPOP,4,4,4,4,specific
SPOUT1,26,26,26,26,multi
SPPL2A,6,6,6,6,multi
SPPL3,4,4,4,4,specific
SPR,21,21,21,21,multi
SPRYD3,7,7,7,7,multi
SPSB3,24,23,24,24,multi
SPTBN2,7,7,7,7,multi
SRFBP1,11,10,11,11,multi
SRP54,19,19,19,19,multi
SRRM1,2,2,2,2,specific
SRRT,16,16,16,16,multi
SRSF5,8,8,8,8,multi
SSH3,13,13,13,13,multi
SSNA1,16,16,16,16,multi
SSU72,10,10,10,10,multi
STAU1,5,5,5,5,multi
STAU2,11,11,11,11,multi
STK25,19,19,19,19,multi
STRAP,8,8,8,8,multi
STRBP,5,5,5,5,multi
STRN3,16,16,16,16,multi
STUM,5,5,5,5,multi
STX12,7,7,7,7,multi
STX4,10,10,10,10,multi
SUMO1,14,14,14,14,multi
SUV39H1,10,10,10,10,multi
SUZ12,9,9,9,9,multi
SYMPK,19,19,19,19,multi
SYNPO2,4,4,4,4,specific
TAF2,5,5,5,5,multi
TALDO1,8,8,8,8,multi
TANC2,5,5,5,5,multi
TANK,11,11,11,11,multi
TAOK1,5,5,5,5,multi
TAS1R3,6,6,6,6,multi
TBC1D19,10,10,10,10,multi
TBCCD1,6,6,6,6,multi
TBL3,18,17,18,18,multi
TCEAL2,7,7,7,7,multi
TCERG1,18,18,18,18,multi
TCF20,5,5,5,5,multi
TCIRG1,16,16,16,16,multi
TCOF1,19,19,19,19,multi
TCTA,4,4,4,4,specific
TEAD1,6,6,6,6,multi
TEF,25,25,25,25,multi
TEP1,6,6,6,6,multi
TET2,6,6,6,6,multi
TFAP4,8,8,8,8,multi
TGFBR1,7,7,7,7,multi
TGS1,11,11,11,11,multi
THAP4,21,21,21,21,multi
THAP5,8,8,8,8,multi
THOC2,9,9,9,9,multi
THOP1,18,18,18,18,multi
TIMM29,15,15,15,15,multi
TIPRL,6,6,6,6,multi
TKTL1,2,2,2,2,specific
TLE1,15,15,15,15,multi
TM6SF1,3,3,3,3,specific
TM9SF1,12,12,12,12,multi
TMCO3,5,5,5,5,multi
TMCO4,6,6,6,6,multi
TMEM115,19,19,19,19,multi
TMEM123,6,6,6,6,multi
TMEM131,7,7,7,7,multi
TMEM185A,3,3,3,3,specific
TMEM19,11,11,11,11,multi
TMEM200B,5,5,5,5,multi
TMEM204,7,7,7,7,multi
TMEM237,11,11,11,11,multi
TMEM25,11,11,11,11,multi
TMEM256,2,2,2,2,specific
TMEM256-PLSCR3,11,11,11,11,multi
TMEM258,11,11,11,11,multi
TMEM266,4,4,4,4,specific
TMEM39B,17,17,17,17,multi
TMEM50B,13,13,13,13,multi
TMIGD3,14,14,14,14,multi
TMLHE,9,9,9,9,multi
TNFRSF25,8,8,8,8,multi
TNIK,9,9,9,9,multi
TNIP2,7,7,7,7,multi
TNPO1,9,9,9,9,multi
TOLLIP,12,12,12,12,multi
TOMM6,10,10,10,10,multi
TP53I13,14,14,14,14,multi
TP73,3,3,3,3,specific
TPBG,10,10,10,10,multi
TPM1,4,4,4,4,specific
TPSD1,2,2,2,2,specific
TRA2A,14,14,14,14,multi
TRAF5,4,4,4,4,specific
TRAM1L1,5,5,5,5,multi
TRAPPC11,13,13,13,13,multi
TRDMT1,11,11,11,11,multi
TRIM28,24,24,24,24,multi
TRIM3,18,18,18,18,multi
TRIM37,12,12,12,12,multi
TRIM41,15,15,15,15,multi
TRIM44,8,8,8,8,multi
TRMT1,26,26,26,26,multi
TRMU,5,5,5,5,multi
TRPC1,7,7,7,7,multi
TSNAX,11,11,11,11,multi
TSPAN5,4,4,4,4,specific
TSR1,9,9,9,9,multi
TSR3,17,17,17,17,multi
TSSK6,7,7,7,7,multi
TSTD2,9,9,9,9,multi
TTC3,8,8,8,8,multi
TTC30A,5,5,5,5,multi
TUBGCP2,20,20,20,20,multi
TUBGCP5,8,8,8,8,multi
TWIST2,3,3,3,3,specific
TXNRD3,9,9,9,9,multi
UBA1,21,21,21,21,multi
UBA3,15,15,15,15,multi
UBA6,8,8,8,8,multi
UBD,2,2,2,2,specific
UBE2A,11,11,11,11,multi
UBE2F,6,6,6,6,multi
UBE2G1,10,10,10,10,multi
UBE2H,10,10,10,10,multi
UBE2J1,11,11,11,11,multi
UBE2J2,12,12,12,12,multi
UBE2Q2,14,14,14,14,multi
UBE3C,6,6,6,6,multi
UBR1,8,8,8,8,multi
UBR3,15,15,15,15,multi
UBTF,20,20,20,20,multi
UBXN1,15,15,15,15,multi
UFL1,17,17,17,17,multi
USF1,15,15,15,15,multi
USF3,8,8,8,8,multi
USP1,7,7,7,7,multi
USP10,4,4,4,4,specific
USP14,12,12,12,12,multi
USP21,20,20,20,20,multi
USP28,7,7,7,7,multi
USP33,12,12,12,12,multi
USP38,13,13,13,13,multi
USP4,14,14,14,14,multi
USP49,6,6,6,6,multi
USP9X,11,11,11,11,multi
USPL1,13,13,13,13,multi
UTP15,14,14,14,14,multi
VAMP7,9,9,9,9,multi
VASN,5,5,5,5,multi
VEZF1,5,5,5,5,multi
VKORC1L1,5,5,5,5,multi
VLDLR,5,5,5,5,multi
VPS13D,5,5,5,5,multi
VPS18,12,12,12,12,multi
VPS26B,10,10,10,10,multi
VPS35,9,9,9,9,multi
VPS8,8,8,8,8,multi
VWA8,10,10,10,10,multi
WDR26,8,8,8,8,multi
WDR4,11,11,11,11,multi
WDR43,13,13,13,13,multi
WDR44,9,9,9,9,multi
WDR45,20,20,20,20,multi
WDR45B,2,2,2,2,specific
WDR5,7,7,7,7,multi
WDR70,5,5,5,5,multi
WEE1,4,4,4,4,specific
WRAP53,17,17,17,17,multi
WRN,11,11,11,11,multi
WSB1,7,7,7,7,multi
XAB2,23,23,23,23,multi
YEATS2,8,8,8,8,multi
YIPF2,19,19,19,19,multi
YIPF6,5,5,5,5,multi
YJU2B,15,15,15,15,multi
YME1L1,13,13,13,13,multi
YRDC,5,5,5,5,multi
YTHDC1,10,10,10,10,multi
ZBTB7A,11,11,11,11,multi
ZC3H18,11,11,11,11,multi
ZDBF2,7,7,7,7,multi
ZDHHC24,7,7,7,7,multi
ZFP3,6,6,6,6,multi
ZFP91-CNTF,6,6,6,6,multi
ZGPAT,18,18,18,18,multi
ZHX1,10,10,10,10,multi
ZKSCAN5,5,5,5,5,multi
ZMIZ2,12,12,12,12,multi
ZMYM2,7,7,7,7,multi
ZMYM4,7,7,7,7,multi
ZMYM6,7,7,7,7,multi
ZNF131,7,7,7,7,multi
ZNF14,7,7,7,7,multi
ZNF148,9,9,9,9,multi
ZNF189,7,7,7,7,multi
ZNF197,6,6,6,6,multi
ZNF207,13,13,13,13,multi
ZNF213,9,9,9,9,multi
ZNF229,6,6,6,6,multi
ZNF23,8,8,8,8,multi
ZNF280C,9,9,9,9,multi
ZNF281,7,7,7,7,multi
ZNF287,11,11,11,11,multi
ZNF341,17,17,17,17,multi
ZNF397,7,7,7,7,multi
ZNF408,20,20,20,20,multi
ZNF503,5,5,5,5,multi
ZNF526,12,12,12,12,multi
ZNF549,4,4,4,4,specific
ZNF598,14,14,14,14,multi
ZNF599,6,6,6,6,multi
ZNF622,8,8,8,8,multi
ZNF639,13,13,13,13,multi
ZNF641,5,5,5,5,multi
ZNF644,11,11,11,11,multi
ZNF654,10,10,10,10,multi
ZNF668,13,13,13,13,multi
ZNF669,4,4,4,4,specific
ZNF674,5,5,5,5,multi
ZNF74,12,12,12,12,multi
ZNF75A,6,6,6,6,multi
ZNF778,7,7,7,7,multi
ZNF784,4,4,4,4,specific
ZNF800,7,7,7,7,multi
ZNF827,5,5,5,5,multi
ZNF83,4,4,4,4,specific
ZNHIT2,9,9,9,9,multi
ZNHIT6,7,7,7,7,multi
ZP1,2,2,2,2,specific
ZRANB1,7,7,7,7,multi
ZSWIM4,10,10,10,10,multi
ZZZ3,11,11,11,11,multi
ABI3,5,5,5,5,multi
ACAA1,11,11,11,11,multi
ACOT1,4,4,4,4,specific
ADRA2B,4,4,4,4,specific
AKR1C8P,7,7,7,7,multi
ANKRD1,5,5,5,5,multi
ANKRD16,6,6,6,6,multi
ANPEP,3,3,3,3,specific
ARID3C,1,1,1,1,specific
ARL11,3,3,3,3,specific
ARSF,2,2,2,2,specific
ASB1,9,9,9,9,multi
ATIC,1,1,1,1,specific
BACH2,5,5,5,5,multi
BCL6B,8,8,8,8,multi
BID,8,8,8,8,multi
C1orf159,7,7,7,7,multi
CA4,12,12,12,12,multi
CAGE1,2,2,2,2,specific
CAPN1,16,16,16,16,multi
CCM2L,3,3,3,3,specific
CD177,3,3,3,3,specific
CD226,2,2,2,2,specific
CD300LF,3,3,3,3,specific
CD3E,1,1,1,1,specific
CDC14B,4,4,4,4,specific
CEP290,8,7,8,8,multi
CGRRF1,5,5,5,5,multi
CHADL,11,11,11,11,multi
CHMP4C,7,7,7,7,multi
CLEC5A,8,8,8,8,multi
CLRN2,1,1,1,1,specific
CORO2A,3,3,3,3,specific
CRY2,24,24,24,24,multi
CXCL11,8,8,8,8,multi
CYP4F22,3,3,3,3,specific
DBNL,16,16,16,16,multi
DHRS9,5,5,5,5,multi
DNAJB1,17,17,17,17,multi
DRD4,1,1,1,1,specific
DSG3,1,1,1,1,specific
EEF1D,14,14,14,14,multi
EPHB1,3,3,3,3,specific
EPHB4,8,8,8,8,multi
ERAP2,2,2,2,2,specific
ESR1,4,4,4,4,specific
ETNPPL,3,3,3,3,specific
F5,1,1,1,1,specific
FAAH2,4,4,4,4,specific
FAM162B,4,4,4,4,specific
FBXO32,5,5,5,5,multi
FBXO7,4,4,4,4,specific
FRAT1,1,1,1,1,specific
FST,3,3,3,3,specific
GAS1,2,2,2,2,specific
GLI1,2,2,2,2,specific
GPR39,2,2,2,2,specific
GRIN2C,5,5,5,5,multi
HERC5,7,7,7,7,multi
HNRNPH3,5,5,5,5,multi
HSPA5,18,18,18,18,multi
HYAL2,15,15,15,15,multi
ICAM2,4,4,4,4,specific
IFNAR2,7,7,7,7,multi
IL15RA,3,3,3,3,specific
IL18R1,6,6,6,6,multi
IL1R2,2,2,2,2,specific
INTS2,6,6,6,6,multi
INTS8,4,4,4,4,specific
ITPRIP,3,3,3,3,specific
JAML,1,1,1,1,specific
KDM1B,9,9,9,9,multi
KLF2,6,6,6,6,multi
KNSTRN,3,3,3,3,specific
KREMEN1,5,5,5,5,multi
KRT2,4,4,4,4,specific
LFNG,10,10,10,10,multi
LHFPL2,4,4,4,4,specific
LHFPL4,3,3,3,3,specific
LPAR5,2,2,2,2,specific
LPP,4,4,4,4,specific
LRP11,7,7,7,7,multi
LSR,16,16,16,16,multi
LYPD3,5,5,5,5,multi
LYPD6,2,2,2,2,specific
MAFB,6,6,6,6,multi
MAPK3,13,13,13,13,multi
MARCKS,11,11,11,11,multi
MDM1,8,8,8,8,multi
MFGE8,9,9,9,9,multi
MFSD2A,8,8,8,8,multi
MMP28,5,5,5,5,multi
MSX2,3,3,3,3,specific
MTHFD1L,5,5,5,5,multi
MYH15,1,1,1,1,specific
MYH9,4,4,4,4,specific
NAGA,4,4,4,4,specific
NR0B1,2,2,2,2,specific
NRROS,3,3,3,3,specific
NRTN,5,5,5,5,multi
NT5C3A,10,10,10,10,multi
NUBP1,8,8,8,8,multi
OAS3,3,3,3,3,specific
OTOA,3,3,3,3,specific
OXA1L,7,7,7,7,multi
PARP11,4,4,4,4,specific
PARP14,4,4,4,4,specific
PDIA6,10,10,10,10,multi
POU3F1,1,1,1,1,specific
PPP1R1B,6,6,6,6,multi
PPP1R36,1,1,1,1,specific
PRF1,4,4,4,4,specific
PRICKLE4,8,8,8,8,multi
PROSER2,6,6,6,6,multi
PTX3,4,4,4,4,specific
QTRT2,10,10,10,10,multi
RFC4,2,2,2,2,specific
RGMA,5,5,5,5,multi
RGS16,5,5,5,5,multi
RNF20,2,2,2,2,specific
RPP30,18,18,18,18,multi
SCEL,3,3,3,3,specific
SEL1L3,2,2,2,2,specific
SERTAD2,7,7,7,7,multi
SLC13A4,2,2,2,2,specific
SLC13A5,4,4,4,4,specific
SLC1A5,6,6,6,6,multi
SLC25A24,5,5,5,5,multi
SLC25A5,2,2,2,2,specific
SLC35B2,7,7,7,7,multi
SLC38A5,6,6,6,6,multi
SLC9A8,14,14,14,14,multi
SLCO1C1,5,5,5,5,multi
SLFN12L,1,1,1,1,specific
SLPI,1,1,1,1,specific
SOX17,4,4,4,4,specific
SPNS3,3,3,3,3,specific
SREBF1,7,7,7,7,multi
ST6GALNAC5,2,2,2,2,specific
STAT5A,9,9,9,9,multi
STAT5B,3,3,3,3,specific
SYTL1,6,6,6,6,multi
TCEA3,7,7,7,7,multi
TCF15,3,3,3,3,specific
TCN2,8,8,8,8,multi
TEPP,3,3,3,3,specific
TFAP2E,2,2,2,2,specific
TFIP11,16,16,16,16,multi
THAP10,7,7,7,7,multi
THTPA,12,12,12,12,multi
TIE1,9,9,9,9,multi
TINAGL1,7,7,7,7,multi
TINF2,3,3,3,3,specific
TMEM230,3,3,3,3,specific
TP53I3,2,2,2,2,specific
TRIM29,5,5,5,5,multi
TRIM63,10,10,10,10,multi
TRPV4,3,3,3,3,specific
TSPAN4,15,15,15,15,multi
TXNDC11,7,7,7,7,multi
TYMS,10,10,10,10,multi
UCP2,2,2,2,2,specific
UFSP1,1,1,1,1,specific
UNC93B1,9,9,9,9,multi
WNT7B,8,8,8,8,multi
ZBTB8A,3,3,3,3,specific
ZC3HAV1,2,2,2,2,specific
ZDHHC13,2,2,2,2,specific
ZKSCAN3,4,4,4,4,specific
AAK1,3,3,3,3,specific
AASS,6,6,6,6,multi
AATK,11,11,11,11,multi
ABAT,2,2,2,2,specific
ABCA5,6,6,6,6,multi
ABHD14B,9,9,9,9,multi
ACACB,6,6,6,6,multi
ACADS,12,12,12,12,multi
ACBD7,4,4,4,4,specific
ACOX1,2,2,2,2,specific
ACOX2,5,5,5,5,multi
ACSF2,8,8,8,8,multi
ACSM3,1,1,1,1,specific
ACSM5,4,4,4,4,specific
ACSS1,9,9,9,9,multi
ACTG2,1,1,1,1,specific
ACVR1B,5,5,5,5,multi
ACVR2B,5,5,5,5,multi
ADCK5,13,13,13,13,multi
ADCY6,9,9,9,9,multi
ADGRA3,4,4,4,4,specific
ADGRF3,3,3,3,3,specific
ADGRG1,15,15,15,15,multi
ADGRG6,7,7,7,7,multi
ADGRL1,10,10,10,10,multi
ADIPOR1,5,5,5,5,multi
ADIPOR2,3,3,3,3,specific
ADNP2,6,6,6,6,multi
ADPRH,7,7,7,7,multi
AFDN,4,4,4,4,specific
AFTPH,6,6,6,6,multi
AGBL5,8,8,8,8,multi
AGO4,6,6,6,6,multi
AGPAT5,6,6,6,6,multi
AHCYL1,7,7,7,7,multi
AK2,2,2,2,2,specific
AKAP1,7,7,7,7,multi
AKAP9,5,5,5,5,multi
ALDH18A1,3,3,3,3,specific
ALDH5A1,1,1,1,1,specific
ALDH6A1,4,4,4,4,specific
ALG10,1,1,1,1,specific
ALG10B,8,8,8,8,multi
ALG5,13,13,13,13,multi
AMDHD2,13,13,13,13,multi
AMER1,5,5,5,5,multi
AMIGO1,3,3,3,3,specific
AMOTL2,10,10,10,10,multi
AMY1A,5,5,5,5,multi
AMY1B,1,1,1,1,specific
AMY1C,1,1,1,1,specific
AMY2A,1,1,1,1,specific
AMY2B,1,1,1,1,specific
ANK1,3,3,3,3,specific
ANK3,8,8,8,8,multi
ANKH,7,7,7,7,multi
ANKRD2,1,1,1,1,specific
ANKRD46,4,4,4,4,specific
ANKRD52,6,6,6,6,multi
ANKZF1,10,10,10,10,multi
ANO10,2,2,2,2,specific
ANO3,3,3,3,3,specific
ANXA1,3,3,3,3,specific
ANXA5,4,4,4,4,specific
ANXA7,2,2,2,2,specific
AP3B1,4,4,4,4,specific
AP5Z1,17,17,17,17,multi
APP,6,6,6,6,multi
APTX,2,2,2,2,specific
ARAP1,9,9,9,9,multi
ARAP3,9,9,9,9,multi
AREG,1,1,1,1,specific
ARFGEF2,2,2,2,2,specific
ARHGAP10,3,3,3,3,specific
ARHGAP24,3,3,3,3,specific
ARHGAP5,7,7,7,7,multi
ARHGEF12,7,7,7,7,multi
ARHGEF15,6,6,6,6,multi
ARHGEF37,5,5,5,5,multi
ARL5B,2,2,2,2,specific
ARL8A,7,7,7,7,multi
ARNT,4,4,4,4,specific
ARPC4,3,3,3,3,specific
ART5,3,3,3,3,specific
ASAP3,10,10,10,10,multi
ATF1,9,9,9,9,multi
ATF3,5,5,5,5,multi
ATF5,4,4,4,4,specific
ATF7,7,7,7,7,multi
ATG14,4,4,4,4,specific
ATP1B3,6,6,6,6,multi
ATP6V0A1,4,4,4,4,specific
ATP6V0A2,7,7,7,7,multi
ATP8B1,2,2,2,2,specific
ATRIP,6,6,6,6,multi
ATRN,4,4,4,4,specific
ATXN1L,5,5,5,5,multi
ATXN2,4,4,4,4,specific
ATXN7L3B,4,4,4,4,specific
B3GNT5,4,4,4,4,specific
BACH1,3,3,3,3,specific
BAG1,5,5,5,5,multi
BAG4,2,2,2,2,specific
BAHCC1,6,6,6,6,multi
BAIAP2,10,10,10,10,multi
BANP,25,25,25,25,multi
BBS4,3,3,3,3,specific
BBX,7,7,7,7,multi
BCAR1,14,14,14,14,multi
BCKDHA,17,17,17,17,multi
BCL2L13,3,3,3,3,specific
BHLHE40,9,9,9,9,multi
BHMT,3,3,3,3,specific
BICD2,13,13,13,13,multi
BLCAP,10,10,10,10,multi
BMF,6,6,6,6,multi
BMP7,1,1,1,1,specific
BMPR2,4,4,4,4,specific
BRF2,9,9,9,9,multi
BRIX1,6,6,6,6,multi
BRMS1,11,11,11,11,multi
BRPF3,6,6,6,6,multi
BTD,4,4,4,4,specific
BTG3,3,3,3,3,specific
C15orf61,5,5,5,5,multi
C19orf44,12,12,12,12,multi
C1QTNF3,1,1,1,1,specific
C1QTNF3-AMACR,3,3,3,3,specific
C1orf116,4,4,4,4,specific
C5,2,2,2,2,specific
C6orf120,3,3,3,3,specific
C9orf152,3,3,3,3,specific
C9orf72,6,6,6,6,multi
C9orf78,3,3,3,3,specific
CA11,13,13,13,13,multi
CA9,4,4,4,4,specific
CAB39,10,10,10,10,multi
CABLES2,5,5,5,5,multi
CADM4,14,14,14,14,multi
CADPS2,1,1,1,1,specific
CALCOCO1,14,14,14,14,multi
CAMK2N1,6,6,6,6,multi
CAMKK2,7,7,7,7,multi
CAMP,3,3,3,3,specific
CANX,6,6,6,6,multi
CAPSL,2,2,2,2,specific
CARD10,12,12,12,12,multi
CARD8,5,5,5,5,multi
CARNS1,7,7,7,7,multi
CASP10,2,2,2,2,specific
CAT,2,2,2,2,specific
CAV2,3,3,3,3,specific
CBFA2T3,6,6,6,6,multi
CBX7,10,10,10,10,multi
CCDC113,2,2,2,2,specific
CCDC159,7,7,7,7,multi
CCDC6,6,6,6,6,multi
CCDC71,15,15,15,15,multi
CCDC88B,8,8,8,8,multi
CCL11,1,1,1,1,specific
CCNH,12,12,12,12,multi
CCNI,4,4,4,4,specific
CCNJ,2,2,2,2,specific
CD300LG,8,8,8,8,multi
CD40,5,5,5,5,multi
CDC123,13,13,13,13,multi
CDH1,2,2,2,2,specific
CDH24,8,8,8,8,multi
CDK18,6,6,6,6,multi
CDK6,1,1,1,1,specific
CDYL,5,5,5,5,multi
CDYL2,3,3,3,3,specific
CEACAM3,1,1,1,1,specific
CELF3,5,5,5,5,multi
CELSR1,2,2,2,2,specific
CEP104,5,5,5,5,multi
CFAP20,5,5,5,5,multi
CFDP1,7,7,7,7,multi
CH25H,5,5,5,5,multi
CHIC2,10,10,10,10,multi
CHMP1B,10,10,10,10,multi
CHP1,3,3,3,3,specific
CHRNB2,2,2,2,2,specific
CHST3,6,6,6,6,multi
CIBAR1,3,3,3,3,specific
CIPC,4,4,4,4,specific
CLCN4,5,5,5,5,multi
CLCN5,2,2,2,2,specific
CLCN7,15,15,15,15,multi
CLDN18,1,1,1,1,specific
CLUH,10,10,10,10,multi
CMSS1,6,6,6,6,multi
CNN2,9,9,9,9,multi
CNNM1,2,2,2,2,specific
CNNM2,5,5,5,5,multi
CNNM3,14,14,14,14,multi
CNOT11,3,3,3,3,specific
CNOT4,2,2,2,2,specific
CNOT6L,2,2,2,2,specific
COG2,5,5,5,5,multi
COG7,10,10,10,10,multi
COPS7B,11,11,11,11,multi
COQ8A,12,12,12,12,multi
COQ8B,10,10,10,10,multi
CORO7,1,1,1,1,specific
CORO7-PAM16,14,14,14,14,multi
CPEB3,5,5,5,5,multi
CPEB4,6,6,6,6,multi
CPNE4,1,1,1,1,specific
CPT1A,6,6,6,6,multi
CRAT,12,12,12,12,multi
CREB3,3,3,3,3,specific
CSF3R,6,6,6,6,multi
CSGALNACT1,4,4,4,4,specific
CSMD2,6,6,6,6,multi
CSNK2A1,1,1,1,1,specific
CSNK2A2,5,5,5,5,multi
CSNK2A3,2,2,2,2,specific
CTBP2,8,8,8,8,multi
CTDSP2,6,6,6,6,multi
CTDSPL,4,4,4,4,specific
CTHRC1,2,2,2,2,specific
CTSA,12,12,12,12,multi
CTSO,8,8,8,8,multi
CXADR,6,6,6,6,multi
CYB5D1,4,4,4,4,specific
CYHR1,21,21,21,21,multi
CYP2J2,2,2,2,2,specific
DAD1,2,2,2,2,specific
DAGLA,10,10,10,10,multi
DAP3,7,7,7,7,multi
DCAF11,11,11,11,11,multi
DCAF4,4,4,4,4,specific
DCAF8,3,3,3,3,specific
DCTN4,5,5,5,5,multi
DDX28,6,6,6,6,multi
DDX43,13,13,13,13,multi
DDX60L,13,13,13,13,multi
DENND1B,6,6,6,6,multi
DEPDC7,7,7,7,7,multi
DERL1,6,6,6,6,multi
DERL2,3,3,3,3,specific
DGCR2,10,10,10,10,multi
DGKD,6,6,6,6,multi
DHX8,5,5,5,5,multi
DIP2B,3,3,3,3,specific
DLG3,5,5,5,5,multi
DNAH6,4,4,4,4,specific
DNAJC16,3,3,3,3,specific
DNAJC3,7,7,7,7,multi
DNMT3A,5,5,5,5,multi
DOT1L,7,7,7,7,multi
DSC1,3,3,3,3,specific
DSC2,4,4,4,4,specific
DSG2,3,3,3,3,specific
DSG4,1,1,1,1,specific
DST,8,8,8,8,multi
DUSP16,3,3,3,3,specific
DUSP6,7,7,7,7,multi
DUT,3,3,3,3,specific
E2F6,7,7,7,7,multi
EAF1,4,4,4,4,specific
EBF2,4,4,4,4,specific
EBNA1BP2,3,3,3,3,specific
EDARADD,2,2,2,2,specific
EEF1AKMT1,7,7,7,7,multi
EGFL6,4,4,4,4,specific
EGFR,5,5,5,5,multi
EGR1,6,6,6,6,multi
EIF2AK2,8,8,8,8,multi
EIF4A3,8,8,8,8,multi
ELAC1,7,7,7,7,multi
ELK4,4,4,4,4,specific
ELMO3,9,9,9,9,multi
EMC1,4,4,4,4,specific
EML2,10,10,10,10,multi
ENDOD1,3,3,3,3,specific
ENGASE,12,12,12,12,multi
ENPEP,5,5,5,5,multi
EPB41L1,5,5,5,5,multi
EPHA1,3,3,3,3,specific
EPN3,9,9,9,9,multi
EPRS1,5,5,5,5,multi
EPS15,4,4,4,4,specific
EPS15L1,10,10,10,10,multi
EREG,5,5,5,5,multi
ERLEC1,11,11,11,11,multi
ERMP1,4,4,4,4,specific
ERN1,3,3,3,3,specific
ERP44,6,6,6,6,multi
ESCO1,5,5,5,5,multi
ESRRA,14,14,14,14,multi
EVL,11,11,11,11,multi
EXOSC8,5,5,5,5,multi
FAM102A,13,13,13,13,multi
FAM120C,3,3,3,3,specific
FAM135A,12,12,12,12,multi
FAM161A,4,4,4,4,specific
FAM171A1,4,4,4,4,specific
FAM189A2,4,4,4,4,specific
FAM199X,5,4,5,5,specific
FAM20B,3,3,3,3,specific
FAM53B,6,6,6,6,multi
FAM53C,7,7,7,7,multi
FAM76A,17,17,17,17,multi
FAM78A,6,6,6,6,multi
FAXDC2,2,2,2,2,specific
FBRSL1,16,16,16,16,multi
FBXL8,2,2,2,2,specific
FBXO17,7,7,7,7,multi
FBXO24,7,7,7,7,multi
FBXO6,11,11,11,11,multi
FCRLA,5,5,5,5,multi
FEM1A,6,6,6,6,multi
FEM1C,6,6,6,6,multi
FGF10,3,3,3,3,specific
FGFR3,13,13,13,13,multi
FHDC1,1,1,1,1,specific
FHL3,4,4,4,4,specific
FKBP5,12,12,12,12,multi
FKBP7,3,3,3,3,specific
FLCN,19,19,19,19,multi
FLI1,3,3,3,3,specific
FN3K,18,18,18,18,multi
FNBP1L,2,2,2,2,specific
FNDC3A,5,5,5,5,multi
FNIP2,2,2,2,2,specific
FOS,2,2,2,2,specific
FOXA2,1,1,1,1,specific
FOXK1,5,5,5,5,multi
FOXN3,3,3,3,3,specific
FOXO3,8,8,8,8,multi
FREM2,3,3,3,3,specific
FRK,5,5,5,5,multi
FRMD8,9,9,9,9,multi
FSIP2,3,3,3,3,specific
FUBP3,13,13,13,13,multi
FUT9,1,1,1,1,specific
FXN,2,2,2,2,specific
FXYD6,4,4,4,4,specific
FYCO1,6,6,6,6,multi
FZD1,7,7,7,7,multi
GAB1,6,6,6,6,multi
GALNT12,5,5,5,5,multi
GALNT3,6,6,6,6,multi
GAR1,8,8,8,8,multi
GATA6,4,4,4,4,specific
GEMIN6,4,4,4,4,specific
GGA2,7,7,7,7,multi
GINS2,5,5,5,5,multi
GLUL,6,6,6,6,multi
GM2A,5,5,5,5,multi
GNG12,6,6,6,6,multi
GNL2,7,7,7,7,multi
GNL3,11,11,11,11,multi
GORASP1,13,13,13,13,multi
GORASP2,3,3,3,3,specific
GPATCH2L,1,1,1,1,specific
GPD2,13,13,13,13,multi
GPHN,2,2,2,2,specific
GPR137,17,17,17,17,multi
GPR82,2,2,2,2,specific
GPRC5D,4,4,4,4,specific
GRAMD1A,5,5,5,5,multi
GRAMD4,12,12,12,12,multi
GRHL2,2,2,2,2,specific
GSE1,10,10,10,10,multi
GSTM2,5,5,5,5,multi
GTF2IRD1,6,6,6,6,multi
GUCA2A,1,1,1,1,specific
GUCY2C,8,8,8,8,multi
GUCY2F,3,3,3,3,specific
HADHB,2,2,2,2,specific
HAPLN1,5,5,5,5,multi
HAT1,9,9,9,9,multi
HCFC2,11,11,11,11,multi
HDGFL3,14,14,14,14,multi
HEATR5A,4,4,4,4,specific
HEBP2,4,4,4,4,specific
HECA,8,8,8,8,multi
HECTD1,5,5,5,5,multi
HECW1,4,4,4,4,specific
HES1,9,9,9,9,multi
HHAT,2,2,2,2,specific
HIP1R,10,10,10,10,multi
HIPK2,3,3,3,3,specific
HIVEP3,2,2,2,2,specific
HLCS,5,5,5,5,multi
HM13,4,4,4,4,specific
HMGB1,5,5,5,5,multi
HMGN5,5,5,5,5,multi
HNRNPA0,12,12,12,12,multi
HNRNPA3,10,10,10,10,multi
HOMER2,4,4,4,4,specific
HOXA1,2,2,2,2,specific
HPN,6,6,6,6,multi
HS3ST2,1,1,1,1,specific
HSDL2,4,4,4,4,specific
HSP90B1,11,11,11,11,multi
HYKK,2,2,2,2,specific
ID4,10,10,10,10,multi
IFNLR1,5,5,5,5,multi
IFT140,15,15,15,15,multi
IFT52,10,10,10,10,multi
IGF2BP2,4,4,4,4,specific
IGF2R,4,4,4,4,specific
IGLON5,2,2,2,2,specific
IGSF3,3,3,3,3,specific
IL17RE,3,3,3,3,specific
IL1B,3,3,3,3,specific
IL1RAP,2,2,2,2,specific
IL6ST,7,7,7,7,multi
ING2,4,4,4,4,specific
ING5,6,6,6,6,multi
INPP5E,5,5,5,5,multi
INPPL1,8,8,8,8,multi
INTS10,5,5,5,5,multi
IQSEC1,4,4,4,4,specific
IRF6,5,5,5,5,multi
IRS1,9,9,9,9,multi
ISM1,6,6,6,6,multi
ITM2A,1,1,1,1,specific
ITPA,9,9,9,9,multi
ITPR2,4,4,4,4,specific
IVD,6,6,6,6,multi
IZUMO4,8,8,8,8,multi
JADE1,6,6,6,6,multi
JADE3,3,3,3,3,specific
JMJD7,13,13,13,13,multi
JOSD2,12,12,12,12,multi
JPH1,3,3,3,3,specific
JRK,4,4,4,4,specific
KANK4,1,1,1,1,specific
KAT2B,8,8,8,8,multi
KAT6B,3,3,3,3,specific
KAT8,20,20,20,20,multi
KCNH6,2,2,2,2,specific
KCNIP3,8,8,8,8,multi
KCNJ13,2,2,2,2,specific
KCNJ8,4,4,4,4,specific
KCTD18,4,4,4,4,specific
KCTD21,16,16,16,16,multi
KCTD7,2,2,2,2,specific
KDM4B,13,13,13,13,multi
KDSR,5,5,5,5,multi
KIAA1958,1,1,1,1,specific
KIF13B,3,3,3,3,specific
KIFAP3,8,8,8,8,multi
KLC3,3,3,3,3,specific
KLF10,6,6,6,6,multi
KLF12,5,5,5,5,multi
KLHDC10,5,5,5,5,multi
KLHL12,4,4,4,4,specific
KLHL21,6,6,6,6,multi
KLHL22,7,7,7,7,multi
LAMA1,2,2,2,2,specific
LAMA2,4,4,4,4,specific
LAMB2,15,15,15,15,multi
LAMC3,6,6,6,6,multi
LAPTM4A,5,5,5,5,multi
LATS1,6,6,6,6,multi
LCMT1,2,2,2,2,specific
LETMD1,4,4,4,4,specific
LGI2,5,5,5,5,multi
LIFR,4,4,4,4,specific
LIG4,8,8,8,8,multi
LIMK2,9,9,9,9,multi
LIN54,5,5,5,5,multi
LIN7C,12,12,12,12,multi
LIPE,12,12,12,12,multi
LIPH,3,3,3,3,specific
LMBRD2,14,14,14,14,multi
LMCD1,7,7,7,7,multi
LMTK2,3,3,3,3,specific
LNX1,10,10,10,10,multi
LNX2,4,4,4,4,specific
LONP1,17,17,17,17,multi
LONRF2,2,2,2,2,specific
LPCAT2,14,14,14,14,multi
LRIG1,8,8,8,8,multi
LRPAP1,14,14,14,14,multi
LRRC42,7,7,7,7,multi
LRRC8B,4,4,4,4,specific
LRRK2,4,4,4,4,specific
LTK,5,5,5,5,multi
LTV1,9,9,9,9,multi
LUM,6,6,6,6,multi
LYAR,3,3,3,3,specific
LYVE1,2,2,2,2,specific
MADD,6,6,6,6,multi
MAGEE2,3,3,3,3,specific
MANEAL,4,4,4,4,specific
MANF,7,7,7,7,multi
MAP1S,13,13,13,13,multi
MAP3K21,9,9,9,9,multi
MAP7,4,4,4,4,specific
MAPRE1,11,11,11,11,multi
MARK3,4,4,4,4,specific
MARVELD2,5,5,5,5,multi
MAST4,3,3,3,3,specific
MBOAT1,3,3,3,3,specific
MBTD1,8,8,8,8,multi
MCC,4,4,4,4,specific
MCPH1,5,5,5,5,multi
MCTS1,7,7,7,7,multi
MED13L,5,5,5,5,multi
MED25,12,12,12,12,multi
MEGF6,3,3,3,3,specific
MEP1B,1,1,1,1,specific
MERTK,5,5,5,5,multi
METAP1,7,7,7,7,multi
METTL21A,6,6,6,6,multi
METTL7A,8,8,8,8,multi
MFAP5,2,2,2,2,specific
MFSD4B,1,1,1,1,specific
MGMT,15,15,15,15,multi
MIEF1,6,6,6,6,multi
MINK1,16,16,16,16,multi
MITF,7,7,7,7,multi
MKNK1,3,3,3,3,specific
MLH1,5,5,5,5,multi
MLLT3,4,4,4,4,specific
MLLT6,10,10,10,10,multi
MPHOSPH6,13,13,13,13,multi
MPP2,9,9,9,9,multi
MPRIP,10,10,10,10,multi
MRE11,5,5,5,5,multi
MRFAP1,15,15,15,15,multi
MRFAP1L1,17,17,17,17,multi
MRI1,11,11,11,11,multi
MRPL20,4,4,4,4,specific
MRPL24,10,10,10,10,multi
MRPS10,9,9,9,9,multi
MRPS18B,9,9,9,9,multi
MRPS2,18,18,18,18,multi
MRPS6,8,8,8,8,multi
MTCH2,8,8,8,8,multi
MTSS1,5,5,5,5,multi
MTUS1,2,2,2,2,specific
MUC20,2,2,2,2,specific
MUCL3,1,1,1,1,specific
MXD1,4,4,4,4,specific
MXI1,6,6,6,6,multi
MYBPC1,3,3,3,3,specific
MYL2,1,1,1,1,specific
MYO3A,2,2,2,2,specific
MYO6,6,6,6,6,multi
MYRF,6,6,6,6,multi
NAA30,3,3,3,3,specific
NAALADL2,3,3,3,3,specific
NAGPA,17,16,17,17,multi
NASP,6,6,6,6,multi
NCEH1,3,3,3,3,specific
NCKAP5,6,6,6,6,multi
NCMAP,3,3,3,3,specific
NCOA1,4,4,4,4,specific
NDST1,6,6,6,6,multi
NDUFV1,11,11,11,11,multi
NEDD4L,3,3,3,3,specific
NEMP2,2,2,2,2,specific
NF2,4,4,4,4,specific
NFRKB,10,10,10,10,multi
NHEJ1,6,6,6,6,multi
NIN,4,4,4,4,specific
NIPA1,1,1,1,1,specific
NIPAL2,5,5,5,5,multi
NIPAL3,3,3,3,3,specific
NKAP,6,6,6,6,multi
NLRP12,3,3,3,3,specific
NME6,10,10,10,10,multi
NME7,6,6,6,6,multi
NMNAT3,9,9,9,9,multi
NOP9,11,11,11,11,multi
NPC1,12,12,12,12,multi
NPL,11,11,11,11,multi
NR1H2,21,21,21,21,multi
NR2C2,4,4,4,4,specific
NR3C2,4,4,4,4,specific
NRG2,13,13,13,13,multi
NSFL1C,18,18,18,18,multi
NTHL1,14,14,14,14,multi
NTPCR,8,8,8,8,multi
NTS,2,2,2,2,specific
NUCB2,4,4,4,4,specific
NUP35,6,6,6,6,multi
NUP88,4,4,4,4,specific
OCLN,1,1,1,1,specific
OGN,5,5,5,5,multi
OPLAH,15,15,15,15,multi
OSBP,4,4,4,4,specific
OSBPL5,13,13,13,13,multi
OSBPL6,1,1,1,1,specific
OSGEP,8,8,8,8,multi
OVOL1,5,5,5,5,multi
OXR1,9,9,9,9,multi
P3H2,1,1,1,1,specific
PACS1,3,3,3,3,specific
PACSIN2,12,12,12,12,multi
PAFAH1B1,4,4,4,4,specific
PAG1,3,3,3,3,specific
PAK1,1,1,1,1,specific
PAK1IP1,7,7,7,7,multi
PAK6,7,7,7,7,multi
PANK3,5,5,5,5,multi
PAQR5,3,3,3,3,specific
PAQR7,9,9,9,9,multi
PARD6B,3,3,3,3,specific
PARP2,9,9,9,9,multi
PCED1A,13,13,13,13,multi
PCMT1,10,10,10,10,multi
PCMTD1,7,7,7,7,multi
PCMTD2,8,8,8,8,multi
PCNX2,1,1,1,1,specific
PDCD2,4,4,4,4,specific
PDCD5,4,4,4,4,specific
PDCL3,7,7,7,7,multi
PDE4A,3,3,3,3,specific
PDE8A,5,5,5,5,multi
PDIA3,11,11,11,11,multi
PDIA4,10,10,10,10,multi
PDK4,5,5,5,5,multi
PDLIM3,3,3,3,3,specific
PDLIM4,12,12,12,12,multi
PDLIM5,5,5,5,5,multi
PDP2,4,4,4,4,specific
PDPK1,4,4,4,4,specific
PDPR,4,4,4,4,specific
PDSS1,8,8,8,8,multi
PDZD8,4,4,4,4,specific
PEG10,4,4,4,4,specific
PELI2,7,7,7,7,multi
PEX11A,8,8,8,8,multi
PEX5,9,9,9,9,multi
PFDN1,15,15,15,15,multi
PFKFB1,3,3,3,3,specific
PGBD1,7,7,7,7,multi
PGM3,2,2,2,2,specific
PHF20,4,4,4,4,specific
PHF21A,1,1,1,1,specific
PHLDA1,6,6,6,6,multi
PI4KA,3,3,3,3,specific
PIGG,5,5,5,5,multi
PIGH,2,2,2,2,specific
PIK3AP1,4,4,4,4,specific
PIK3R1,5,5,5,5,multi
PINK1,8,8,8,8,multi
PINX1,7,7,7,7,multi
PIP4K2B,8,8,8,8,multi
PIWIL1,1,1,1,1,specific
PLB1,3,3,3,3,specific
PLEKHH1,4,4,4,4,specific
PLN,3,3,3,3,specific
PLPPR1,2,2,2,2,specific
PLXNB1,11,11,11,11,multi
PNLIP,1,1,1,1,specific
PNPLA7,13,13,13,13,multi
POGK,3,3,3,3,specific
POLL,17,17,17,17,multi
POLR3D,7,7,7,7,multi
POM121,6,6,6,6,multi
POM121C,1,1,1,1,specific
POMP,8,8,8,8,multi
POP1,6,6,6,6,multi
POU6F1,7,7,7,7,multi
PPARA,3,3,3,3,specific
PPARGC1B,7,7,7,7,multi
PPFIBP2,7,7,7,7,multi
PPIP5K2,10,10,10,10,multi
PPM1A,4,4,4,4,specific
PPM1F,10,10,10,10,multi
PPM1H,8,8,8,8,multi
PPM1K,6,6,6,6,multi
PPM1L,4,4,4,4,specific
PPP1R37,20,20,20,20,multi
PPP1R3A,2,2,2,2,specific
PPP1R3C,5,5,5,5,multi
PPP1R8,4,4,4,4,specific
PPP2CB,12,12,12,12,multi
PPP2R5E,13,13,13,13,multi
PPP4R3B,6,6,6,6,multi
PRDM16,4,4,4,4,specific
PRDM2,1,1,1,1,specific
PRDM4,2,2,2,2,specific
PRDX1,8,8,8,8,multi
PRDX4,5,5,5,5,multi
PREP,6,6,6,6,multi
PREX1,6,6,6,6,multi
PRICKLE2,4,4,4,4,specific
PRKCZ,6,6,6,6,multi
PRMT2,13,13,13,13,multi
PROM1,6,6,6,6,multi
PRPSAP1,10,10,10,10,multi
PRRC2B,8,8,8,8,multi
PRRT1B,1,1,1,1,specific
PRSS8,7,7,7,7,multi
PSCA,2,2,2,2,specific
PSD3,3,3,3,3,specific
PSMA4,10,10,10,10,multi
PSMA5,3,3,3,3,specific
PSMB1,5,5,5,5,multi
PSMB2,6,6,6,6,multi
PSMB7,8,8,8,8,multi
PSMC1,8,8,8,8,multi
PSMC2,8,8,8,8,multi
PSMC3IP,3,3,3,3,specific
PSMD1,10,10,10,10,multi
PSMD6,12,12,12,12,multi
PSMD7,6,6,6,6,multi
PSPH,9,9,9,9,multi
PTGDR2,1,1,1,1,specific
PTHLH,2,2,2,2,specific
PTK2,5,5,5,5,multi
PTPN14,3,3,3,3,specific
PTPN6,10,10,10,10,multi
PTPRK,2,2,2,2,specific
PTRH2,2,2,2,2,specific
PURA,6,6,6,6,multi
PUS7,15,15,15,15,multi
R3HDM1,2,2,2,2,specific
R3HDM2,3,3,3,3,specific
RAB11B,16,16,16,16,multi
RAB1A,12,12,12,12,multi
RAB7A,2,2,2,2,specific
RABGEF1,3,3,3,3,specific
RABL3,13,13,13,13,multi
RAI1,8,8,8,8,multi
RALB,3,3,3,3,specific
RALBP1,3,3,3,3,specific
RANBP1,6,6,6,6,multi
RANBP10,8,8,8,8,multi
RAP1GAP2,4,4,4,4,specific
RASEF,2,2,2,2,specific
RB1CC1,9,9,9,9,multi
RBBP7,7,7,7,7,multi
RBBP8NL,7,7,7,7,multi
RBL2,6,6,6,6,multi
RBM20,3,3,3,3,specific
RBM33,5,5,5,5,multi
RBM48,5,5,5,5,multi
RBSN,4,4,4,4,specific
RC3H2,6,6,6,6,multi
RCAN3,7,7,7,7,multi
RCBTB2,3,3,3,3,specific
RELL2,6,6,6,6,multi
RERE,9,9,9,9,multi
RETSAT,5,5,5,5,multi
RFTN1,3,3,3,3,specific
RGMB,7,7,7,7,multi
RGS13,1,1,1,1,specific
RGS14,14,14,14,14,multi
RHBDL3,5,5,5,5,multi
RHOA,8,8,8,8,multi
RHOU,4,4,4,4,specific
RHOXF1,3,3,3,3,specific
RIOK1,7,7,7,7,multi
RIOK3,8,8,8,8,multi
RNASEL,6,6,6,6,multi
RND3,5,5,5,5,multi
RNF11,4,4,4,4,specific
RNF144B,3,3,3,3,specific
RNF145,7,7,7,7,multi
RNF152,2,2,2,2,specific
RNF214,6,6,6,6,multi
RNF26,8,8,8,8,multi
RNF38,5,5,5,5,multi
RNF40,19,19,19,19,multi
RNF41,3,3,3,3,specific
RNF44,12,12,12,12,multi
ROBO3,6,6,6,6,multi
RORC,19,19,19,19,multi
RPL23,3,3,3,3,specific
RPL24,8,8,8,8,multi
RPL32,3,3,3,3,specific
RPL35A,1,1,1,1,specific
RPS20,4,4,4,4,specific
RPS27A,3,3,3,3,specific
RPS3,1,1,1,1,specific
RPS6KA1,3,3,3,3,specific
RPTOR,6,6,6,6,multi
RRAGA,1,1,1,1,specific
RRAS2,6,6,6,6,multi
RREB1,5,5,5,5,multi
RRP15,12,12,12,12,multi
RSAD1,12,12,12,12,multi
RSAD2,1,1,1,1,specific
RWDD1,8,8,8,8,multi
S100A4,2,2,2,2,specific
SAAL1,4,4,4,4,specific
SCAMP5,3,3,3,3,specific
SCARB2,7,7,7,7,multi
SCFD1,17,17,17,17,multi
SCMH1,5,5,5,5,multi
SCNN1G,4,4,4,4,specific
SCO1,12,12,12,12,multi
SDSL,17,17,17,17,multi
SEC14L1,5,5,5,5,multi
SEC14L3,1,1,1,1,specific
SEC22B,13,13,13,13,multi
SEC24A,14,14,14,14,multi
SEC61G,8,8,8,8,multi
SELENON,11,11,11,11,multi
SEPHS2,6,6,6,6,multi
SERINC3,4,4,4,4,specific
SERINC5,3,3,3,3,specific
SERPINE1,8,8,8,8,multi
SF3A3,3,3,3,3,specific
SF3B6,6,6,6,6,multi
SFRP5,5,5,5,5,multi
SFT2D1,4,4,4,4,specific
SFXN2,5,5,5,5,multi
SFXN3,7,7,7,7,multi
SGMS1,5,5,5,5,multi
SGPP2,2,2,2,2,specific
SGSM2,10,10,10,10,multi
SH2B1,22,22,22,22,multi
SH2D3A,6,6,6,6,multi
SHANK2,3,3,3,3,specific
SHPK,1,1,1,1,specific
SHROOM2,3,3,3,3,specific
SHROOM3,4,4,4,4,specific
SIAE,1,1,1,1,specific
SIDT2,14,14,14,14,multi
SIK2,7,7,7,7,multi
SIK3,9,9,9,9,multi
SIMC1,7,6,7,7,multi
SIRT5,1,1,1,1,specific
SKIL,4,4,4,4,specific
SLC12A7,7,7,7,7,multi
SLC12A9,18,18,18,18,multi
SLC16A7,5,5,5,5,multi
SLC20A1,5,5,5,5,multi
SLC25A14,3,3,3,3,specific
SLC25A15,3,3,3,3,specific
SLC25A23,9,9,9,9,multi
SLC25A34,8,8,8,8,multi
SLC25A37,7,7,7,7,multi
SLC25A38,5,5,5,5,multi
SLC25A42,11,11,11,11,multi
SLC26A9,2,2,2,2,specific
SLC27A1,13,13,13,13,multi
SLC29A3,9,9,9,9,multi
SLC30A7,7,7,7,7,multi
SLC34A2,3,3,3,3,specific
SLC35B1,6,6,6,6,multi
SLC35D1,4,4,4,4,specific
SLC35E2B,6,6,6,6,multi
SLC35F1,4,4,4,4,specific
SLC35G1,1,1,1,1,specific
SLC37A1,4,4,4,4,specific
SLC38A2,9,9,9,9,multi
SLC41A1,2,2,2,2,specific
SLC44A2,6,6,6,6,multi
SLC48A1,10,10,10,10,multi
SLC4A5,2,2,2,2,specific
SLC52A1,7,7,7,7,multi
SLC7A11,3,3,3,3,specific
SLC9A4,1,1,1,1,specific
SLC9A7,1,1,1,1,specific
SMAD9,8,8,8,8,multi
SMCR8,4,4,4,4,specific
SMO,5,5,5,5,multi
SMYD5,2,2,2,2,specific
SNAI2,6,6,6,6,multi
SNAPC5,3,3,3,3,specific
SNED1,7,7,7,7,multi
SNRK,3,3,3,3,specific
SNRNP40,4,4,4,4,specific
SNRPB2,6,6,6,6,multi
SNRPD1,1,1,1,1,specific
SNTB1,2,2,2,2,specific
SNX15,18,18,18,18,multi
SNX24,4,4,4,4,specific
SNX9,3,3,3,3,specific
SOX13,8,8,8,8,multi
SOX4,9,9,9,9,multi
SPCS3,7,7,7,7,multi
SPEF1,3,3,3,3,specific
SPIN4,3,3,3,3,specific
SPTBN1,7,7,7,7,multi
SRBD1,1,1,1,1,specific
SRGAP2,2,2,2,2,specific
SSB,7,7,7,7,multi
SSBP2,2,2,2,2,specific
SSBP3,10,10,10,10,multi
SSR1,8,8,8,8,multi
ST3GAL1,3,3,3,3,specific
ST3GAL2,9,9,9,9,multi
STARD3,12,12,12,12,multi
STEAP3,5,5,5,5,multi
STIM1,7,7,7,7,multi
STK10,5,5,5,5,multi
STS,4,4,4,4,specific
STT3A,4,4,4,4,specific
SUFU,8,8,8,8,multi
SUMF1,2,2,2,2,specific
SUSD3,11,11,11,11,multi
TAB2,6,6,6,6,multi
TAB3,4,4,4,4,specific
TAC1,4,3,4,4,specific
TAF12,18,18,18,18,multi
TAF6,19,19,19,19,multi
TANGO2,3,3,3,3,specific
TAPT1,5,5,5,5,multi
TBC1D13,17,17,17,17,multi
TBC1D17,24,24,24,24,multi
TBC1D25,18,18,18,18,multi
TBC1D4,3,3,3,3,specific
TBC1D8,5,5,5,5,multi
TBL1X,5,5,5,5,multi
TCAIM,8,8,8,8,multi
TCEAL7,8,8,8,8,multi
TCEAL9,6,6,6,6,multi
TCP1,6,6,6,6,multi
TENM1,4,4,4,4,specific
TFCP2L1,3,3,3,3,specific
TGIF2,3,3,3,3,specific
THAP3,12,12,12,12,multi
THRB,4,4,4,4,specific
THSD4,4,4,4,4,specific
TIAM2,2,2,2,2,specific
TIGAR,5,5,5,5,multi
TIGD4,3,3,3,3,specific
TJP3,5,5,5,5,multi
TKFC,16,16,16,16,multi
TMED10,2,2,2,2,specific
TMED2,2,2,2,2,specific
TMED7,19,19,19,19,multi
TMEM106C,3,3,3,3,specific
TMEM14A,6,6,6,6,multi
TMEM150A,14,14,14,14,multi
TMEM161A,20,20,20,20,multi
TMEM164,4,4,4,4,specific
TMEM176A,4,4,4,4,specific
TMEM184A,9,9,9,9,multi
TMEM216,8,8,8,8,multi
TMEM30B,6,6,6,6,multi
TMEM45A,3,3,3,3,specific
TNFAIP1,3,3,3,3,specific
TNFAIP6,4,4,4,4,specific
TNFRSF21,1,1,1,1,specific
TNPO3,4,4,4,4,specific
TNS3,5,5,5,5,multi
TOB2,7,7,7,7,multi
TOM1L2,5,5,5,5,multi
TOR1AIP1,4,4,4,4,specific
TP53INP1,3,3,3,3,specific
TPP1,9,9,9,9,multi
TPRA1,18,18,18,18,multi
TRADD,12,12,12,12,multi
TRAK1,5,5,5,5,multi
TRAK2,7,7,7,7,multi
TRIM14,1,1,1,1,specific
TRIM25,6,6,6,6,multi
TRIM26,4,4,4,4,specific
TRIM32,10,10,10,10,multi
TRIM4,3,3,3,3,specific
TRIM50,1,1,1,1,specific
TRIM52,6,6,6,6,multi
TRIM62,4,4,4,4,specific
TRMT44,6,6,6,6,multi
TRMT5,12,12,12,12,multi
TRPM2,2,2,2,2,specific
TRPV1,3,3,3,3,specific
TRPV3,3,3,3,3,specific
TRUB2,9,9,9,9,multi
TSC1,6,6,6,6,multi
TSHZ1,12,12,12,12,multi
TSPYL1,4,4,4,4,specific
TTC31,12,12,12,12,multi
TUBGCP4,3,3,3,3,specific
TUT1,13,13,13,13,multi
TWF1,13,13,13,13,multi
TYRP1,1,1,1,1,specific
UBA5,11,11,11,11,multi
UBE3B,5,5,5,5,multi
UBL3,6,6,6,6,multi
UBQLN2,3,3,3,3,specific
UBR7,4,4,4,4,specific
UBXN8,2,2,2,2,specific
UCKL1,16,16,16,16,multi
UGDH,6,6,6,6,multi
UHRF1,3,3,3,3,specific
UHRF1BP1,2,2,2,2,specific
ULK1,13,13,13,13,multi
UNC5A,7,7,7,7,multi
UNC79,5,5,5,5,multi
UNC80,2,2,2,2,specific
USHBP1,10,10,10,10,multi
USP3,6,6,6,6,multi
USP43,3,3,3,3,specific
USP53,3,3,3,3,specific
UTP14A,7,7,7,7,multi
UTP6,5,5,5,5,multi
UVRAG,5,5,5,5,multi
VARS2,18,18,18,18,multi
VDAC1,1,1,1,1,specific
VGLL4,7,7,7,7,multi
VPS11,9,9,9,9,multi
VPS26A,14,14,14,14,multi
VRK1,14,14,14,14,multi
VRK3,16,16,16,16,multi
VRTN,1,1,1,1,specific
WAC,5,5,5,5,multi
WBP11,23,23,23,23,multi
WDFY1,3,3,3,3,specific
WDR59,4,4,4,4,specific
WDR7,2,2,2,2,specific
WDR73,2,2,2,2,specific
WDR83,10,10,10,10,multi
WDR89,13,13,13,13,multi
WDR91,7,7,7,7,multi
WDTC1,13,13,13,13,multi
WLS,4,4,4,4,specific
WNK4,4,4,4,4,specific
WNT4,5,5,5,5,multi
WTAP,9,9,9,9,multi
XBP1,3,3,3,3,specific
XPNPEP1,3,3,3,3,specific
XRCC5,13,13,13,13,multi
XRCC6,8,8,8,8,multi
YES1,6,6,6,6,multi
YIPF7,3,3,3,3,specific
ZADH2,5,5,5,5,multi
ZBED3,2,2,2,2,specific
ZBTB16,19,19,19,19,multi
ZBTB18,3,3,3,3,specific
ZBTB24,3,3,3,3,specific
ZBTB37,1,1,1,1,specific
ZBTB40,8,8,8,8,multi
ZBTB44,3,3,3,3,specific
ZBTB48,16,16,16,16,multi
ZDHHC18,10,10,10,10,multi
ZDHHC23,4,4,4,4,specific
ZFAND3,7,7,7,7,multi
ZFAND5,9,9,9,9,multi
ZFHX2,8,8,8,8,multi
ZFP36,3,3,3,3,specific
ZFYVE19,18,18,18,18,multi
ZFYVE27,14,14,14,14,multi
ZHX2,8,8,8,8,multi
ZKSCAN7,3,3,3,3,specific
ZMPSTE24,18,18,18,18,multi
ZMYND11,3,3,3,3,specific
ZMYND12,4,4,4,4,specific
ZMYND8,6,6,6,6,multi
ZNF106,4,4,4,4,specific
ZNF182,4,4,4,4,specific
ZNF20,3,3,3,3,specific
ZNF24,6,6,6,6,multi
ZNF316,7,7,7,7,multi
ZNF317,6,6,6,6,multi
ZNF365,4,4,4,4,specific
ZNF395,7,7,7,7,multi
ZNF41,3,3,3,3,specific
ZNF410,5,5,5,5,multi
ZNF425,6,6,6,6,multi
ZNF473,6,6,6,6,multi
ZNF506,10,10,10,10,multi
ZNF518A,7,7,7,7,multi
ZNF546,6,6,6,6,multi
ZNF57,3,3,3,3,specific
ZNF579,11,11,11,11,multi
ZNF592,10,10,10,10,multi
ZNF606,8,8,8,8,multi
ZNF616,9,9,9,9,multi
ZNF623,4,4,4,4,specific
ZNF646,16,16,16,16,multi
ZNF697,2,2,2,2,specific
ZNF704,1,1,1,1,specific
ZNF768,13,13,13,13,multi
ZNF816,1,1,1,1,specific
ZNF862,5,5,5,5,multi
ZSCAN18,15,15,15,15,multi
ZSCAN20,3,3,3,3,specific
ZSWIM1,6,6,6,6,multi
ZSWIM6,3,3,3,3,specific
ZW10,14,14,14,14,multi
ABCA6,4,4,4,4,specific
ABCA8,2,2,2,2,specific
ABCA9,6,6,6,6,multi
ABCC8,7,7,7,7,multi
ABI3BP,1,1,1,1,specific
ABLIM2,6,6,6,6,multi
ACAD8,20,20,20,20,multi
ACSL5,3,3,3,3,specific
ACTR10,10,10,10,10,multi
ADAM23,6,6,6,6,multi
ADAMTS5,4,4,4,4,specific
ADCY4,6,6,6,6,multi
ADCY7,5,5,5,5,multi
ADGRD1,4,4,4,4,specific
ADPGK,2,2,2,2,specific
ADRA1A,3,3,3,3,specific
ADRA1B,9,9,9,9,multi
AGMAT,1,1,1,1,specific
AGPS,6,6,6,6,multi
AK1,9,9,9,9,multi
AKAP8L,7,7,7,7,multi
ALG2,5,5,5,5,multi
ALOX15,2,2,2,2,specific
ALS2,3,3,3,3,specific
ANGPTL7,3,3,3,3,specific
ANKRA2,13,13,13,13,multi
ANKRD10,5,5,5,5,multi
ANP32A,4,4,4,4,specific
ANP32E,14,14,14,14,multi
ANXA6,4,4,4,4,specific
AOX1,3,3,3,3,specific
AP1AR,5,5,5,5,multi
APBB3,12,12,12,12,multi
APH1B,3,3,3,3,specific
ARHGAP12,7,7,7,7,multi
ARHGAP26,3,3,3,3,specific
ARHGAP44,1,1,1,1,specific
ARID5A,8,8,8,8,multi
ARL2BP,4,4,4,4,specific
ARSK,6,6,6,6,multi
ASPA,3,3,3,3,specific
ATAD3A,14,14,14,14,multi
ATF6,5,5,5,5,multi
ATP2B2,2,2,2,2,specific
ATP2C1,6,6,6,6,multi
AZIN1,6,6,6,6,multi
B3GNT8,9,9,9,9,multi
B4GALT1,2,2,2,2,specific
B4GAT1,10,10,10,10,multi
BAG3,18,18,18,18,multi
BMPER,4,4,4,4,specific
BRINP1,5,5,5,5,multi
C16orf87,5,5,5,5,multi
C1GALT1,7,7,7,7,multi
C1QTNF2,6,6,6,6,multi
C1QTNF5,3,3,3,3,specific
C1orf115,3,3,3,3,specific
C1orf35,2,2,2,2,specific
C20orf27,6,6,6,6,multi
C22orf39,15,15,15,15,multi
C3orf18,6,6,6,6,multi
C4orf46,1,1,1,1,specific
C5AR2,1,1,1,1,specific
C5orf34,11,11,11,11,multi
C6orf58,2,2,2,2,specific
C7,2,2,2,2,specific
C9orf50,8,8,8,8,multi
CABIN1,11,11,11,11,multi
CAMK1,2,2,2,2,specific
CAMKK1,8,8,8,8,multi
CATSPER4,1,1,1,1,specific
CBX4,3,3,3,3,specific
CCDC103,4,4,4,4,specific
CCDC136,1,1,1,1,specific
CCDC22,17,17,17,17,multi
CCDC28B,9,9,9,9,multi
CCDC85B,7,7,7,7,multi
CCND3,12,12,12,12,multi
CCS,9,9,9,9,multi
CDC37L1,7,7,7,7,multi
CDC40,6,6,6,6,multi
CDK10,14,14,14,14,multi
CDK5R1,3,3,3,3,specific
CDR2,5,5,5,5,multi
CDV3,5,5,5,5,multi
CENPC,8,8,8,8,multi
CEP19,4,4,4,4,specific
CEP70,24,24,24,24,multi
CEPT1,5,5,5,5,multi
CFAP44,5,5,5,5,multi
CFL1,10,10,10,10,multi
CFLAR,3,3,3,3,specific
CHD7,5,5,5,5,multi
CHPT1,7,7,7,7,multi
CHRAC1,5,5,5,5,multi
CHRM1,2,2,2,2,specific
CHST2,8,8,8,8,multi
CIB2,9,9,9,9,multi
CIB4,1,1,1,1,specific
CKAP2L,2,2,2,2,specific
CLIC5,4,4,4,4,specific
CNKSR1,7,7,7,7,multi
CNN3,4,4,4,4,specific
CNOT7,7,7,7,7,multi
COBL,3,3,3,3,specific
COL23A1,5,5,5,5,multi
COPS6,11,11,11,11,multi
COQ3,13,13,13,13,multi
CPNE6,3,3,3,3,specific
CPNE8,5,5,5,5,multi
CPSF6,15,15,15,15,multi
CROCC,10,10,10,10,multi
CSF1,6,6,6,6,multi
CTTNBP2,5,5,5,5,multi
CUEDC2,17,17,17,17,multi
CYB5R1,5,5,5,5,multi
CYBRD1,4,4,4,4,specific
DCAKD,5,5,5,5,multi
DCBLD2,8,8,8,8,multi
DCT,2,2,2,2,specific
DEAF1,17,17,17,17,multi
DGKB,1,1,1,1,specific
DHCR24,2,2,2,2,specific
DHDDS,5,5,5,5,multi
DOCK9,4,4,4,4,specific
DPYD,2,2,2,2,specific
DUSP15,3,3,3,3,specific
DUSP4,6,6,6,6,multi
DYNC2H1,3,3,3,3,specific
EEFSEC,15,15,15,15,multi
EFNA5,2,2,2,2,specific
EFNB3,2,2,2,2,specific
EIF3I,11,11,11,11,multi
ELF1,7,7,7,7,multi
EMP3,6,6,6,6,multi
EPHA2,7,7,7,7,multi
EPO,1,1,1,1,specific
ERBB3,4,4,4,4,specific
ERGIC2,11,11,11,11,multi
ETS1,1,1,1,1,specific
EXTL1,5,5,5,5,multi
F8,3,3,3,3,specific
FAM110D,6,6,6,6,multi
FBXO22,3,3,3,3,specific
FDFT1,4,4,4,4,specific
FGD5,8,8,8,8,multi
FGF5,1,1,1,1,specific
FICD,5,5,5,5,multi
FITM1,6,6,6,6,multi
FKBP4,20,20,20,20,multi
FKBP8,17,17,17,17,multi
FLRT2,3,3,3,3,specific
FNDC4,9,9,9,9,multi
FOXN2,6,5,6,6,multi
FZD7,6,6,6,6,multi
GABRA1,3,3,3,3,specific
GABRR1,3,3,3,3,specific
GALNT15,8,8,8,8,multi
GATA4,4,4,4,4,specific
GBP6,6,6,6,6,multi
GFAP,5,5,5,5,multi
GGN,1,1,1,1,specific
GLIPR2,4,4,4,4,specific
GLIS1,3,3,3,3,specific
GLMP,14,14,14,14,multi
GNAS,5,5,5,5,multi
GNLY,2,2,2,2,specific
GOLT1B,8,8,8,8,multi
GP1BB,1,1,1,1,specific
GPR162,7,7,7,7,multi
GPR176,5,5,5,5,multi
GRK2,16,16,16,16,multi
GSTA4,3,3,3,3,specific
GXYLT2,2,2,2,2,specific
HAMP,1,1,1,1,specific
HAND2,1,1,1,1,specific
HAS3,4,4,4,4,specific
HCLS1,3,3,3,3,specific
HIC1,3,3,3,3,specific
HIF1A,18,18,18,18,multi
HOOK3,3,3,3,3,specific
HOXA2,1,1,1,1,specific
HS3ST1,5,5,5,5,multi
HSPH1,7,7,7,7,multi
IFNAR1,9,9,9,9,multi
IFT20,5,5,5,5,multi
IGFBP2,12,12,12,12,multi
IKBKB,3,3,3,3,specific
IKZF5,11,11,11,11,multi
IL1A,4,4,4,4,specific
IL1R1,4,4,4,4,specific
IL4R,4,4,4,4,specific
INSIG2,6,6,6,6,multi
ISYNA1,10,10,10,10,multi
ITFG1,7,7,7,7,multi
ITGA6,2,2,2,2,specific
JAM2,6,6,6,6,multi
KBTBD2,7,7,7,7,multi
KCNK1,1,1,1,1,specific
KCNK17,3,3,3,3,specific
KCNT2,6,6,6,6,multi
KIAA0319,1,1,1,1,specific
KIF6,2,2,2,2,specific
KLHDC4,8,8,8,8,multi
KRR1,6,6,6,6,multi
KRT12,1,1,1,1,specific
L1CAM,3,3,3,3,specific
LARP7,16,16,16,16,multi
LASP1,7,7,7,7,multi
LBH,4,4,4,4,specific
LCAT,14,14,14,14,multi
LRCH2,9,9,9,9,multi
LRFN4,9,9,9,9,multi
LRRC17,7,7,7,7,multi
LRRC55,4,4,4,4,specific
LRRC8C,7,7,7,7,multi
LSM12,2,2,2,2,specific
LSM4,4,4,4,4,specific
LURAP1L,1,1,1,1,specific
MAFF,3,3,3,3,specific
MAFK,9,9,9,9,multi
MAGED1,5,5,5,5,multi
MAN1A1,4,4,4,4,specific
MANBAL,9,9,9,9,multi
MAOA,11,11,11,11,multi
MAP3K6,11,11,11,11,multi
MAP4K3,13,13,13,13,multi
MAP7D2,3,3,3,3,specific
MATN2,2,2,2,2,specific
MBLAC1,4,4,4,4,specific
MBP,3,3,3,3,specific
MCCC2,12,12,12,12,multi
MCHR1,2,2,2,2,specific
MDGA2,3,3,3,3,specific
ME2,6,6,6,6,multi
MED14,7,7,7,7,multi
MED29,10,10,10,10,multi
MEGF11,4,4,4,4,specific
MET,5,5,5,5,multi
MFSD6,4,4,4,4,specific
MIR133A1,1,1,1,1,specific
MLPH,4,4,4,4,specific
MMP24,3,3,3,3,specific
MORC4,4,4,4,4,specific
MRAP,4,4,4,4,specific
MRPS28,8,8,8,8,multi
N4BP2L1,2,2,2,2,specific
NAA15,11,11,11,11,multi
NAA40,4,4,4,4,specific
NAGLU,5,5,5,5,multi
NARS2,5,5,5,5,multi
NCOA2,13,13,13,13,multi
NCOA7,8,8,8,8,multi
NDEL1,10,10,10,10,multi
NDFIP2,5,5,5,5,multi
NDRG1,11,11,11,11,multi
NDUFS2,6,6,6,6,multi
NEURL1B,2,2,2,2,specific
NFASC,4,4,4,4,specific
NFKB1,4,4,4,4,specific
NPC1L1,1,1,1,1,specific
NR4A3,2,2,2,2,specific
NT5C2,4,4,4,4,specific
NUDCD1,7,7,7,7,multi
NUP210,4,4,4,4,specific
NXPH1,1,1,1,1,specific
OAZ2,4,4,4,4,specific
OSGIN1,14,14,14,14,multi
OXNAD1,4,4,4,4,specific
P2RX4,2,2,2,2,specific
P2RY6,4,4,4,4,specific
P3H3,4,4,4,4,specific
P4HA1,9,9,9,9,multi
PABPC4,7,7,7,7,multi
PAN2,10,10,10,10,multi
PAPOLA,7,7,7,7,multi
PAPSS2,12,12,12,12,multi
PAXBP1,7,7,7,7,multi
PBX3,4,4,4,4,specific
PCDH19,4,4,4,4,specific
PCSK5,3,3,3,3,specific
PCYT1B,3,3,3,3,specific
PDE1A,3,3,3,3,specific
PDE4B,7,7,7,7,multi
PDGFD,1,1,1,1,specific
PDP1,5,5,5,5,multi
PECR,3,3,3,3,specific
PGPEP1L,2,2,2,2,specific
PHTF1,7,7,7,7,multi
PKP2,2,2,2,2,specific
PLK3,10,10,10,10,multi
PLOD2,4,4,4,4,specific
PLOD3,22,22,22,22,multi
PMP22,5,5,5,5,multi
POLI,7,7,7,7,multi
POLR3B,17,17,17,17,multi
POLR3G,4,4,4,4,specific
PPEF1,1,1,1,1,specific
PPM1J,2,2,2,2,specific
PPP1R35,8,8,8,8,multi
PRAF2,8,8,8,8,multi
PRDX2,10,10,10,10,multi
PRMT1,14,14,14,14,multi
PRORP,7,7,7,7,multi
PRPF18,7,7,7,7,multi
PRSS12,3,3,3,3,specific
PSMB6,10,10,10,10,multi
PTGES2,12,12,12,12,multi
PTPRB,2,2,2,2,specific
PTPRE,7,7,7,7,multi
RAB11A,4,4,4,4,specific
RAB11FIP1,4,4,4,4,specific
RAB3D,4,4,4,4,specific
RANBP17,10,10,10,10,multi
RASD2,4,4,4,4,specific
RASGEF1B,5,5,5,5,multi
RASL10B,6,6,6,6,multi
RASSF9,6,6,6,6,multi
RBM15,2,2,2,2,specific
REV1,7,7,7,7,multi
RFLNA,2,2,2,2,specific
RFX3,3,3,3,3,specific
RGL1,2,2,2,2,specific
RGN,1,1,1,1,specific
RGS22,5,5,5,5,multi
RING1,11,11,11,11,multi
RNF175,3,3,3,3,specific
RNF215,12,12,12,12,multi
RNF6,5,5,5,5,multi
RNF7,13,13,13,13,multi
RPS6KB2,14,14,14,14,multi
S100A2,2,2,2,2,specific
S100A9,3,3,3,3,specific
SASS6,7,7,7,7,multi
SATB2,2,2,2,2,specific
SCN7A,2,2,2,2,specific
SCNN1A,6,6,6,6,multi
SDC3,10,10,10,10,multi
SEC23B,7,7,7,7,multi
SEC23IP,15,15,15,15,multi
SELENBP1,3,3,3,3,specific
SELENOV,3,3,3,3,specific
SEMA3G,10,10,10,10,multi
SEMA6A,6,6,6,6,multi
SERPINB5,1,1,1,1,specific
SERPINB9,4,4,4,4,specific
SGSH,6,6,6,6,multi
SH3BP5,6,6,6,6,multi
SHANK1,4,4,4,4,specific
SHROOM1,21,21,21,21,multi
SIGLEC1,4,4,4,4,specific
SIGMAR1,5,5,5,5,multi
SLC1A3,4,4,4,4,specific
SLC26A7,1,1,1,1,specific
SLC30A1,7,7,7,7,multi
SLC33A1,5,5,5,5,multi
SLC35D3,2,2,2,2,specific
SLC38A9,8,8,8,8,multi
SLC44A1,4,4,4,4,specific
SLC6A15,3,3,3,3,specific
SLC7A13,1,1,1,1,specific
SLCO2A1,9,9,9,9,multi
SLFN5,3,3,3,3,specific
SMYD2,5,5,5,5,multi
SNAP23,5,5,5,5,multi
SNORA13,3,3,3,3,specific
SNX16,8,8,8,8,multi
SOX7,6,6,6,6,multi
SP7,2,2,2,2,specific
SPATA20,11,11,11,11,multi
SPON1,4,4,4,4,specific
SSTR1,1,1,1,1,specific
ST7,4,4,4,4,specific
STAC,2,2,2,2,specific
STAM2,9,9,9,9,multi
STEAP4,5,5,5,5,multi
STK32B,3,3,3,3,specific
STMN2,3,3,3,3,specific
STPG1,4,4,4,4,specific
STX10,12,12,12,12,multi
STXBP4,8,8,8,8,multi
STXBP5,4,4,4,4,specific
SUPT4H1,4,4,4,4,specific
SUSD6,7,7,7,7,multi
SWT1,12,12,12,12,multi
SYNPO2L,4,4,4,4,specific
SYS1,21,21,21,21,multi
SYT2,2,2,2,2,specific
TAF4B,6,6,6,6,multi
TBATA,1,1,1,1,specific
TBC1D2,9,9,9,9,multi
TBX20,1,1,1,1,specific
TBX3,4,4,4,4,specific
TBX5,1,1,1,1,specific
TDRD6,2,2,2,2,specific
TEKT2,2,2,2,2,specific
TEPSIN,16,16,16,16,multi
TEX101,1,1,1,1,specific
TGFA,3,3,3,3,specific
TGFB2,4,4,4,4,specific
TGFBR3,6,6,6,6,multi
THBS1,3,3,3,3,specific
THNSL2,6,6,6,6,multi
TIPARP,6,6,6,6,multi
TKT,8,8,8,8,multi
TLE6,7,7,7,7,multi
TMEM132C,3,3,3,3,specific
TMEM176B,5,5,5,5,multi
TMEM240,7,7,7,7,multi
TMEM241,1,1,1,1,specific
TMEM260,5,5,5,5,multi
TMEM35A,1,1,1,1,specific
TMEM53,7,7,7,7,multi
TMEM63B,9,9,9,9,multi
TMEM87A,4,4,4,4,specific
TMEM9,11,11,11,11,multi
TNNC1,3,3,3,3,specific
TOR1AIP2,4,4,4,4,specific
TPMT,7,7,7,7,multi
TPST2,16,16,16,16,multi
TRAPPC13,17,17,17,17,multi
TRIB2,3,3,3,3,specific
TRIM16,6,6,6,6,multi
TRIP11,7,7,7,7,multi
TRMT11,10,10,10,10,multi
TRO,3,3,3,3,specific
TSHZ2,2,2,2,2,specific
TSPAN7,2,2,2,2,specific
TTC12,5,5,5,5,multi
TTC21A,4,4,4,4,specific
TTC5,4,4,4,4,specific
TTYH1,11,11,11,11,multi
TUBA4A,5,5,5,5,multi
TUBE1,4,4,4,4,specific
TUSC3,1,1,1,1,specific
TVP23A,1,1,1,1,specific
UAP1,5,5,5,5,multi
UBFD1,9,9,9,9,multi
UBXN4,11,11,11,11,multi
UNC119,12,12,12,12,multi
USO1,9,9,9,9,multi
VAT1L,3,3,3,3,specific
VCAM1,4,4,4,4,specific
VIPR2,3,3,3,3,specific
VPS9D1,11,11,11,11,multi
VWF,6,6,6,6,multi
WASF1,4,4,4,4,specific
WDR72,3,3,3,3,specific
WIF1,3,3,3,3,specific
WNT2B,4,4,4,4,specific
WNT5A,2,2,2,2,specific
XPNPEP2,4,4,4,4,specific
XRN2,9,9,9,9,multi
XXYLT1,3,3,3,3,specific
ZC3H10,3,3,3,3,specific
ZDHHC6,6,6,6,6,multi
ZFHX4,7,7,7,7,multi
ZFR,13,13,13,13,multi
ZNF177,1,1,1,1,specific
ZNF366,5,5,5,5,multi
ZNF451,21,21,21,21,multi
ZNF559-ZNF177,1,1,1,1,specific
ZNF653,12,12,12,12,multi
ZNF726,3,3,3,3,specific
ZNF839,4,4,4,4,specific
ZNF879,5,5,5,5,multi
ACCSL,3,3,3,3,specific
ADAM8,3,3,3,3,specific
ADAMTS18,1,1,1,1,specific
ADAMTS9,5,5,5,5,multi
ADGRF5,3,3,3,3,specific
AGR3,3,3,3,3,specific
AIFM1,4,4,4,4,specific
ALPG,1,1,1,1,specific
ALPP,1,1,1,1,specific
ANAPC4,13,13,13,13,multi
ANGPT1,6,6,6,6,multi
ANGPT2,3,3,3,3,specific
ANKAR,3,3,3,3,specific
ANKRD62,4,4,4,4,specific
ANO5,6,6,6,6,multi
AP3M1,11,11,11,11,multi
AP4B1,9,9,9,9,multi
ARHGEF10,5,5,5,5,multi
ARMT1,11,11,11,11,multi
BEX1,4,4,4,4,specific
BTK,4,4,4,4,specific
C12orf42,1,1,1,1,specific
C2CD2,8,8,8,8,multi
C3AR1,1,1,1,1,specific
C3orf33,9,9,9,9,multi
CA14,2,2,2,2,specific
CABLES1,3,3,3,3,specific
CAND2,8,8,8,8,multi
CAPS2,4,4,4,4,specific
CARD11,5,5,5,5,multi
CAV1,4,4,4,4,specific
CCDC148,10,10,10,10,multi
CCL21,1,1,1,1,specific
CCNA1,1,1,1,1,specific
CD33,4,4,4,4,specific
CD47,14,14,14,14,multi
CDC73,1,1,1,1,specific
CDHR2,2,2,2,2,specific
CDK11A,7,7,7,7,multi
CDK11B,3,3,3,3,specific
CFAP70,5,5,5,5,multi
CHDH,5,5,5,5,multi
CHGB,1,1,1,1,specific
CLMN,2,2,2,2,specific
COL17A1,2,2,2,2,specific
COLEC12,8,8,8,8,multi
COQ4,9,9,9,9,multi
CRYBB3,5,5,5,5,multi
CSRP2,2,2,2,2,specific
CTNS,15,15,15,15,multi
DBF4,3,3,3,3,specific
DDIT4,18,18,18,18,multi
DHFR2,2,2,2,2,specific
DHRS3,14,14,14,14,multi
DHRS4L2,5,5,5,5,multi
DKK4,2,2,2,2,specific
DNAJA1,10,10,10,10,multi
DNAJB4,7,7,7,7,multi
DNAJB6,5,5,5,5,multi
DNAJC12,1,1,1,1,specific
DOCK2,1,1,1,1,specific
DOCK5,4,4,4,4,specific
DOK3,7,7,7,7,multi
DSCC1,1,1,1,1,specific
ELP6,10,10,10,10,multi
EME2,5,5,5,5,multi
ENTPD1,4,4,4,4,specific
FAM107A,14,14,14,14,multi
FAM151B,9,9,9,9,multi
FBXL4,3,3,3,3,specific
FGFR2,2,2,2,2,specific
FUT7,2,2,2,2,specific
GCFC2,19,19,19,19,multi
GCLM,8,8,8,8,multi
GDF10,4,4,4,4,specific
GFPT2,9,9,9,9,multi
GGT7,11,11,11,11,multi
GJB6,4,4,4,4,specific
GJC1,2,2,2,2,specific
GJD2,4,4,4,4,specific
GLIPR1,6,6,6,6,multi
GPAT3,2,2,2,2,specific
GTPBP4,10,10,10,10,multi
HHEX,3,3,3,3,specific
HOMER1,4,4,4,4,specific
HOPX,12,12,12,12,multi
HSPA13,8,8,8,8,multi
IFI44,4,4,4,4,specific
IFT22,2,2,2,2,specific
IL12A,1,1,1,1,specific
INHBA,4,4,4,4,specific
IPPK,2,2,2,2,specific
ITGA2B,1,1,1,1,specific
ITGAM,3,3,3,3,specific
JCHAIN,4,4,4,4,specific
JKAMP,18,18,18,18,multi
KANK1,4,4,4,4,specific
KANK3,13,13,13,13,multi
KCNK9,3,3,3,3,specific
KCNMB3,6,6,6,6,multi
KLF15,17,16,17,17,multi
KLK7,2,2,2,2,specific
LCTL,2,2,2,2,specific
LGALS9,2,2,2,2,specific
LGALS9B,1,1,1,1,specific
LGALS9C,1,1,1,1,specific
LHX6,2,2,2,2,specific
LNP1,4,4,4,4,specific
MECR,9,9,9,9,multi
METTL22,5,5,5,5,multi
MEX3B,8,8,8,8,multi
MIR142,1,1,1,1,specific
MMP25,2,2,2,2,specific
MRPL17,12,12,12,12,multi
MX1,2,2,2,2,specific
MX2,3,3,3,3,specific
MXD3,2,2,2,2,specific
MYF6,4,4,4,4,specific
MYH7B,6,6,6,6,multi
MYO16,3,3,3,3,specific
MYO1D,4,4,4,4,specific
MYO3B,3,3,3,3,specific
MYOC,3,3,3,3,specific
NCK1,3,3,3,3,specific
NFKBIA,7,7,7,7,multi
NLRP10,1,1,1,1,specific
NMRK2,3,3,3,3,specific
NODAL,1,1,1,1,specific
NOXO1,3,3,3,3,specific
NRL,3,3,3,3,specific
OAS2,4,4,4,4,specific
OFD1,15,15,15,15,multi
OSGIN2,12,12,12,12,multi
OSTF1,5,5,5,5,multi
PAQR4,8,8,8,8,multi
PAQR8,5,5,5,5,multi
PARD3,7,7,7,7,multi
PARVG,5,5,5,5,multi
PATE2,3,3,3,3,specific
PATL2,2,2,2,2,specific
PCDH20,4,4,4,4,specific
PDCD7,5,5,5,5,multi
PDIK1L,13,13,13,13,multi
PDRG1,2,2,2,2,specific
PGC,1,1,1,1,specific
PIH1D1,18,18,18,18,multi
PLA2G2C,3,3,3,3,specific
PLCD3,14,14,14,14,multi
PLEKHF1,5,5,5,5,multi
PLIN3,9,9,9,9,multi
PLK4,10,10,10,10,multi
POC5,13,13,13,13,multi
PON2,10,10,10,10,multi
PRCP,4,4,4,4,specific
PRKRIP1,3,3,3,3,specific
PRPF38A,1,1,1,1,specific
PRR16,2,2,2,2,specific
PRTFDC1,7,7,7,7,multi
PSEN1,3,3,3,3,specific
PSTK,6,6,6,6,multi
RAD54B,2,2,2,2,specific
RANBP3L,6,6,6,6,multi
RASA2,14,14,14,14,multi
RASSF2,2,2,2,2,specific
RBM24,7,7,7,7,multi
RCOR2,3,3,3,3,specific
RCSD1,4,4,4,4,specific
REELD1,4,4,4,4,specific
RHOB,12,12,12,12,multi
RHOH,4,4,4,4,specific
RPS6KA6,9,9,9,9,multi
S1PR3,2,2,2,2,specific
SCIN,1,1,1,1,specific
SERPINA5,2,2,2,2,specific
SERPINF1,2,2,2,2,specific
SETD4,4,4,4,4,specific
SLC22A14,2,2,2,2,specific
SLC24A2,1,1,1,1,specific
SLC2A1,11,11,11,11,multi
SLC34A3,3,3,3,3,specific
SLC35F6,6,6,6,6,multi
SLC39A11,4,4,4,4,specific
SLC6A12,2,2,2,2,specific
SLC7A9,3,3,3,3,specific
SLC9A9,4,3,4,4,specific
SLCO2B1,6,6,6,6,multi
SMOX,11,11,11,11,multi
SNAP29,2,2,2,2,specific
SNORA33,5,5,5,5,multi
SNORD56,3,3,3,3,specific
SNORD65,1,1,1,1,specific
SNX1,2,2,2,2,specific
SPAG4,5,5,5,5,multi
SPRY2,5,5,5,5,multi
SRSF4,9,9,9,9,multi
SSX2IP,11,11,11,11,multi
STAB2,3,3,3,3,specific
STOM,1,1,1,1,specific
TAF1A,7,7,7,7,multi
TCEAL3,2,2,2,2,specific
TCEAL6,1,1,1,1,specific
TIMP4,4,4,4,4,specific
TLR8,3,3,3,3,specific
TMEM220,6,6,6,6,multi
TNFRSF17,2,2,2,2,specific
TOE1,4,4,4,4,specific
TOPAZ1,1,1,1,1,specific
TP53BP2,3,3,3,3,specific
TPCN1,12,12,12,12,multi
TPPP2,1,1,1,1,specific
TRAPPC8,14,14,14,14,multi
TTC7A,3,3,3,3,specific
UBA2,11,11,11,11,multi
UBE2D1,9,9,9,9,multi
URGCP,12,12,12,12,multi
USP32,1,1,1,1,specific
USP6,10,10,10,10,multi
VCAN,4,4,4,4,specific
VSIG4,4,4,4,4,specific
WBP4,7,7,7,7,multi
WDR25,8,8,8,8,multi
XDH,3,3,3,3,specific
ZCCHC10,8,8,8,8,multi
ZIC5,1,1,1,1,specific
ZNF136,18,18,18,18,multi
ZNF180,7,7,7,7,multi
ZNF333,5,5,5,5,multi
ZNF34,6,6,6,6,multi
ZNF449,15,15,15,15,multi
ZNF711,8,8,8,8,multi
ZSCAN5A,6,6,6,6,multi
AADAT,4,4,4,4,specific
ACTR5,4,4,4,4,specific
ADAM11,9,9,9,9,multi
ADAT1,4,4,4,4,specific
ADGRB2,8,8,8,8,multi
ADIRF,5,5,5,5,multi
AGRN,9,9,9,9,multi
AHSA1,23,23,23,23,multi
AICDA,2,2,2,2,specific
AIP,23,23,23,23,multi
AKNA,9,9,9,9,multi
ALDH4A1,11,11,11,11,multi
ALG8,7,7,7,7,multi
ALPK3,5,5,5,5,multi
AMD1,5,5,5,5,multi
ANAPC2,15,15,15,15,multi
ANAPC7,8,8,8,8,multi
ANKDD1B,5,5,5,5,multi
ANKHD1,8,8,8,8,multi
ANKHD1-EIF4EBP3,1,1,1,1,specific
ANKLE1,4,4,4,4,specific
ANKRD13D,10,10,10,10,multi
ANKRD23,3,3,3,3,specific
ANKRD33B,2,2,2,2,specific
ANKRD37,3,3,3,3,specific
ANKRD54,12,12,12,12,multi
ANP32B,6,6,6,6,multi
AP1M1,10,10,10,10,multi
AP1S3,2,2,2,2,specific
AP5B1,13,13,13,13,multi
APBB1,6,6,6,6,multi
ARHGAP33,9,9,9,9,multi
ARHGEF11,13,13,13,13,multi
ARHGEF18,9,9,9,9,multi
ARHGEF39,5,5,5,5,multi
ARMC10,13,13,13,13,multi
ARNTL2,4,4,4,4,specific
ARPP21,4,4,4,4,specific
ARSI,4,4,4,4,specific
ARVCF,9,9,9,9,multi
ASB6,14,14,14,14,multi
ASF1B,5,5,5,5,multi
ASPH,5,5,5,5,multi
ASTL,2,2,2,2,specific
ASXL1,9,9,9,9,multi
ATG16L2,15,15,15,15,multi
ATG9B,4,4,4,4,specific
ATP10A,6,6,6,6,multi
ATP13A1,19,19,19,19,multi
ATP2A1,5,5,5,5,multi
ATP2A3,5,5,5,5,multi
ATXN7L2,11,11,11,11,multi
AURKB,4,4,4,4,specific
B3GAT2,1,1,1,1,specific
BAHD1,9,9,9,9,multi
BAP1,16,16,16,16,multi
BCAS4,7,7,7,7,multi
BCL2L15,3,3,3,3,specific
BCL6,15,15,15,15,multi
BFSP2,1,1,1,1,specific
BLK,4,4,4,4,specific
BLNK,2,2,2,2,specific
BLOC1S2,5,5,5,5,multi
BNIPL,4,4,4,4,specific
BRD8,6,6,6,6,multi
BRSK1,8,8,8,8,multi
BSG,13,13,13,13,multi
BZW1,12,12,12,12,multi
C19orf47,15,15,15,15,multi
CABP4,5,5,5,5,multi
CABP5,1,1,1,1,specific
CADM1,3,3,3,3,specific
CALY,5,5,5,5,multi
CAMKMT,7,7,7,7,multi
CARMIL2,6,6,6,6,multi
CBWD3,7,7,7,7,multi
CBWD5,1,1,1,1,specific
CBWD6,1,1,1,1,specific
CCDC102A,5,5,5,5,multi
CCDC137,7,7,7,7,multi
CCDC173,6,6,6,6,multi
CCDC174,4,4,4,4,specific
CCDC175,2,2,2,2,specific
CCDC189,11,11,11,11,multi
CCDC40,4,4,4,4,specific
CCDC47,8,8,8,8,multi
CCDC71L,2,2,2,2,specific
CCDC88C,4,4,4,4,specific
CCM2,13,13,13,13,multi
CCNL2,7,7,7,7,multi
CCT3,12,12,12,12,multi
CD14,8,8,8,8,multi
CD164,13,13,13,13,multi
CD19,5,5,5,5,multi
CD27,5,5,5,5,multi
CD320,15,15,15,15,multi
CD37,8,8,8,8,multi
CD72,4,4,4,4,specific
CD79A,6,6,6,6,multi
CD79B,4,4,4,4,specific
CD93,4,4,4,4,specific
CDAN1,8,7,8,8,multi
CDIP1,10,10,10,10,multi
CDK2AP1,5,5,5,5,multi
CDKAL1,3,3,3,3,specific
CDKL2,7,7,7,7,multi
CDKN2C,3,3,3,3,specific
CDT1,4,4,4,4,specific
CEBPA,2,2,2,2,specific
CENPA,3,3,3,3,specific
CENPP,9,9,9,9,multi
CENPT,7,7,7,7,multi
CFAP73,1,1,1,1,specific
CHAD,11,11,11,11,multi
CHKA,7,7,7,7,multi
CIC,17,17,17,17,multi
CIITA,3,3,3,3,specific
CLEC11A,5,5,5,5,multi
CLEC14A,5,4,5,5,specific
CLEC6A,1,1,1,1,specific
CLEC7A,1,1,1,1,specific
CMTR1,9,9,9,9,multi
CNOT10,4,4,4,4,specific
COA5,5,5,5,5,multi
COL11A2,3,3,3,3,specific
COL5A3,5,5,5,5,multi
COL9A1,4,4,4,4,specific
COPB1,12,12,12,12,multi
COPG2,10,10,10,10,multi
COPS7A,10,10,10,10,multi
CORO1A,8,8,8,8,multi
CORO6,2,2,2,2,specific
CPPED1,11,11,11,11,multi
CPSF1,15,15,15,15,multi
CREM,9,9,9,9,multi
CRTC1,16,16,16,16,multi
CRYAA,4,4,4,4,specific
CRYAA2,1,1,1,1,specific
CRYZL1,17,17,17,17,multi
CSAD,3,3,3,3,specific
CSRNP2,7,7,7,7,multi
CSTF1,6,6,6,6,multi
CXCR4,1,1,1,1,specific
CXXC1,19,19,19,19,multi
CYP2C9,2,2,2,2,specific
CYTH4,7,7,7,7,multi
DCTN6,11,11,11,11,multi
DDIAS,2,2,2,2,specific
DDX1,9,9,9,9,multi
DDX10,6,6,6,6,multi
DDX11,6,6,6,6,multi
DDX39A,12,12,12,12,multi
DDX49,21,21,21,21,multi
DEFB124,1,1,1,1,specific
DENND4B,13,13,13,13,multi
DGKG,5,5,5,5,multi
DGKZ,15,15,15,15,multi
DHX30,21,21,21,21,multi
DNAJB9,6,6,6,6,multi
DNASE1,15,15,15,15,multi
DNHD1,4,4,4,4,specific
DPF1,3,3,3,3,specific
DPH3,4,4,4,4,specific
DPP9,16,16,16,16,multi
DPY30,2,2,2,2,specific
DPYSL5,5,5,5,5,multi
DTX3,11,11,11,11,multi
DVL3,15,15,15,15,multi
DYRK3,5,5,5,5,multi
E2F1,6,6,6,6,multi
E4F1,16,16,16,16,multi
EBAG9,12,12,12,12,multi
EDC4,14,14,14,14,multi
EDEM1,6,6,6,6,multi
EGFL7,9,9,9,9,multi
EHD1,15,15,15,15,multi
EIF2AK4,6,6,6,6,multi
EIF2S1,8,8,8,8,multi
EIF2S2,11,11,11,11,multi
EIF5A2,4,4,4,4,specific
ELL3,3,3,3,3,specific
EME1,2,2,2,2,specific
ERF,8,8,8,8,multi
ERRFI1,3,3,3,3,specific
ERVMER34-1,2,2,2,2,specific
ESD,6,6,6,6,multi
ETF1,12,12,12,12,multi
ETV3,6,6,6,6,multi
EVPL,5,5,5,5,multi
EXOC3L1,5,5,5,5,multi
EXOG,7,7,7,7,multi
EXT2,3,3,3,3,specific
EYA2,6,6,6,6,multi
FAIM2,7,7,7,7,multi
FAM200A,7,7,7,7,multi
FAM89B,16,16,16,16,multi
FAM98B,7,7,7,7,multi
FANCC,3,3,3,3,specific
FARSB,8,8,8,8,multi
FASTKD2,10,10,10,10,multi
FASTKD5,6,6,6,6,multi
FBRS,11,11,11,11,multi
FBXO31,16,16,16,16,multi
FBXO46,11,11,11,11,multi
FCAMR,1,1,1,1,specific
FCHO1,7,7,7,7,multi
FDCSP,3,3,3,3,specific
FERMT3,2,2,2,2,specific
FGFR4,7,7,7,7,multi
FLT3LG,6,6,6,6,multi
FOXC2,1,1,1,1,specific
FOXF1,4,4,4,4,specific
FSCN1,10,10,10,10,multi
FTSJ1,12,12,12,12,multi
FUCA2,4,4,4,4,specific
FUT8,5,5,5,5,multi
FZR1,13,13,13,13,multi
G6PC3,17,17,17,17,multi
GADD45B,11,11,11,11,multi
GALK1,10,10,10,10,multi
GALK2,4,4,4,4,specific
GAPDH,8,8,8,8,multi
GAS2,4,4,4,4,specific
GATAD2A,7,7,7,7,multi
GBA2,6,6,6,6,multi
GCLC,16,16,16,16,multi
GCSAM,1,1,1,1,specific
GDAP2,7,7,7,7,multi
GDI1,13,13,13,13,multi
GFI1,5,5,5,5,multi
GGH,7,7,7,7,multi
GGT5,13,13,13,13,multi
GID8,9,9,9,9,multi
GIGYF1,9,9,9,9,multi
GJA4,8,8,8,8,multi
GLI4,8,8,8,8,multi
GMPS,10,10,10,10,multi
GNAI3,9,9,9,9,multi
GOLGA5,8,8,8,8,multi
GOLGA8F,1,1,1,1,specific
GOLGA8G,1,1,1,1,specific
GOLGA8H,1,1,1,1,specific
GOLGA8J,1,1,1,1,specific
GOLGA8K,1,1,1,1,specific
GOLGA8M,1,1,1,1,specific
GOLGA8N,1,1,1,1,specific
GOLGA8O,2,2,2,2,specific
GOLGA8R,1,1,1,1,specific
GOLGA8S,1,1,1,1,specific
GOLGA8T,1,1,1,1,specific
GPHA2,3,3,3,3,specific
GPN3,10,10,10,10,multi
GPR146,13,13,13,13,multi
GPSM1,8,8,8,8,multi
GRIPAP1,13,13,13,13,multi
GSR,3,3,3,3,specific
GSTZ1,9,9,9,9,multi
GTF3C1,12,12,12,12,multi
GTSE1,5,5,5,5,multi
GYPC,7,7,7,7,multi
HABP4,8,8,8,8,multi
HCFC1R1,10,10,10,10,multi
HDAC2,16,16,16,16,multi
HEXIM1,13,13,13,13,multi
HGS,22,22,22,22,multi
HIKESHI,3,3,3,3,specific
HIRIP3,12,12,12,12,multi
HMCES,4,4,4,4,specific
HMGB2,6,6,6,6,multi
HNRNPAB,4,4,4,4,specific
HNRNPF,7,7,7,7,multi
HNRNPH1,1,1,1,1,specific
HOXA4,5,5,5,5,multi
HOXA7,3,3,3,3,specific
HOXB6,8,8,8,8,multi
HPF1,17,17,17,17,multi
HPS1,13,13,13,13,multi
HR,11,11,11,11,multi
HSD11B1L,7,7,7,7,multi
HSPA6,3,3,3,3,specific
HSPB2,8,8,8,8,multi
HSPB2-C11orf52,1,1,1,1,specific
HSPB6,2,2,2,2,specific
HSPBP1,17,17,17,17,multi
HSPG2,8,8,8,8,multi
ICOSLG,8,8,8,8,multi
IDH1,7,7,7,7,multi
IDH3A,5,5,5,5,multi
IER2,4,4,4,4,specific
IGHMBP2,8,8,8,8,multi
IGKV4-1,1,1,1,1,specific
IGSF9,5,5,5,5,multi
IL21R,5,5,5,5,multi
IL27RA,6,6,6,6,multi
ING1,7,7,7,7,multi
INTS1,18,18,18,18,multi
INTS6L,6,6,6,6,multi
IPO13,13,13,13,13,multi
IQCD,1,1,1,1,specific
IQCE,5,5,5,5,multi
IRAK1,11,11,11,11,multi
IRF2BPL,10,10,10,10,multi
IRF7,8,8,8,8,multi
ISCA2,7,7,7,7,multi
ITPK1,12,12,12,12,multi
ITPR3,7,7,7,7,multi
JADE2,16,16,16,16,multi
KATNBL1,9,9,9,9,multi
KBTBD4,7,7,7,7,multi
KCNAB2,8,8,8,8,multi
KCNH3,4,4,4,4,specific
KCNN3,4,4,4,4,specific
KCTD17,13,13,13,13,multi
KCTD3,10,10,10,10,multi
KDM5C,15,15,15,15,multi
KHDC1,3,3,3,3,specific
KHNYN,10,10,10,10,multi
KIAA1522,16,16,16,16,multi
KIF7,8,8,8,8,multi
KIFC1,3,3,3,3,specific
KLRF2,1,1,1,1,specific
KMT2B,11,11,11,11,multi
KNOP1,3,3,3,3,specific
KRBA1,11,11,11,11,multi
KYAT3,15,15,15,15,multi
LAT2,1,1,1,1,specific
LDLRAD4,7,7,7,7,multi
LGI3,10,10,10,10,multi
LGI4,9,9,9,9,multi
LIMD2,5,5,5,5,multi
LIMS2,8,8,8,8,multi
LIN37,14,14,14,14,multi
LIN7B,10,10,10,10,multi
LNPK,7,7,7,7,multi
LRRC56,7,7,7,7,multi
LRRK1,11,11,11,11,multi
LRWD1,18,18,18,18,multi
LSP1,4,4,4,4,specific
LYL1,4,4,4,4,specific
LYPD1,5,5,5,5,multi
LZTS2,12,12,12,12,multi
MAJIN,4,4,4,4,specific
MAL,1,1,1,1,specific
MAN2C1,15,15,15,15,multi
MAP2K7,15,15,15,15,multi
MAP3K7CL,1,1,1,1,specific
MAP4K1,6,6,6,6,multi
MAPK12,10,10,10,10,multi
MAPK1IP1L,12,12,12,12,multi
MAPK9,10,10,10,10,multi
MARCKSL1,9,9,9,9,multi
MARK4,8,8,8,8,multi
MAU2,15,15,15,15,multi
MCIDAS,1,1,1,1,specific
MCM2,8,8,8,8,multi
MCM3AP,16,16,16,16,multi
MCM5,7,7,7,7,multi
MED31,10,10,10,10,multi
MEF2D,12,12,12,12,multi
MFAP1,4,4,4,4,specific
MFSD13A,7,7,7,7,multi
MINPP1,11,11,11,11,multi
MIR192,1,1,1,1,specific
MIR5047,3,3,3,3,specific
MLLT1,15,15,15,15,multi
MMP23B,3,3,3,3,specific
MOB3A,9,9,9,9,multi
MOB3C,3,3,3,3,specific
MON1B,11,11,11,11,multi
MORN4,3,3,3,3,specific
MROH6,2,2,2,2,specific
MRPL23,13,13,13,13,multi
MRPL4,15,15,15,15,multi
MRPS31,7,7,7,7,multi
MSC,3,3,3,3,specific
MSI1,3,3,3,3,specific
MT-ATP6,2,2,2,2,specific
MT-CO1,2,2,2,2,specific
MT-CO2,1,1,1,1,specific
MT-ND4,1,1,1,1,specific
MTA1,19,19,19,19,multi
MTERF1,3,3,3,3,specific
MTIF2,8,8,8,8,multi
MTURN,4,4,4,4,specific
MYBL2,4,4,4,4,specific
MYL6B,9,9,9,9,multi
MYOZ1,2,2,2,2,specific
MYRFL,4,4,4,4,specific
NAA35,14,14,14,14,multi
NCAPH2,19,19,19,19,multi
NCF1,4,4,4,4,specific
NCF4,9,9,9,9,multi
NCK2,6,6,6,6,multi
NCL,12,12,12,12,multi
NDRG4,4,4,4,4,specific
NDUFB9,6,6,6,6,multi
NDUFV2,1,1,1,1,specific
NEIL1,14,14,14,14,multi
NELFA,19,19,19,19,multi
NEURL4,18,18,18,18,multi
NFATC1,2,2,2,2,specific
NFKB2,6,6,6,6,multi
NFYA,8,8,8,8,multi
NGB,1,1,1,1,specific
NGF,2,2,2,2,specific
NPDC1,9,9,9,9,multi
NUFIP1,9,9,9,9,multi
NXF1,9,9,9,9,multi
NXPH4,4,4,4,4,specific
NYAP1,6,6,6,6,multi
OARD1,5,5,5,5,multi
OAZ1,16,16,16,16,multi
OCIAD1,8,8,8,8,multi
ODF2,8,8,8,8,multi
OLA1,3,3,3,3,specific
OLFM2,7,7,7,7,multi
OPN3,6,6,6,6,multi
OSGEPL1,12,12,12,12,multi
OTUD5,10,10,10,10,multi
PA2G4,3,3,3,3,specific
PABPC1L,5,5,5,5,multi
PACS2,9,9,9,9,multi
PACSIN1,2,2,2,2,specific
PARD6A,14,14,14,14,multi
PATZ1,8,8,8,8,multi
PBK,2,2,2,2,specific
PCBP4,9,9,9,9,multi
PCNX3,13,13,13,13,multi
PCSK1,3,3,3,3,specific
PDCD1,3,3,3,3,specific
PDHX,8,8,8,8,multi
PEBP4,7,7,7,7,multi
PELI3,6,6,6,6,multi
PEX3,23,23,23,23,multi
PGGHG,6,6,6,6,multi
PHF11,2,2,2,2,specific
PHGDH,8,8,8,8,multi
PIK3C3,8,8,8,8,multi
PITHD1,6,6,6,6,multi
PITPNM1,11,11,11,11,multi
PITX2,1,1,1,1,specific
PKDCC,6,6,6,6,multi
PKMYT1,6,6,6,6,multi
PLA2G15,5,5,5,5,multi
PLA2G2D,4,4,4,4,specific
PLA2G4A,7,7,7,7,multi
PLA2G6,18,18,18,18,multi
PLBD1,12,12,12,12,multi
PLEC,12,12,12,12,multi
PLXNA2,10,10,10,10,multi
PLXNC1,5,5,5,5,multi
PM20D2,3,3,3,3,specific
PML,10,10,10,10,multi
POLB,2,2,2,2,specific
POLD1,9,9,9,9,multi
POLG,12,12,12,12,multi
POLM,10,10,10,10,multi
POMT1,9,9,9,9,multi
POR,13,13,13,13,multi
POU2AF1,4,4,4,4,specific
PPA2,16,15,16,16,multi
PPARD,8,8,8,8,multi
PPM1M,7,7,7,7,multi
PPP1R14A,4,4,4,4,specific
PPP1R26,12,11,12,12,multi
PPP1R3F,11,11,11,11,multi
PPP4R1,3,3,3,3,specific
PPP6R1,16,16,16,16,multi
PPP6R2,14,14,14,14,multi
PRICKLE3,11,11,11,11,multi
PRKG2,4,4,4,4,specific
PROSER1,3,3,3,3,specific
PROSER3,5,5,5,5,multi
PRPSAP2,4,4,4,4,specific
PRR12,14,14,14,14,multi
PRR19,3,3,3,3,specific
PRR5,9,9,9,9,multi
PSMA6,6,6,6,6,multi
PSMC6,13,13,13,13,multi
PTCD3,7,7,7,7,multi
PTK2B,7,7,7,7,multi
PTPRCAP,6,6,6,6,multi
PVRIG,5,5,5,5,multi
PWP1,11,11,11,11,multi
QTRT1,13,13,13,13,multi
RAB22A,6,6,6,6,multi
RAB28,5,5,5,5,multi
RAC3,10,10,10,10,multi
RAD1,3,3,3,3,specific
RAP2B,7,7,7,7,multi
RASAL1,5,5,5,5,multi
RASGRP2,7,7,7,7,multi
RBCK1,13,13,13,13,multi
RBM38,3,3,3,3,specific
RBM45,18,18,18,18,multi
RBM5,6,6,6,6,multi
RCE1,10,10,10,10,multi
RCL1,4,4,4,4,specific
RCN2,13,13,13,13,multi
RECQL5,15,15,15,15,multi
REEP2,5,5,5,5,multi
REM1,2,2,2,2,specific
REM2,1,1,1,1,specific
REXO1,18,18,18,18,multi
RFX1,15,15,15,15,multi
RFX2,8,8,8,8,multi
RHOBTB2,8,8,8,8,multi
RIC8A,16,16,16,16,multi
RINT1,17,17,17,17,multi
RMND1,10,10,10,10,multi
RMND5B,22,22,22,22,multi
ROBO4,4,4,4,4,specific
RPP21,13,13,13,13,multi
RPRML,1,1,1,1,specific
RPS9,15,15,15,15,multi
RRAS,9,9,9,9,multi
RSL1D1,8,8,8,8,multi
RSPH6A,4,4,4,4,specific
RSRP1,12,12,12,12,multi
RTN2,11,11,11,11,multi
SAMD15,4,4,4,4,specific
SAR1B,10,10,10,10,multi
SBF1,17,17,17,17,multi
SCAMP4,9,9,9,9,multi
SCARNA17,3,3,3,3,specific
SCML4,5,5,5,5,multi
SEC22A,7,7,7,7,multi
SELENOF,1,1,1,1,specific
SETD1B,5,5,5,5,multi
SF3A2,15,15,15,15,multi
SFSWAP,5,5,5,5,multi
SGF29,14,14,14,14,multi
SGK1,10,10,10,10,multi
SH2B3,5,5,5,5,multi
SH2D3C,12,12,12,12,multi
SHKBP1,16,16,16,16,multi
SHTN1,5,5,5,5,multi
SIAH2,7,7,7,7,multi
SIGLEC10,1,1,1,1,specific
SIK1,1,1,1,1,specific
SIK1B,4,4,4,4,specific
SIPA1,9,9,9,9,multi
SIRT4,9,9,9,9,multi
SIT1,5,5,5,5,multi
SLC12A4,5,5,5,5,multi
SLC16A13,4,4,4,4,specific
SLC16A5,6,6,6,6,multi
SLC22A5,3,3,3,3,specific
SLC23A3,2,2,2,2,specific
SLC25A19,20,20,20,20,multi
SLC26A11,9,9,9,9,multi
SLC43A1,5,5,5,5,multi
SLC45A3,3,3,3,3,specific
SLC4A2,12,12,12,12,multi
SLC4A3,9,9,9,9,multi
SLC7A14,2,2,2,2,specific
SLCO3A1,7,7,7,7,multi
SLCO4C1,2,2,2,2,specific
SLX4,6,6,6,6,multi
SMARCB1,17,17,17,17,multi
SMG6,16,16,16,16,multi
SMG9,13,13,13,13,multi
SNAPC2,14,14,14,14,multi
SNAPC4,13,13,13,13,multi
SND1,4,4,4,4,specific
SNORA24,2,2,2,2,specific
SNORA77,3,3,3,3,specific
SNORD18,1,1,1,1,specific
SNORD18A,1,1,1,1,specific
SNORD18B,1,1,1,1,specific
SNORD18C,2,2,2,2,specific
SNORD86,5,5,5,5,multi
SNRNP70,8,8,8,8,multi
SNX8,15,15,15,15,multi
SOWAHA,4,4,4,4,specific
SOX9,3,3,3,3,specific
SPIB,7,7,7,7,multi
SPOCK2,14,14,14,14,multi
SPON2,4,4,4,4,specific
SPRYD7,8,8,8,8,multi
SPSB1,8,8,8,8,multi
SPTLC3,7,7,7,7,multi
SRPK3,6,6,6,6,multi
SRPRB,4,4,4,4,specific
SRSF2,10,10,10,10,multi
ST6GALNAC2,3,3,3,3,specific
STAP1,2,2,2,2,specific
STEAP1,4,4,4,4,specific
STK11IP,14,14,14,14,multi
STK31,4,4,4,4,specific
STK40,13,13,13,13,multi
STRA6,4,4,4,4,specific
STX11,4,4,4,4,specific
SULT2B1,3,3,3,3,specific
SUN2,10,10,10,10,multi
SUSD1,2,2,2,2,specific
SYNPO,6,6,6,6,multi
SZRD1,6,6,6,6,multi
TACC3,6,6,6,6,multi
TAF1B,12,12,12,12,multi
TAF1C,13,13,13,13,multi
TAF1D,8,8,8,8,multi
TBC1D10C,4,4,4,4,specific
TBCC,14,14,14,14,multi
TBRG4,14,14,14,14,multi
TECPR1,11,10,11,11,multi
TERT,2,2,2,2,specific
TFB2M,4,4,4,4,specific
TFEB,11,11,11,11,multi
TFPI,3,3,3,3,specific
THOC7,9,9,9,9,multi
TICAM1,9,9,9,9,multi
TIMM17A,4,4,4,4,specific
TIMM23,4,4,4,4,specific
TIMM44,13,13,13,13,multi
TJAP1,10,10,10,10,multi
TLCD2,2,2,2,2,specific
TLE3,7,7,7,7,multi
TLR7,4,4,4,4,specific
TLR9,1,1,1,1,specific
TM9SF2,7,7,7,7,multi
TMA16,7,7,7,7,multi
TMBIM4,11,11,11,11,multi
TMC5,3,3,3,3,specific
TMC6,12,12,12,12,multi
TMCO2,1,1,1,1,specific
TMEM126B,12,12,12,12,multi
TMEM129,18,18,18,18,multi
TMEM165,7,7,7,7,multi
TMEM198,8,8,8,8,multi
TMEM203,12,12,12,12,multi
TMEM38A,8,8,8,8,multi
TMEM41A,2,2,2,2,specific
TMEM69,5,5,5,5,multi
TMEM79,12,12,12,12,multi
TMEM82,3,3,3,3,specific
TMOD4,2,2,2,2,specific
TNK2,9,9,9,9,multi
TNNT1,9,9,9,9,multi
TNS2,16,16,16,16,multi
TOP3B,13,13,13,13,multi
TOX2,2,2,2,2,specific
TOX4,7,7,7,7,multi
TPPP3,7,7,7,7,multi
TRA2B,4,4,4,4,specific
TRAF2,13,13,13,13,multi
TRBV9,2,2,2,2,specific
TREML2,2,2,2,2,specific
TRIAP1,9,9,9,9,multi
TRIB3,1,1,1,1,specific
TRIM8,14,14,14,14,multi
TRIP4,2,2,2,2,specific
TRMO,8,8,8,8,multi
TRMT10C,10,10,10,10,multi
TRMT6,11,11,11,11,multi
TRMT61A,8,8,8,8,multi
TRNT1,6,6,6,6,multi
TSACC,9,9,9,9,multi
TSC2,15,15,15,15,multi
TSC22D3,22,22,22,22,multi
TSSC4,11,11,11,11,multi
TTC27,8,8,8,8,multi
TTC32,1,1,1,1,specific
TTC4,2,2,2,2,specific
TUBB6,4,4,4,4,specific
TUBG1,6,6,6,6,multi
TXNL1,11,11,11,11,multi
U2AF2,17,17,17,17,multi
UBA7,9,9,9,9,multi
UBE2S,9,9,9,9,multi
UNC5B,5,5,5,5,multi
UNKL,8,8,8,8,multi
URI1,8,8,8,8,multi
USP11,7,7,7,7,multi
USP20,13,13,13,13,multi
VAV1,2,2,2,2,specific
VAV2,4,4,4,4,specific
VPREB1,1,1,1,1,specific
VPREB3,4,4,4,4,specific
VPS53,2,2,2,2,specific
WASH6P,18,18,18,18,multi
WASHC1,1,1,1,1,specific
WDR12,14,14,14,14,multi
WDR20,6,6,6,6,multi
WDR6,12,12,12,12,multi
WFDC1,3,3,3,3,specific
WIZ,8,8,8,8,multi
WNT11,5,5,5,5,multi
XRCC4,14,14,14,14,multi
YBEY,1,1,1,1,specific
YTHDF2,1,1,1,1,specific
ZBED2,1,1,1,1,specific
ZBTB17,18,18,18,18,multi
ZBTB3,11,11,11,11,multi
ZBTB7B,9,9,9,9,multi
ZC3H3,17,17,17,17,multi
ZCCHC3,9,9,9,9,multi
ZDHHC8,16,16,16,16,multi
ZFP28,3,3,3,3,specific
ZFP36L1,13,13,13,13,multi
ZFPL1,8,8,8,8,multi
ZFPM1,4,4,4,4,specific
ZNF26,4,4,4,4,specific
ZNF276,5,5,5,5,multi
ZNF296,4,4,4,4,specific
ZNF335,14,14,14,14,multi
ZNF500,10,10,10,10,multi
ZNF554,8,8,8,8,multi
ZNF691,7,7,7,7,multi
ZNF76,12,12,12,12,multi
ZNF77,3,3,3,3,specific
ZNF786,7,7,7,7,multi
ZNF837,3,3,3,3,specific
ZSWIM8,15,15,15,15,multi
ABCA3,11,11,11,11,multi
ABCC3,3,3,3,3,specific
ABLIM3,4,4,4,4,specific
ACSS2,3,3,3,3,specific
ACSS3,5,5,5,5,multi
ACVRL1,7,7,7,7,multi
AK8,4,4,4,4,specific
AKR1A1,3,3,3,3,specific
ANKRD6,4,4,4,4,specific
ANOS1,5,5,5,5,multi
AOC3,1,1,1,1,specific
AP2M1,12,12,12,12,multi
ARHGAP21,5,5,5,5,multi
ARHGAP23,6,6,6,6,multi
ARHGEF10L,9,9,9,9,multi
ARL4D,4,4,4,4,specific
ASB5,4,4,4,4,specific
ATP6AP1,15,15,15,15,multi
AVPI1,5,5,5,5,multi
B3GAT1,5,5,5,5,multi
BLVRA,3,3,3,3,specific
BPGM,3,3,3,3,specific
BRI3,13,13,13,13,multi
BST2,3,3,3,3,specific
BTAF1,8,8,8,8,multi
C11orf54,10,10,10,10,multi
C19orf38,1,1,1,1,specific
C1QA,10,10,10,10,multi
C1QB,10,10,10,10,multi
C6,1,1,1,1,specific
CALML4,2,2,2,2,specific
CAPN2,3,3,3,3,specific
CBS,9,9,9,9,multi
CBSL,1,1,1,1,specific
CBY1,6,6,6,6,multi
CC2D2B,4,4,4,4,specific
CCDC125,2,2,2,2,specific
CCDC92,9,9,9,9,multi
CCNJL,3,3,3,3,specific
CCT7,16,16,16,16,multi
CD81,11,11,11,11,multi
CDK19,4,4,4,4,specific
CDR2L,9,9,9,9,multi
CEP135,4,4,4,4,specific
CEP295NL,2,2,2,2,specific
CLEC2D,3,3,3,3,specific
CLEC4G,1,1,1,1,specific
CLIC1,3,3,3,3,specific
CNOT2,8,8,8,8,multi
COCH,2,2,2,2,specific
COMMD8,7,7,7,7,multi
COPZ2,2,2,2,2,specific
COQ5,2,2,2,2,specific
CORO2B,5,5,5,5,multi
CPXM1,3,3,3,3,specific
CRHR1,3,3,3,3,specific
CRYBB2,3,3,3,3,specific
CTTN,6,6,6,6,multi
CWF19L1,7,7,7,7,multi
CYGB,7,7,7,7,multi
CYP51A1,12,12,12,12,multi
DCAF6,6,6,6,6,multi
DEK,3,3,3,3,specific
DHODH,4,4,4,4,specific
DHX29,21,21,21,21,multi
DHX36,9,9,9,9,multi
DNM1L,10,10,10,10,multi
DOK2,3,3,3,3,specific
DOK4,12,12,12,12,multi
DPH5,5,5,5,5,multi
DPT,1,1,1,1,specific
DRP2,4,4,4,4,specific
DUSP7,4,4,4,4,specific
EGR3,2,2,2,2,specific
EVI2B,4,4,4,4,specific
FAM227A,1,1,1,1,specific
FAM9B,1,1,1,1,specific
FBLN5,5,5,5,5,multi
FBXW7,4,4,4,4,specific
FKBP10,5,5,5,5,multi
FLOT1,12,12,12,12,multi
FLT4,7,7,7,7,multi
FOLR1,1,1,1,1,specific
FREM1,5,5,5,5,multi
GATA2,4,4,4,4,specific
GDF15,4,4,4,4,specific
GDPD5,10,10,10,10,multi
GLT8D2,3,3,3,3,specific
GPC3,4,4,4,4,specific
GPD1,2,2,2,2,specific
GPM6B,4,4,4,4,specific
GPR174,2,2,2,2,specific
GPR182,5,5,5,5,multi
GPRC5B,3,3,3,3,specific
GRB10,6,6,6,6,multi
GRIA2,1,1,1,1,specific
GRINA,12,12,12,12,multi
GRN,8,8,8,8,multi
GSKIP,6,6,6,6,multi
GZMB,3,3,3,3,specific
HAPLN3,3,3,3,3,specific
HCK,1,1,1,1,specific
HK3,2,2,2,2,specific
HMX2,2,2,2,2,specific
HPS5,4,4,4,4,specific
HS3ST3A1,2,2,2,2,specific
HSPA12A,4,4,4,4,specific
HTR5A,2,2,2,2,specific
ICOS,2,2,2,2,specific
IDNK,1,1,1,1,specific
IER3,2,2,2,2,specific
IFT57,6,6,6,6,multi
IGFBP4,2,2,2,2,specific
IL18RAP,3,3,3,3,specific
IL20RB,3,3,3,3,specific
ILDR2,3,3,3,3,specific
IRX3,4,4,4,4,specific
KAZN,8,8,8,8,multi
KCNA2,2,2,2,2,specific
KDELR1,7,7,7,7,multi
KIF1C,4,4,4,4,specific
KLRF1,8,8,8,8,multi
KRT33A,1,1,1,1,specific
LACTB2,10,10,10,10,multi
LIAS,3,3,3,3,specific
LMNA,7,7,7,7,multi
LMOD1,2,2,2,2,specific
LPCAT3,7,7,7,7,multi
LRRC34,6,6,6,6,multi
LRRC39,5,5,5,5,multi
LVRN,2,2,2,2,specific
LYPLAL1,5,5,5,5,multi
MAFG,4,4,4,4,specific
MAP3K11,14,14,14,14,multi
MAPK10,3,3,3,3,specific
MASP1,3,3,3,3,specific
MBD4,13,13,13,13,multi
MCCC1,7,7,7,7,multi
MEAF6,1,1,1,1,specific
MFN2,5,5,5,5,multi
MGME1,8,8,8,8,multi
MMD,4,4,4,4,specific
MMP15,14,14,14,14,multi
MOCS1,7,7,7,7,multi
MPHOSPH9,4,4,4,4,specific
MSX1,3,3,3,3,specific
NAA25,9,9,9,9,multi
NCR1,1,1,1,1,specific
NCSTN,4,4,4,4,specific
NECTIN2,11,11,11,11,multi
NEK10,3,3,3,3,specific
NFE2L3,4,4,4,4,specific
NPR1,6,6,6,6,multi
NR2C1,9,9,9,9,multi
NUAK1,3,3,3,3,specific
NUDT7,5,5,5,5,multi
NUMBL,9,9,9,9,multi
NUP133,12,12,12,12,multi
NUP37,6,6,6,6,multi
NUPR1,9,9,9,9,multi
NXN,9,9,9,9,multi
OTOR,2,2,2,2,specific
PABPC5,2,2,2,2,specific
PALM3,3,3,3,3,specific
PCBD2,2,2,2,2,specific
PCDHB14,4,4,4,4,specific
PDHA1,7,7,7,7,multi
PEX1,10,10,10,10,multi
PFN4,2,2,2,2,specific
PGPEP1,10,10,10,10,multi
PHKG1,5,5,5,5,multi
PHLDB1,12,12,12,12,multi
PIAS2,7,7,7,7,multi
PIGL,2,2,2,2,specific
PLBD2,12,12,12,12,multi
PLCH1,5,5,5,5,multi
PLIN4,3,3,3,3,specific
PLXNA1,10,10,10,10,multi
PLXND1,7,7,7,7,multi
PPIB,9,9,9,9,multi
PPP4R3A,5,5,5,5,multi
PPP4R4,3,3,3,3,specific
PRMT8,4,4,4,4,specific
PRPH2,1,1,1,1,specific
PRR5L,5,5,5,5,multi
PRX,14,14,14,14,multi
PSIP1,9,9,9,9,multi
PSKH1,7,7,7,7,multi
PTK7,5,5,5,5,multi
PVALB,1,1,1,1,specific
PXN,3,3,3,3,specific
RAB20,5,5,5,5,multi
RASA3,9,9,9,9,multi
RBL1,8,8,8,8,multi
RBM11,6,6,6,6,multi
RBP5,1,1,1,1,specific
RECQL,13,13,13,13,multi
RILPL1,10,10,10,10,multi
RNLS,2,2,2,2,specific
RPAP2,9,9,9,9,multi
SAMD3,3,3,3,3,specific
SCARA5,2,2,2,2,specific
SCLY,8,8,8,8,multi
SCN1B,7,7,7,7,multi
SEPSECS,10,10,10,10,multi
SERP1,7,7,7,7,multi
SERPING1,8,8,8,8,multi
SERPINH1,9,9,9,9,multi
SGCG,2,2,2,2,specific
SH3D21,2,2,2,2,specific
SHC1,5,5,5,5,multi
SIGLEC11,2,2,2,2,specific
SKI,5,5,5,5,multi
SLAMF1,1,1,1,1,specific
SLC12A6,4,4,4,4,specific
SLC19A3,3,3,3,3,specific
SLC1A6,4,4,4,4,specific
SLC4A10,4,4,4,4,specific
SLC6A6,9,9,9,9,multi
SLC9A3R2,10,10,10,10,multi
SMC3,8,8,8,8,multi
SMC4,2,2,2,2,specific
SMPD3,7,7,7,7,multi
SNORD42,1,1,1,1,specific
SNORD42A,1,1,1,1,specific
SNORD42B,1,1,1,1,specific
SPAG17,1,1,1,1,specific
SPNS2,8,8,8,8,multi
SPRY1,5,5,5,5,multi
SPSB4,6,6,6,6,multi
SRC,6,6,6,6,multi
STAC3,6,6,6,6,multi
STARD8,5,5,5,5,multi
SUPT6H,13,13,13,13,multi
SVEP1,1,1,1,1,specific
SYBU,9,9,9,9,multi
SYTL3,3,3,3,3,specific
TAF5,1,1,1,1,specific
TAGAP,2,2,2,2,specific
TEAD3,7,7,7,7,multi
TECTA,11,11,11,11,multi
TFDP2,10,10,10,10,multi
TGFB1I1,7,7,7,7,multi
THEMIS2,2,2,2,2,specific
TIMP1,6,6,6,6,multi
TIPIN,6,6,6,6,multi
TLE4,6,6,6,6,multi
TMEM11,8,8,8,8,multi
TMEM119,5,5,5,5,multi
TMX3,15,15,15,15,multi
TNFAIP8,3,3,3,3,specific
TNS1,2,2,2,2,specific
TOMM40L,7,7,7,7,multi
TRAPPC12,11,11,11,11,multi
TRPV5,4,4,4,4,specific
TXNL4A,3,3,3,3,specific
TYRO3,6,6,6,6,multi
UNC13B,6,6,6,6,multi
UTP23,2,2,2,2,specific
VIT,5,5,5,5,multi
VWA3B,2,2,2,2,specific
WDR76,6,6,6,6,multi
YBX3,4,4,4,4,specific
YIF1A,16,16,16,16,multi
YIF1B,19,19,19,19,multi
ZCCHC7,5,5,5,5,multi
ZIK1,4,4,4,4,specific
ZNF154,3,3,3,3,specific
ZNF200,10,10,10,10,multi
ZNF267,2,2,2,2,specific
ZNF347,2,2,2,2,specific
ZNF358,17,17,17,17,multi
ZNF556,2,2,2,2,specific
ZNF572,4,4,4,4,specific
ZNF605,4,4,4,4,specific
ZNF708,3,3,3,3,specific
ZNF789,3,3,3,3,specific
ZNF793,1,1,1,1,specific
ZNF808,5,5,5,5,multi
ZNF829,2,2,2,2,specific
ZNF850,6,6,6,6,multi
ZNF93,2,2,2,2,specific
ZPBP,10,10,10,10,multi
ZSWIM3,7,7,7,7,multi
A2ML1,2,2,2,2,specific
A4GALT,6,6,6,6,multi
AAAS,14,14,14,14,multi
AAGAB,6,6,6,6,multi
AARS2,13,13,13,13,multi
ABCB6,9,9,9,9,multi
ABCB8,10,10,10,10,multi
ABCC4,9,9,9,9,multi
ABCD1,16,16,16,16,multi
ABCD3,7,7,7,7,multi
ABCE1,8,8,8,8,multi
ABCG1,10,10,10,10,multi
ABHD1,3,3,3,3,specific
ABHD12,7,7,7,7,multi
ABHD14A-ACY1,14,14,14,14,multi
ABHD4,6,6,6,6,multi
ACAP1,10,10,10,10,multi
ACAP2,6,6,6,6,multi
ACAT2,7,7,7,7,multi
ACBD4,7,7,7,7,multi
ACKR4,2,2,2,2,specific
ACOXL,1,1,1,1,specific
ACP2,10,10,10,10,multi
ACP7,1,1,1,1,specific
ACSBG1,5,5,5,5,multi
ACTR2,7,7,7,7,multi
ACTR3,9,9,9,9,multi
ADAM17,3,3,3,3,specific
ADAMTS13,4,4,4,4,specific
ADCK2,7,7,7,7,multi
ADGRL4,3,3,3,3,specific
ADK,8,8,8,8,multi
ADM,4,4,4,4,specific
ADRA2C,3,3,3,3,specific
AGAP1,4,4,4,4,specific
AGFG2,5,5,5,5,multi
AGO1,4,4,4,4,specific
AGTR1,4,4,4,4,specific
AGTR2,2,2,2,2,specific
AHCTF1,7,7,7,7,multi
AHDC1,10,10,10,10,multi
AK6,11,11,11,11,multi
ALAD,15,15,15,15,multi
ALCAM,4,4,4,4,specific
ALDH16A1,13,13,13,13,multi
ALDH1L2,3,3,3,3,specific
ALDH3A1,4,4,4,4,specific
ALDH3A2,13,13,13,13,multi
ALDH3B1,3,3,3,3,specific
ALDOC,5,5,5,5,multi
ALG1L2,7,7,7,7,multi
ALKBH2,7,7,7,7,multi
ALKBH4,8,7,8,8,multi
ALKBH7,10,10,10,10,multi
ALPK2,4,4,4,4,specific
ALYREF,7,7,7,7,multi
AMFR,2,2,2,2,specific
AMHR2,3,3,3,3,specific
ANKFN1,1,1,1,1,specific
ANKRD24,11,11,11,11,multi
ANKRD39,8,8,8,8,multi
ANKRD65,3,3,3,3,specific
ANO8,8,8,8,8,multi
ANXA10,2,2,2,2,specific
APCDD1,9,9,9,9,multi
APCDD1L,1,1,1,1,specific
APEH,18,18,18,18,multi
APMAP,3,3,3,3,specific
APOE,7,7,7,7,multi
ARAP2,3,3,3,3,specific
ARF4,9,9,9,9,multi
ARF6,10,10,10,10,multi
ARFGAP2,17,17,17,17,multi
ARFRP1,9,9,9,9,multi
ARHGAP19-SLIT1,4,4,4,4,specific
ARHGAP27,12,12,12,12,multi
ARHGAP29,3,3,3,3,specific
ARHGAP4,8,8,8,8,multi
ARHGAP9,1,1,1,1,specific
ARHGEF16,6,6,6,6,multi
ARID1B,9,9,9,9,multi
ARL4C,5,5,5,5,multi
ARMC12,9,9,9,9,multi
ARMC5,11,11,11,11,multi
ARMC6,17,17,17,17,multi
ARMC8,11,11,11,11,multi
ARPC4-TTLL3,7,7,7,7,multi
ARRB1,5,5,5,5,multi
ARRB2,11,11,11,11,multi
ARSA,15,15,15,15,multi
ASB7,2,2,2,2,specific
ASCC2,16,16,16,16,multi
ATG4D,11,11,11,11,multi
ATN1,14,14,14,14,multi
ATP13A2,13,13,13,13,multi
ATP13A3,7,7,7,7,multi
ATP6V0C,17,17,17,17,multi
ATP8A1,5,5,5,5,multi
ATXN2L,11,11,11,11,multi
ATXN7L1,5,5,5,5,multi
AUH,3,3,3,3,specific
B3GALT4,7,7,7,7,multi
B3GNT4,4,4,4,4,specific
B4GALT3,15,15,15,15,multi
BATF,3,3,3,3,specific
BAZ2B,11,11,11,11,multi
BBS1,5,5,5,5,multi
BCAM,15,15,15,15,multi
BCAS3,1,1,1,1,specific
BCL11A,3,3,3,3,specific
BCL2L11,7,7,7,7,multi
BCL7A,2,2,2,2,specific
BICC1,4,4,4,4,specific
BICDL2,5,5,5,5,multi
BLMH,3,3,3,3,specific
BLVRB,10,10,10,10,multi
BMP6,2,2,2,2,specific
BNIP3L,4,4,4,4,specific
BOD1,13,13,13,13,multi
BRAF,4,4,4,4,specific
BRD7,6,6,6,6,multi
BRD9,5,5,5,5,multi
BRPF1,6,6,6,6,multi
BSCL2,10,10,10,10,multi
BSDC1,16,16,16,16,multi
BTBD1,5,5,5,5,multi
BTBD10,4,4,4,4,specific
BTLA,1,1,1,1,specific
BTN2A1,2,2,2,2,specific
BTN3A1,2,2,2,2,specific
BTN3A2,2,2,2,2,specific
BUD13,3,3,3,3,specific
C11orf49,7,7,7,7,multi
C11orf52,3,3,3,3,specific
C11orf65,2,2,2,2,specific
C12orf75,3,3,3,3,specific
C14orf93,3,3,3,3,specific
C16orf86,7,7,7,7,multi
C17orf49,13,13,13,13,multi
C17orf97,5,5,5,5,multi
C18orf25,4,4,4,4,specific
C1QC,8,8,8,8,multi
C1orf131,3,3,3,3,specific
C1orf56,3,3,3,3,specific
C6orf132,3,3,3,3,specific
C9orf116,5,5,5,5,multi
CA12,1,1,1,1,specific
CACNB1,5,5,5,5,multi
CACNB4,1,1,1,1,specific
CALCOCO2,7,7,7,7,multi
CALR3,1,1,1,1,specific
CAMSAP2,3,3,3,3,specific
CAMSAP3,8,8,8,8,multi
CAND1,6,6,6,6,multi
CAPN12,5,5,5,5,multi
CAPS,9,9,9,9,multi
CARD19,5,5,5,5,multi
CARD6,4,4,4,4,specific
CASK,4,4,4,4,specific
CAST,9,9,9,9,multi
CATSPERG,5,5,5,5,multi
CC2D1A,15,15,15,15,multi
CC2D2A,4,4,4,4,specific
CCDC102B,3,3,3,3,specific
CCDC120,4,4,4,4,specific
CCDC17,8,8,8,8,multi
CCDC183,4,4,4,4,specific
CCDC28A,1,1,1,1,specific
CCDC68,3,3,3,3,specific
CCDC86,8,8,8,8,multi
CCHCR1,9,9,9,9,multi
CCL13,4,4,4,4,specific
CCL27,5,5,5,5,multi
CCNDBP1,4,4,4,4,specific
CCNG1,5,5,5,5,multi
CCNG2,3,3,3,3,specific
CCNYL1,5,5,5,5,multi
CCT2,7,7,7,7,multi
CCT4,5,5,5,5,multi
CCT5,7,7,7,7,multi
CCT6A,7,7,7,7,multi
CCT6B,6,6,6,6,multi
CCT8,4,4,4,4,specific
CD74,5,5,5,5,multi
CD82,10,10,10,10,multi
CDCA7L,7,7,7,7,multi
CDH22,5,5,5,5,multi
CDH23,3,3,3,3,specific
CDIPT,8,8,8,8,multi
CDK2,3,3,3,3,specific
CDK5RAP3,11,11,11,11,multi
CDKN1A,6,6,6,6,multi
CENPI,7,7,7,7,multi
CENPL,4,4,4,4,specific
CEP131,9,9,9,9,multi
CEP68,4,4,4,4,specific
CEP78,3,3,3,3,specific
CERS4,6,6,6,6,multi
CERS5,2,2,2,2,specific
CHAC2,5,5,5,5,multi
CHID1,9,9,9,9,multi
CHMP1A,12,12,12,12,multi
CHRNA7,5,5,5,5,multi
CHST12,10,10,10,10,multi
CHST7,5,5,5,5,multi
CHSY1,3,3,3,3,specific
CHTF8,5,5,5,5,multi
CIR1,7,7,7,7,multi
CISH,3,3,3,3,specific
CIZ1,19,19,19,19,multi
CLASRP,13,13,13,13,multi
CLDN12,5,5,5,5,multi
CLDN4,5,5,5,5,multi
CLEC4A,4,4,4,4,specific
CLIC3,4,4,4,4,specific
CLINT1,2,2,2,2,specific
CLN3,18,18,18,18,multi
CLN5,6,6,6,6,multi
CLN6,13,13,13,13,multi
CLSTN2,2,2,2,2,specific
CLTCL1,2,2,2,2,specific
CLU,5,5,5,5,multi
CMBL,3,3,3,3,specific
CMKLR1,5,5,5,5,multi
CMTM8,4,4,4,4,specific
CNBP,10,10,10,10,multi
CNDP1,1,1,1,1,specific
CNEP1R1,6,6,6,6,multi
CNNM4,4,4,4,4,specific
CNPPD1,13,13,13,13,multi
CNTN3,4,4,4,4,specific
COA4,17,17,17,17,multi
COASY,8,8,8,8,multi
COG4,11,11,11,11,multi
COG8,3,3,3,3,specific
COLCA2,3,3,3,3,specific
COMMD5,19,19,19,19,multi
COPB2,6,6,6,6,multi
COPE,17,17,17,17,multi
COQ2,3,3,3,3,specific
CORO1B,15,15,15,15,multi
COX20,3,3,3,3,specific
CPED1,5,5,5,5,multi
CPT1C,4,4,4,4,specific
CPTP,9,9,9,9,multi
CRACR2B,5,5,5,5,multi
CRB3,4,4,4,4,specific
CREBL2,3,3,3,3,specific
CREBRF,3,3,3,3,specific
CRIM1,4,4,4,4,specific
CSDE1,8,8,8,8,multi
CSE1L,8,8,8,8,multi
CSGALNACT2,7,7,7,7,multi
CSRNP1,3,3,3,3,specific
CSRNP3,8,8,8,8,multi
CSTA,1,1,1,1,specific
CTC1,5,5,5,5,multi
CTDP1,11,11,11,11,multi
CTNNB1,5,5,5,5,multi
CTPS2,6,6,6,6,multi
CTSF,14,14,14,14,multi
CTSS,4,4,4,4,specific
CTSW,2,2,2,2,specific
CUL4A,3,3,3,3,specific
CUL7,17,17,17,17,multi
CUX2,6,6,6,6,multi
CX3CL1,10,10,10,10,multi
CX3CR1,2,2,2,2,specific
CXXC5,6,6,6,6,multi
CYB561D1,6,6,6,6,multi
CYBA,12,12,12,12,multi
CYP1A1,2,2,2,2,specific
CYP1B1,2,2,2,2,specific
CYP2U1,1,1,1,1,specific
CYP4B1,5,5,5,5,multi
CYP7B1,4,4,4,4,specific
DACH2,2,2,2,2,specific
DALRD3,13,13,13,13,multi
DAZAP2,1,1,1,1,specific
DBF4B,4,4,4,4,specific
DCAF10,4,4,4,4,specific
DCAF15,10,10,10,10,multi
DCLRE1C,4,4,4,4,specific
DCP1B,2,2,2,2,specific
DCST2,5,5,5,5,multi
DCUN1D1,9,9,9,9,multi
DCUN1D5,7,7,7,7,multi
DDB2,6,6,6,6,multi
DDHD2,11,11,11,11,multi
DDR1,8,8,8,8,multi
DDX17,6,6,6,6,multi
DDX18,8,8,8,8,multi
DDX21,5,5,5,5,multi
DDX52,9,9,9,9,multi
DEDD,9,9,9,9,multi
DEDD2,16,16,16,16,multi
DEF8,9,9,9,9,multi
DEGS1,11,11,11,11,multi
DEGS2,8,8,8,8,multi
DERA,1,1,1,1,specific
DESI2,4,4,4,4,specific
DGAT1,11,11,11,11,multi
DGCR8,7,7,7,7,multi
DHCR7,3,3,3,3,specific
DHPS,16,16,16,16,multi
DHRS7B,9,9,9,9,multi
DHX15,4,4,4,4,specific
DHX34,7,7,7,7,multi
DHX58,10,10,10,10,multi
DIAPH1,4,4,4,4,specific
DIMT1,6,6,6,6,multi
DIP2A,9,9,9,9,multi
DKC1,5,5,5,5,multi
DLG1,3,3,3,3,specific
DLGAP4,14,14,14,14,multi
DMAP1,12,12,12,12,multi
DMGDH,6,6,6,6,multi
DNAJA2,7,7,7,7,multi
DNAJB12,16,16,16,16,multi
DNAJC1,3,3,3,3,specific
DNAJC2,7,7,7,7,multi
DNAJC25,9,8,9,9,multi
DNAJC27,8,8,8,8,multi
DNASE1L1,8,8,8,8,multi
DNASE1L3,1,1,1,1,specific
DNASE2,5,5,5,5,multi
DND1,2,2,2,2,specific
DNM2,9,9,9,9,multi
DNMT3B,3,3,3,3,specific
DNPEP,5,5,5,5,multi
DNTTIP2,14,14,14,14,multi
DPF2,14,14,14,14,multi
DPH1,9,9,9,9,multi
DPP4,2,2,2,2,specific
DTNB,2,2,2,2,specific
DTNBP1,9,9,9,9,multi
DUS2,10,10,10,10,multi
DUSP19,2,2,2,2,specific
DUSP2,4,4,4,4,specific
DUSP23,9,9,9,9,multi
DVL2,9,9,9,9,multi
DYNC1LI1,9,9,9,9,multi
DYRK1B,13,13,13,13,multi
EBF4,6,6,6,6,multi
ECHDC1,8,8,8,8,multi
ECSIT,14,14,14,14,multi
EDA,2,2,2,2,specific
EDAR,1,1,1,1,specific
EEF1E1,4,4,4,4,specific
EFNA1,3,3,3,3,specific
EFNA3,7,7,7,7,multi
EFNB1,7,7,7,7,multi
EFS,11,11,11,11,multi
EGLN3,2,2,2,2,specific
EHBP1,8,8,8,8,multi
EHD3,5,5,5,5,multi
EI24,3,3,3,3,specific
EIF2D,5,5,5,5,multi
EIF3K,16,16,16,16,multi
EIF4A1,5,5,5,5,multi
EIF4E3,7,7,7,7,multi
EIF4G2,5,5,5,5,multi
EIF5B,5,5,5,5,multi
ELF3,3,3,3,3,specific
ELL,9,9,9,9,multi
ELMOD3,7,7,7,7,multi
ELP3,5,5,5,5,multi
EMILIN3,2,2,2,2,specific
EML3,10,10,10,10,multi
EML4,7,7,7,7,multi
EMP1,5,5,5,5,multi
EMX2,1,1,1,1,specific
ENOX2,3,3,3,3,specific
ENTPD4,2,2,2,2,specific
ENTPD5,4,4,4,4,specific
ENTPD6,7,7,7,7,multi
EPHB6,6,6,6,6,multi
EPHX4,3,3,3,3,specific
EPS8L1,4,4,4,4,specific
EPS8L2,10,10,10,10,multi
ERAL1,13,13,13,13,multi
ERBB2,10,10,10,10,multi
ERGIC3,15,15,15,15,multi
ERI2,10,10,10,10,multi
ERO1A,9,8,9,9,multi
ERP29,11,11,11,11,multi
ESPL1,7,7,7,7,multi
ETFB,18,18,18,18,multi
ETHE1,18,18,18,18,multi
ETNK2,1,1,1,1,specific
ETV2,4,4,4,4,specific
EXOC5,12,12,12,12,multi
EXOC6B,7,7,7,7,multi
EZH1,4,4,4,4,specific
F10,4,4,4,4,specific
F11R,1,1,1,1,specific
F2,12,12,12,12,multi
FAAH,13,13,13,13,multi
FABP12,4,4,4,4,specific
FAM111B,3,3,3,3,specific
FAM126A,6,6,6,6,multi
FAM161B,3,3,3,3,specific
FAM193B,12,12,12,12,multi
FAM216A,5,5,5,5,multi
FAM3C,7,7,7,7,multi
FAM50B,8,8,8,8,multi
FAM83G,6,6,6,6,multi
FAM83H,4,4,4,4,specific
FAM98A,5,5,5,5,multi
FAM98C,12,12,12,12,multi
FANCA,6,6,6,6,multi
FANCF,5,5,5,5,multi
FANCG,11,11,11,11,multi
FASTK,12,12,12,12,multi
FBF1,9,9,9,9,multi
FBXO15,3,3,3,3,specific
FBXO27,6,6,6,6,multi
FBXO33,3,3,3,3,specific
FBXO5,5,5,5,5,multi
FBXW4,10,10,10,10,multi
FBXW8,4,4,4,4,specific
FCER1A,6,6,6,6,multi
FCGRT,9,9,9,9,multi
FCHSD1,10,10,10,10,multi
FCRL5,1,1,1,1,specific
FDPS,3,3,3,3,specific
FDX1,6,6,6,6,multi
FDXR,8,8,8,8,multi
FECH,6,6,6,6,multi
FERMT1,2,2,2,2,specific
FGD2,2,2,2,2,specific
FGFRL1,12,12,12,12,multi
FGGY,3,3,3,3,specific
FIBIN,10,10,10,10,multi
FIS1,14,14,14,14,multi
FLVCR1,4,4,4,4,specific
FLVCR2,3,3,3,3,specific
FMO5,3,3,3,3,specific
FN3KRP,4,4,4,4,specific
FOSL2,9,9,9,9,multi
FOXN1,1,1,1,1,specific
FOXO4,9,9,9,9,multi
FOXRED1,13,12,13,13,multi
FOXRED2,3,3,3,3,specific
FPR1,6,6,6,6,multi
FSIP1,8,8,8,8,multi
FTO,7,7,7,7,multi
FURIN,10,10,10,10,multi
FUT4,1,1,1,1,specific
FUZ,18,18,18,18,multi
FXR1,5,5,5,5,multi
G3BP1,4,4,4,4,specific
G3BP2,5,5,5,5,multi
GAA,10,10,10,10,multi
GABARAPL1,5,5,5,5,multi
GADD45GIP1,10,10,10,10,multi
GALNS,4,4,4,4,specific
GALNT1,5,5,5,5,multi
GALNT5,3,3,3,3,specific
GAREM2,8,8,8,8,multi
GCAT,7,7,7,7,multi
GCDH,20,20,20,20,multi
GEM,7,7,7,7,multi
GEMIN7,11,11,11,11,multi
GGA1,12,12,12,12,multi
GGA3,15,15,15,15,multi
GGT6,2,2,2,2,specific
GHDC,11,11,11,11,multi
GHR,5,5,5,5,multi
GIMAP6,2,2,2,2,specific
GINM1,13,13,13,13,multi
GJA5,1,1,1,1,specific
GJB3,3,3,3,3,specific
GLA,5,5,5,5,multi
GLRX3,5,5,5,5,multi
GLRX5,5,5,5,5,multi
GLS,7,7,7,7,multi
GMIP,8,8,8,8,multi
GNA14,2,2,2,2,specific
GNE,3,3,3,3,specific
GNG10,8,8,8,8,multi
GNL1,14,14,14,14,multi
GNMT,6,6,6,6,multi
GNPNAT1,5,5,5,5,multi
GNPTG,12,12,12,12,multi
GOLGA7B,8,8,8,8,multi
GOT2,5,5,5,5,multi
GPATCH3,9,9,9,9,multi
GPBP1L1,5,5,5,5,multi
GPIHBP1,5,5,5,5,multi
GPR108,12,12,12,12,multi
GPR155,3,3,3,3,specific
GPR19,2,2,2,2,specific
GPR31,2,2,2,2,specific
GPR63,4,4,4,4,specific
GPS1,16,16,16,16,multi
GRB7,6,6,6,6,multi
GREB1,3,3,3,3,specific
GREM2,2,2,2,2,specific
GRIK3,2,2,2,2,specific
GRIN1,2,2,2,2,specific
GRK4,4,4,4,4,specific
GRTP1,4,4,4,4,specific
GSDMD,7,7,7,7,multi
GSPT1,2,2,2,2,specific
GSPT2,6,6,6,6,multi
GTF2F2,6,6,6,6,multi
GTF3A,2,2,2,2,specific
GTF3C5,14,14,14,14,multi
GYG2,6,6,6,6,multi
H6PD,2,2,2,2,specific
HACD3,2,2,2,2,specific
HAUS5,4,4,4,4,specific
HBP1,6,6,6,6,multi
HCAR2,2,2,2,2,specific
HCCS,4,4,4,4,specific
HDAC11,11,11,11,11,multi
HDDC3,11,11,11,11,multi
HEMK1,6,6,6,6,multi
HEPHL1,1,1,1,1,specific
HEXA,5,5,5,5,multi
HEXB,3,3,3,3,specific
HEXIM2,10,10,10,10,multi
HEY1,3,3,3,3,specific
HID1,9,9,9,9,multi
HIGD2A,16,16,16,16,multi
HMGCR,6,6,6,6,multi
HMGCS1,10,10,10,10,multi
HNF4G,1,1,1,1,specific
HNRNPD,12,12,12,12,multi
HNRNPK,8,8,8,8,multi
HOXA3,2,2,2,2,specific
HOXB13,1,1,1,1,specific
HOXB8,1,1,1,1,specific
HPGDS,6,6,6,6,multi
HRC,6,6,6,6,multi
HS1BP3,14,14,14,14,multi
HSD11B2,4,4,4,4,specific
HSD17B2,2,2,2,2,specific
HSD17B7,4,4,4,4,specific
HSH2D,3,3,3,3,specific
HSPA4,6,6,6,6,multi
HSPBAP1,4,4,4,4,specific
HYI,7,7,7,7,multi
IARS2,6,6,6,6,multi
IBA57,10,10,10,10,multi
IBTK,13,13,13,13,multi
ICA1,1,1,1,1,specific
ICAM3,12,12,12,12,multi
ID2,5,4,5,5,specific
IDH3G,15,15,15,15,multi
IDI1,4,4,4,4,specific
IFI16,3,3,3,3,specific
IFI35,5,5,5,5,multi
IFIT5,7,7,7,7,multi
IFT172,9,9,9,9,multi
IFT27,8,8,8,8,multi
IGBP1,2,2,2,2,specific
IGHM,3,3,3,3,specific
IHH,4,4,4,4,specific
IK,4,4,4,4,specific
IKZF2,3,3,3,3,specific
IL11RA,15,15,15,15,multi
IL2RB,2,2,2,2,specific
ILDR1,4,4,4,4,specific
IMPA2,10,10,10,10,multi
IMPDH2,10,10,10,10,multi
ING4,9,9,9,9,multi
INO80B,10,10,10,10,multi
IP6K2,12,12,12,12,multi
IPMK,4,4,4,4,specific
IPO11,7,7,7,7,multi
IPO7,8,8,8,8,multi
IPP,9,9,9,9,multi
IQCN,1,1,1,1,specific
IRF2,5,5,5,5,multi
IRX2,1,1,1,1,specific
ISL2,2,2,2,2,specific
ISY1-RAB43,3,3,3,3,specific
ITGB5,11,11,11,11,multi
ITM2C,8,8,8,8,multi
ITPKB,9,9,9,9,multi
ITPKC,6,6,6,6,multi
ITSN1,3,3,3,3,specific
IWS1,3,3,3,3,specific
JAG1,5,5,5,5,multi
JUNB,7,7,7,7,multi
JUP,13,13,13,13,multi
KANSL1L,8,8,8,8,multi
KAT2A,8,8,8,8,multi
KATNA1,7,7,7,7,multi
KATNB1,19,19,19,19,multi
KCNK13,3,3,3,3,specific
KCNQ1,4,4,4,4,specific
KCTD1,2,2,2,2,specific
KCTD16,3,3,3,3,specific
KCTD9,4,4,4,4,specific
KDELR2,9,9,9,9,multi
KDF1,3,3,3,3,specific
KDM2B,5,5,5,5,multi
KDM8,12,12,12,12,multi
KEAP1,14,14,14,14,multi
KHDRBS1,5,5,5,5,multi
KIAA0319L,5,5,5,5,multi
KIAA2013,11,11,11,11,multi
KIF12,6,6,6,6,multi
KIF5A,2,2,2,2,specific
KIN,6,6,6,6,multi
KISS1,1,1,1,1,specific
KL,1,1,1,1,specific
KLC4,19,19,19,19,multi
KLF3,3,3,3,3,specific
KLF4,4,4,4,4,specific
KLF7,2,2,2,2,specific
KLHDC3,14,14,14,14,multi
KLHDC8A,2,2,2,2,specific
KLHL26,7,7,7,7,multi
KLHL32,4,4,4,4,specific
KLHL36,8,8,8,8,multi
KLK15,4,3,4,4,specific
KLK4,1,1,1,1,specific
KLRG1,3,3,3,3,specific
KPNA2,2,2,2,2,specific
KRBOX4,2,2,2,2,specific
KRT23,2,2,2,2,specific
KRT77,2,2,2,2,specific
KSR2,1,1,1,1,specific
KTN1,6,6,6,6,multi
L3MBTL3,7,7,7,7,multi
LACC1,7,7,7,7,multi
LACTB,11,11,11,11,multi
LAG3,4,4,4,4,specific
LAMB3,6,6,6,6,multi
LAMTOR3,10,10,10,10,multi
LAMTOR4,16,16,16,16,multi
LARGE2,5,5,5,5,multi
LARP4,3,3,3,3,specific
LAT,3,3,3,3,specific
LDB1,6,6,6,6,multi
LDHA,2,2,2,2,specific
LDLR,7,7,7,7,multi
LEKR1,3,3,3,3,specific
LENG8,8,8,8,8,multi
LIG1,8,8,8,8,multi
LIMD1,4,4,4,4,specific
LIN7A,1,1,1,1,specific
LINGO4,4,4,4,4,specific
LIPT2,5,5,5,5,multi
LLGL2,8,8,8,8,multi
LMAN2,17,17,17,17,multi
LMBR1L,18,18,18,18,multi
LOXL1,3,3,3,3,specific
LPAR2,5,5,5,5,multi
LPAR4,1,1,1,1,specific
LPIN3,7,7,7,7,multi
LRFN3,6,6,6,6,multi
LRP10,12,12,12,12,multi
LRP2BP,4,4,4,4,specific
LRP3,9,9,9,9,multi
LRP8,5,5,5,5,multi
LRRC1,4,4,4,4,specific
LRRC19,1,1,1,1,specific
LRRC20,3,3,3,3,specific
LRRC24,6,6,6,6,multi
LRRC25,1,1,1,1,specific
LRRC3C,2,2,2,2,specific
LRRC47,3,3,3,3,specific
LRRC8E,4,4,4,4,specific
LSG1,1,1,1,1,specific
LSM1,1,1,1,1,specific
LSM14A,5,5,5,5,multi
LTBP2,4,4,4,4,specific
LUZP1,2,2,2,2,specific
LY75-CD302,7,7,7,7,multi
LYN,1,1,1,1,specific
MAF1,16,16,16,16,multi
MAGIX,7,7,7,7,multi
MAML3,3,3,3,3,specific
MAN2A2,11,11,11,11,multi
MAP2K5,4,4,4,4,specific
MAP2K6,3,3,3,3,specific
MAP3K7,10,10,10,10,multi
MAPK13,2,2,2,2,specific
MAPK7,14,14,14,14,multi
MAPK8IP2,10,10,10,10,multi
MAPT,3,3,3,3,specific
MARK2,5,5,5,5,multi
MAVS,9,9,9,9,multi
MBD5,5,5,5,5,multi
MBD6,12,12,12,12,multi
MCF2L,9,9,9,9,multi
MCFD2,4,4,4,4,specific
MCMBP,4,4,4,4,specific
ME1,4,4,4,4,specific
MED24,17,17,17,17,multi
MEDAG,3,3,3,3,specific
MEN1,14,14,14,14,multi
MEPCE,19,19,19,19,multi
MEST,3,3,3,3,specific
METAP2,10,10,10,10,multi
METTL13,3,3,3,3,specific
METTL7B,7,7,7,7,multi
METTL8,6,6,6,6,multi
MFN1,11,11,11,11,multi
MFSD11,6,6,6,6,multi
MFSD4A,5,5,5,5,multi
MFSD6L,4,4,4,4,specific
MICALL2,6,6,6,6,multi
MIPOL1,6,6,6,6,multi
MIR205,2,2,2,2,specific
MIR22,3,3,3,3,specific
MIR25,3,3,3,3,specific
MKRN1,3,3,3,3,specific
MKRN2,5,5,5,5,multi
MKS1,6,6,6,6,multi
MKX,6,6,6,6,multi
MLST8,13,13,13,13,multi
MMAB,6,6,6,6,multi
MOB1A,8,8,8,8,multi
MOGS,19,19,19,19,multi
MORF4L1,6,6,6,6,multi
MOSPD3,13,13,13,13,multi
MPHOSPH10,5,5,5,5,multi
MPV17L2,12,12,12,12,multi
MR1,2,2,2,2,specific
MRM3,6,6,6,6,multi
MRPL19,8,8,8,8,multi
MRPL21,11,11,11,11,multi
MRPL38,15,15,15,15,multi
MRPL49,6,6,6,6,multi
MRPS18A,16,16,16,16,multi
MRPS34,12,12,12,12,multi
MSH6,11,11,11,11,multi
MSL1,4,4,4,4,specific
MSMO1,10,10,10,10,multi
MT-ND5,1,1,1,1,specific
MTERF3,3,3,3,3,specific
MTG2,8,8,8,8,multi
MTHFD2,8,8,8,8,multi
MTMR1,4,4,4,4,specific
MTMR2,13,13,13,13,multi
MTUS2,3,3,3,3,specific
MVB12A,13,13,13,13,multi
MVB12B,5,5,5,5,multi
MYCL,1,1,1,1,specific
MYLIP,7,7,7,7,multi
NAA38,11,11,11,11,multi
NAIP,5,5,5,5,multi
NANS,2,2,2,2,specific
NAXD,7,7,7,7,multi
NBEAL2,13,13,13,13,multi
NBL1,8,8,8,8,multi
NCAM2,1,1,1,1,specific
NCBP1,7,7,7,7,multi
NCKIPSD,14,14,14,14,multi
NCLN,13,13,13,13,multi
NCOA5,17,17,17,17,multi
NDUFA13,12,12,12,12,multi
NDUFAF4,5,5,5,5,multi
NDUFAF5,4,4,4,4,specific
NDUFAF7,2,2,2,2,specific
NDUFB3,2,2,2,2,specific
NECAP2,3,3,3,3,specific
NECTIN1,3,3,3,3,specific
NEK8,12,12,12,12,multi
NFAM1,3,3,3,3,specific
NFYC,10,10,10,10,multi
NIFK,6,6,6,6,multi
NIM1K,3,3,3,3,specific
NINJ1,9,9,9,9,multi
NINL,2,2,2,2,specific
NIPA2,9,9,9,9,multi
NISCH,8,8,8,8,multi
NIT1,18,18,18,18,multi
NLN,13,13,13,13,multi
NME1,4,4,4,4,specific
NME3,10,10,10,10,multi
NMUR1,2,2,2,2,specific
NOA1,4,4,4,4,specific
NOCT,2,2,2,2,specific
NOL10,16,16,16,16,multi
NOL3,12,12,12,12,multi
NOL4L,11,11,11,11,multi
NOLC1,1,1,1,1,specific
NOP14,1,1,1,1,specific
NOP58,4,4,4,4,specific
NOS1AP,8,8,8,8,multi
NOSIP,17,17,17,17,multi
NOTCH3,3,3,3,3,specific
NOTUM,4,4,4,4,specific
NOXA1,8,8,8,8,multi
NPAS1,3,3,3,3,specific
NPEPL1,13,13,13,13,multi
NPFFR2,2,2,2,2,specific
NPHP4,11,11,11,11,multi
NR2F1,6,6,6,6,multi
NR2F6,6,6,6,6,multi
NRBP2,7,7,7,7,multi
NSDHL,6,6,6,6,multi
NSUN2,2,2,2,2,specific
NT5DC1,7,7,7,7,multi
NUAK2,5,5,5,5,multi
NUDT16L1,13,13,13,13,multi
NUDT2,5,5,5,5,multi
NUMB,3,3,3,3,specific
NUP155,10,10,10,10,multi
NUP62,14,14,14,14,multi
NUS1,4,4,4,4,specific
NWD2,2,2,2,2,specific
NXNL2,2,2,2,2,specific
NYNRIN,4,4,4,4,specific
OBSL1,17,17,17,17,multi
OGFOD2,9,9,9,9,multi
OPA1,9,9,9,9,multi
OR51E1,2,2,2,2,specific
ORAI1,15,15,15,15,multi
ORMDL3,3,3,3,3,specific
OSBPL11,5,5,5,5,multi
OSBPL7,8,8,8,8,multi
OSMR,3,3,3,3,specific
OSTM1,6,6,6,6,multi
OTUB2,3,3,3,3,specific
OTUD6B,3,3,3,3,specific
OVCA2,11,11,11,11,multi
OVOL2,6,6,6,6,multi
P2RX2,1,1,1,1,specific
P2RY14,3,3,3,3,specific
PAFAH2,6,6,6,6,multi
PAICS,8,8,8,8,multi
PAIP1,10,10,10,10,multi
PAK2,3,3,3,3,specific
PAK4,8,8,8,8,multi
PALMD,5,5,5,5,multi
PANK2,7,7,7,7,multi
PAPSS1,1,1,1,1,specific
PARD6G,4,4,4,4,specific
PARL,14,14,14,14,multi
PARP10,11,11,11,11,multi
PARP3,8,8,8,8,multi
PARP6,4,4,4,4,specific
PARP8,4,4,4,4,specific
PARP9,8,8,8,8,multi
PAX8,2,2,2,2,specific
PAX9,1,1,1,1,specific
PBLD,9,9,9,9,multi
PBX1,2,2,2,2,specific
PBX4,4,4,4,4,specific
PCCA,6,6,6,6,multi
PCDH1,11,11,11,11,multi
PCED1B,6,6,6,6,multi
PCGF1,8,8,8,8,multi
PCGF3,6,6,6,6,multi
PCIF1,15,15,15,15,multi
PCP2,6,6,6,6,multi
PDE12,5,5,5,5,multi
PDE6C,3,3,3,3,specific
PDK2,11,11,11,11,multi
PDZD3,2,2,2,2,specific
PEAK1,6,6,6,6,multi
PEMT,16,16,16,16,multi
PEX16,15,15,15,15,multi
PFKFB2,4,4,4,4,specific
PFKL,13,13,13,13,multi
PFKM,4,4,4,4,specific
PGAP2,8,8,8,8,multi
PGAP3,12,12,12,12,multi
PGF,3,3,3,3,specific
PGLS,13,13,13,13,multi
PGM2,1,1,1,1,specific
PHC2,11,11,11,11,multi
PHKG2,15,15,15,15,multi
PHLDA3,7,7,7,7,multi
PHYKPL,4,4,4,4,specific
PI4KB,6,6,6,6,multi
PICALM,5,5,5,5,multi
PICK1,10,10,10,10,multi
PIGO,6,6,6,6,multi
PIGT,17,17,17,17,multi
PIK3C2G,1,1,1,1,specific
PIK3IP1,9,9,9,9,multi
PIM2,6,6,6,6,multi
PIP5K1A,3,3,3,3,specific
PITPNA,2,2,2,2,specific
PITPNM2,11,11,11,11,multi
PKN1,17,17,17,17,multi
PLA2G2F,1,1,1,1,specific
PLCB1,4,4,4,4,specific
PLCD1,9,9,9,9,multi
PLCH2,2,2,2,2,specific
PLCL1,4,4,4,4,specific
PLD3,11,11,11,11,multi
PLEKHA2,4,4,4,4,specific
PLEKHA7,4,4,4,4,specific
PLEKHB1,7,7,7,7,multi
PLEKHG7,1,1,1,1,specific
PLEKHH2,4,4,4,4,specific
PLEKHH3,5,5,5,5,multi
PLEKHN1,1,1,1,1,specific
PLOD1,13,13,13,13,multi
PLPP5,3,3,3,3,specific
PLS3,8,8,8,8,multi
PLSCR4,4,4,4,4,specific
PLXNB3,6,6,6,6,multi
PMM2,4,4,4,4,specific
PMP2,3,3,3,3,specific
PMS1,6,6,6,6,multi
PNKD,2,2,2,2,specific
PNLDC1,5,5,5,5,multi
PNMT,3,3,3,3,specific
PNPLA1,3,3,3,3,specific
PNPLA2,12,12,12,12,multi
PODNL1,3,3,3,3,specific
POF1B,1,1,1,1,specific
POLR1D,6,6,6,6,multi
POLR3E,6,6,6,6,multi
POLR3H,2,2,2,2,specific
POLRMT,12,12,12,12,multi
POMGNT1,11,11,11,11,multi
PORCN,10,10,10,10,multi
PPA1,3,3,3,3,specific
PPAT,5,5,5,5,multi
PPID,4,4,4,4,specific
PPIG,10,10,10,10,multi
PPIL1,1,1,1,1,specific
PPP1R13L,15,15,15,15,multi
PPP1R3D,5,5,5,5,multi
PPP1R9A,6,6,6,6,multi
PPP2CA,5,5,5,5,multi
PPP2R1B,5,5,5,5,multi
PPP2R2D,9,9,9,9,multi
PRAG1,4,4,4,4,specific
PRDM5,4,4,4,4,specific
PRKAG2,6,6,6,6,multi
PRKCA,2,2,2,2,specific
PRKCD,4,4,4,4,specific
PRKCI,10,10,10,10,multi
PRKD2,6,6,6,6,multi
PROCR,5,5,5,5,multi
PRPF19,12,12,12,12,multi
PRPF40A,13,13,13,13,multi
PRR14,13,13,13,13,multi
PRR3,5,5,5,5,multi
PRSS41,9,9,9,9,multi
PSD2,7,7,7,7,multi
PSD4,8,8,8,8,multi
PSMD11,3,3,3,3,specific
PSMD12,13,13,13,13,multi
PSMD5,11,11,11,11,multi
PSME2,3,3,3,3,specific
PSME3,5,5,5,5,multi
PSPC1,2,2,2,2,specific
PTGER2,4,4,4,4,specific
PTK6,2,2,2,2,specific
PTP4A2,8,8,8,8,multi
PTPN23,12,12,12,12,multi
PTPRA,1,1,1,1,specific
PTPRR,3,3,3,3,specific
PTPRS,8,8,8,8,multi
PTPRU,10,10,10,10,multi
PTTG1IP,2,2,2,2,specific
PUDP,1,1,1,1,specific
PUM3,6,6,6,6,multi
PUSL1,14,14,14,14,multi
PXMP4,6,6,6,6,multi
PYCR2,14,14,14,14,multi
PYGO2,11,11,11,11,multi
QPCTL,9,9,9,9,multi
QSOX1,5,5,5,5,multi
R3HCC1,11,11,11,11,multi
RAB17,4,4,4,4,specific
RAB24,11,11,11,11,multi
RAB27B,1,1,1,1,specific
RAB29,4,4,4,4,specific
RAB30,2,2,2,2,specific
RAB3A,9,9,9,9,multi
RAB43,5,5,5,5,multi
RABEP1,9,9,9,9,multi
RACK1,11,11,11,11,multi
RAD9A,8,8,8,8,multi
RAI2,3,3,3,3,specific
RALA,6,6,6,6,multi
RALGPS1,3,3,3,3,specific
RAMP3,6,6,6,6,multi
RARRES1,3,3,3,3,specific
RASGEF1A,3,3,3,3,specific
RASGRP3,6,6,6,6,multi
RASSF6,2,2,2,2,specific
RB1,11,11,11,11,multi
RBM15B,12,12,12,12,multi
RBM23,9,9,9,9,multi
RBM4B,17,17,17,17,multi
RBMX,4,4,4,4,specific
RBP4,4,4,4,4,specific
RCAN2,4,4,4,4,specific
RCBTB1,8,8,8,8,multi
RCCD1,10,10,10,10,multi
REEP4,9,9,9,9,multi
REPIN1,17,17,17,17,multi
RETN,2,2,2,2,specific
REXO2,5,5,5,5,multi
RFC2,13,13,13,13,multi
RFFL,2,2,2,2,specific
RGL2,11,11,11,11,multi
RGL3,4,4,4,4,specific
RHBDD3,7,7,7,7,multi
RHEB,6,6,6,6,multi
RHOG,14,14,14,14,multi
RHOQ,6,6,6,6,multi
RILPL2,9,9,9,9,multi
RIN1,8,8,8,8,multi
RIN2,4,4,4,4,specific
RINL,2,2,2,2,specific
RITA1,11,11,11,11,multi
RNASEH2A,10,9,10,10,multi
RNASET2,1,1,1,1,specific
RNF114,5,5,5,5,multi
RNF123,16,16,16,16,multi
RNF144A,5,5,5,5,multi
RNF146,8,8,8,8,multi
RNF208,11,11,11,11,multi
RNF223,3,3,3,3,specific
RNFT2,2,2,2,2,specific
RNPEP,5,5,5,5,multi
RNPEPL1,17,17,17,17,multi
RORB,1,1,1,1,specific
RPF1,4,4,4,4,specific
RPF2,3,3,3,3,specific
RPL13,9,9,9,9,multi
RPL22,5,5,5,5,multi
RPL27,17,17,17,17,multi
RPL8,13,13,13,13,multi
RPP40,3,3,3,3,specific
RPS28,14,14,14,14,multi
RPS6KB1,8,8,8,8,multi
RPUSD3,17,17,17,17,multi
RRAGB,7,7,7,7,multi
RRN3,5,5,5,5,multi
RTN1,1,1,1,1,specific
RTP4,4,4,4,4,specific
RUNDC1,8,8,8,8,multi
RUVBL1,3,3,3,3,specific
RXRA,18,18,18,18,multi
RXRB,15,15,15,15,multi
S100A14,5,5,5,5,multi
S100PBP,4,4,4,4,specific
S1PR1,6,6,6,6,multi
SALL2,3,3,3,3,specific
SAMD13,3,3,3,3,specific
SAMD9,6,6,6,6,multi
SARS2,19,19,19,19,multi
SART3,6,6,6,6,multi
SASH1,6,6,6,6,multi
SAT2,9,9,9,9,multi
SATB1,3,3,3,3,specific
SAYSD1,8,8,8,8,multi
SCAF1,18,17,18,18,multi
SCAMP2,18,18,18,18,multi
SCAND1,12,12,12,12,multi
SCAP,17,17,17,17,multi
SCARF1,9,9,9,9,multi
SCD,5,5,5,5,multi
SCLT1,7,7,7,7,multi
SCN2B,2,2,2,2,specific
SCNN1B,3,3,3,3,specific
SCRN2,14,14,14,14,multi
SCUBE2,3,3,3,3,specific
SDCBP2,1,1,1,1,specific
SDF4,19,19,19,19,multi
SDR39U1,7,7,7,7,multi
SEC16B,2,2,2,2,specific
SELENOO,18,18,18,18,multi
SELENOS,3,3,3,3,specific
SEMA3E,2,2,2,2,specific
SEMA3F,4,4,4,4,specific
SEMA4B,17,17,17,17,multi
SEMA4D,7,7,7,7,multi
SEMA4G,4,4,4,4,specific
SEMA6C,7,7,7,7,multi
SERAC1,12,12,12,12,multi
SERINC2,6,6,6,6,multi
SERPINB1,5,5,5,5,multi
SERPINB8,2,2,2,2,specific
SERPINI1,5,5,5,5,multi
SERTAD3,5,5,5,5,multi
SESN1,5,5,5,5,multi
SESN2,5,5,5,5,multi
SESN3,5,5,5,5,multi
SGPL1,4,4,4,4,specific
SGSM1,3,3,3,3,specific
SGSM3,16,16,16,16,multi
SGTB,4,4,4,4,specific
SH3BP1,7,7,7,7,multi
SH3GLB2,19,19,19,19,multi
SH3YL1,3,3,3,3,specific
SIAH1,4,4,4,4,specific
SIL1,6,6,6,6,multi
SIRT3,4,4,4,4,specific
SIRT6,8,8,8,8,multi
SIRT7,14,14,14,14,multi
SIX5,9,9,9,9,multi
SKA2,6,6,6,6,multi
SLC10A3,14,14,14,14,multi
SLC11A1,2,2,2,2,specific
SLC11A2,2,2,2,2,specific
SLC16A1,5,5,5,5,multi
SLC22A23,3,3,3,3,specific
SLC24A1,5,5,5,5,multi
SLC25A26,1,1,1,1,specific
SLC25A4,17,17,17,17,multi
SLC25A53,2,2,2,2,specific
SLC26A8,1,1,1,1,specific
SLC27A3,9,9,9,9,multi
SLC27A5,13,13,13,13,multi
SLC29A1,3,3,3,3,specific
SLC2A10,2,2,2,2,specific
SLC2A11,5,5,5,5,multi
SLC30A6,10,10,10,10,multi
SLC35C1,14,14,14,14,multi
SLC35E1,5,5,5,5,multi
SLC35F2,3,3,3,3,specific
SLC36A1,2,2,2,2,specific
SLC36A4,12,12,12,12,multi
SLC37A2,6,6,6,6,multi
SLC38A10,16,16,16,16,multi
SLC41A3,7,7,7,7,multi
SLC43A3,1,1,1,1,specific
SLC46A1,4,4,4,4,specific
SLC5A6,7,7,7,7,multi
SLC6A8,13,13,13,13,multi
SLC7A6OS,7,7,7,7,multi
SLITRK4,1,1,1,1,specific
SMAD2,9,9,9,9,multi
SMAD7,9,9,9,9,multi
SMARCAL1,10,10,10,10,multi
SMC6,5,5,5,5,multi
SMCO3,1,1,1,1,specific
SMCO4,4,4,4,4,specific
SMIM1,3,3,3,3,specific
SMIM14,1,1,1,1,specific
SMPD2,10,10,10,10,multi
SMU1,8,8,8,8,multi
SMUG1,13,13,13,13,multi
SNAI1,4,4,4,4,specific
SNAP25,2,2,2,2,specific
SNORA40,1,1,1,1,specific
SNORD100,2,2,2,2,specific
SNORD28,1,1,1,1,specific
SNORD31B,3,3,3,3,specific
SNX2,8,8,8,8,multi
SNX21,10,10,10,10,multi
SNX32,6,6,6,6,multi
SNX33,8,8,8,8,multi
SNX6,11,11,11,11,multi
SOCS7,6,6,6,6,multi
SORCS2,5,5,5,5,multi
SP1,6,6,6,6,multi
SP2,10,10,10,10,multi
SPACA9,5,5,5,5,multi
SPAG1,5,5,5,5,multi
SPATA2,11,11,11,11,multi
SPEF2,2,2,2,2,specific
SPIDR,4,4,4,4,specific
SPRED1,12,12,12,12,multi
SPRED3,1,1,1,1,specific
SPRTN,11,11,11,11,multi
SPRYD4,9,9,9,9,multi
SPTBN4,7,7,7,7,multi
SQLE,9,9,9,9,multi
SQSTM1,23,23,23,23,multi
SRD5A3,6,6,6,6,multi
SRGAP3,3,3,3,3,specific
SRP72,9,9,9,9,multi
SRRD,4,4,4,4,specific
SSR4,15,15,15,15,multi
ST6GAL2,3,3,3,3,specific
ST8SIA4,2,2,2,2,specific
STAG2,5,5,5,5,multi
STARD10,11,11,11,11,multi
STARD4,6,6,6,6,multi
STAT4,2,2,2,2,specific
STAT6,7,7,7,7,multi
STIM2,3,3,3,3,specific
STIMATE-MUSTN1,4,4,4,4,specific
STK16,11,11,11,11,multi
STK32A,2,2,2,2,specific
STK38L,6,6,6,6,multi
STK39,7,7,7,7,multi
STN1,2,2,2,2,specific
STOML1,17,17,17,17,multi
STON2,4,4,4,4,specific
STRADA,3,3,3,3,specific
STX18,10,10,10,10,multi
STXBP2,9,9,9,9,multi
STXBP5L,2,2,2,2,specific
SUDS3,2,2,2,2,specific
SUGT1,3,3,3,3,specific
SUPV3L1,6,6,6,6,multi
SURF2,9,9,9,9,multi
SUSD4,3,3,3,3,specific
SUV39H2,6,6,6,6,multi
SV2B,2,2,2,2,specific
SV2C,2,2,2,2,specific
SYNGR2,11,11,11,11,multi
SYT17,3,3,3,3,specific
SYT7,3,3,3,3,specific
SYT8,3,3,3,3,specific
SYTL5,4,4,4,4,specific
TAB1,16,16,16,16,multi
TACSTD2,1,1,1,1,specific
TADA3,19,19,19,19,multi
TAF5L,6,6,6,6,multi
TAF9,5,5,5,5,multi
TAGLN2,6,6,6,6,multi
TAMM41,5,5,5,5,multi
TBC1D10B,13,13,13,13,multi
TBC1D12,2,2,2,2,specific
TBC1D14,5,5,5,5,multi
TBC1D20,6,6,6,6,multi
TBC1D22A,5,5,5,5,multi
TBKBP1,5,5,5,5,multi
TBX2,5,5,5,5,multi
TCAF2C,15,15,15,15,multi
TCEANC2,2,2,2,2,specific
TCF7L2,4,4,4,4,specific
TCFL5,3,3,3,3,specific
TDRD3,8,8,8,8,multi
TECR,17,17,17,17,multi
TESK2,2,2,2,2,specific
TESPA1,5,5,5,5,multi
TET3,6,6,6,6,multi
TEX10,6,6,6,6,multi
TEX264,19,19,19,19,multi
TFRC,7,7,7,7,multi
TGIF1,7,7,7,7,multi
THAP8,3,3,3,3,specific
THEM6,7,7,7,7,multi
THOC1,8,8,8,8,multi
THOC3,6,6,6,6,multi
THOC5,15,15,15,15,multi
THUMPD3,11,11,11,11,multi
TIMELESS,3,3,3,3,specific
TIRAP,6,6,6,6,multi
TJP2,1,1,1,1,specific
TM4SF1,2,2,2,2,specific
TM4SF18,4,4,4,4,specific
TM7SF2,10,10,10,10,multi
TMBIM1,5,5,5,5,multi
TMC8,5,5,5,5,multi
TMCC2,11,11,11,11,multi
TMED4,5,5,5,5,multi
TMEM101,17,17,17,17,multi
TMEM102,3,3,3,3,specific
TMEM116,1,1,1,1,specific
TMEM134,10,10,10,10,multi
TMEM141,8,8,8,8,multi
TMEM144,3,3,3,3,specific
TMEM167A,14,14,14,14,multi
TMEM170B,14,14,14,14,multi
TMEM171,5,5,5,5,multi
TMEM175,13,13,13,13,multi
TMEM191B,3,3,3,3,specific
TMEM229A,2,2,2,2,specific
TMEM232,3,3,3,3,specific
TMEM238,1,1,1,1,specific
TMEM245,4,4,4,4,specific
TMEM37,3,3,3,3,specific
TMEM43,6,6,6,6,multi
TMEM50A,9,9,9,9,multi
TMEM54,9,9,9,9,multi
TMEM60,4,4,4,4,specific
TMEM63A,10,10,10,10,multi
TMEM80,3,3,3,3,specific
TMEM87B,9,9,9,9,multi
TMEM8B,11,11,11,11,multi
TMEM94,13,13,13,13,multi
TMEM98,5,5,5,5,multi
TMPRSS7,1,1,1,1,specific
TMUB2,10,10,10,10,multi
TNFRSF10B,8,8,8,8,multi
TNFRSF11B,2,2,2,2,specific
TNFRSF14,3,3,3,3,specific
TNFRSF1A,7,7,7,7,multi
TNFSF10,7,7,7,7,multi
TNIP1,15,15,15,15,multi
TNK1,10,10,10,10,multi
TOM1,17,17,17,17,multi
TOP1MT,8,8,8,8,multi
TOR1A,7,7,7,7,multi
TOX3,2,2,2,2,specific
TP53,2,2,2,2,specific
TP53I11,1,1,1,1,specific
TP63,2,2,2,2,specific
TPD52,2,2,2,2,specific
TPT1,7,7,7,7,multi
TRABD,10,10,10,10,multi
TRAC,3,3,3,3,specific
TRAF3IP3,5,5,5,5,multi
TRAF4,6,6,6,6,multi
TRAM1,5,5,5,5,multi
TRAPPC3,2,2,2,2,specific
TRAPPC5,11,11,11,11,multi
TRAPPC6A,8,8,8,8,multi
TREM1,5,5,5,5,multi
TREX2,10,10,10,10,multi
TRIM11,9,9,9,9,multi
TRIM17,3,3,3,3,specific
TRIM22,5,5,5,5,multi
TRIM45,5,5,5,5,multi
TRIM9,8,8,8,8,multi
TRNAU1AP,4,4,4,4,specific
TRPC3,4,4,4,4,specific
TRPT1,7,7,7,7,multi
TSC22D4,14,14,14,14,multi
TSEN34,7,7,7,7,multi
TSEN54,11,11,11,11,multi
TSKU,3,3,3,3,specific
TSPAN11,5,5,5,5,multi
TSPAN32,5,5,5,5,multi
TSPO,9,9,9,9,multi
TSPYL6,3,3,3,3,specific
TTC13,5,5,5,5,multi
TTC23,2,2,2,2,specific
TTC23L,2,2,2,2,specific
TTC29,5,5,5,5,multi
TTLL1,8,8,8,8,multi
TUB,4,4,4,4,specific
TXN2,13,13,13,13,multi
TXNRD1,7,7,7,7,multi
TXNRD2,9,9,9,9,multi
TYK2,10,10,10,10,multi
U6,7,7,7,7,multi
UBAC2,4,4,4,4,specific
UBE2I,4,4,4,4,specific
UBE2K,9,9,9,9,multi
UBE2R2,5,5,5,5,multi
UBL7,18,18,18,18,multi
UBLCP1,8,8,8,8,multi
UBOX5,9,9,9,9,multi
UBXN6,15,15,15,15,multi
UCK1,15,15,15,15,multi
UGGT2,5,5,5,5,multi
UGP2,10,10,10,10,multi
UHMK1,6,6,6,6,multi
ULK3,8,8,8,8,multi
UNC45A,10,10,10,10,multi
UNK,12,12,12,12,multi
UPK1A,1,1,1,1,specific
UPK2,1,1,1,1,specific
UPRT,2,2,2,2,specific
URB2,3,3,3,3,specific
USP16,8,8,8,8,multi
USP19,17,17,17,17,multi
USP25,10,10,10,10,multi
USP7,7,7,7,7,multi
UST,2,2,2,2,specific
UTP18,7,7,7,7,multi
VANGL1,2,2,2,2,specific
VAT1,7,7,7,7,multi
VEZT,10,10,10,10,multi
VILL,3,3,3,3,specific
VIPAS39,3,3,3,3,specific
VMO1,6,6,6,6,multi
VOPP1,1,1,1,1,specific
VPS28,14,14,14,14,multi
VPS37A,9,9,9,9,multi
VPS37B,2,2,2,2,specific
VPS41,9,9,9,9,multi
VPS45,11,11,11,11,multi
VPS51,15,15,15,15,multi
VSIG1,4,4,4,4,specific
VSIG10,6,6,6,6,multi
VSIG10L,4,4,4,4,specific
VWA5A,4,4,4,4,specific
VWC2,3,3,3,3,specific
WAPL,7,7,7,7,multi
WBP1,17,17,17,17,multi
WBP2,9,9,9,9,multi
WDPCP,3,3,3,3,specific
WDR19,11,11,11,11,multi
WDR3,9,9,9,9,multi
WDR36,5,5,5,5,multi
WDR75,5,5,5,5,multi
WDR83OS,17,17,17,17,multi
WHRN,7,7,7,7,multi
WIPF2,7,7,7,7,multi
WNT10B,1,1,1,1,specific
WWC1,5,5,5,5,multi
WWOX,2,2,2,2,specific
WWP2,6,6,6,6,multi
XPC,3,3,3,3,specific
XPO5,6,6,6,6,multi
XRCC1,18,18,18,18,multi
XYLT2,8,8,8,8,multi
YIPF3,17,17,17,17,multi
YPEL2,6,6,6,6,multi
YPEL4,8,8,8,8,multi
YPEL5,6,6,6,6,multi
YY1,1,1,1,1,specific
ZAP70,1,1,1,1,specific
ZBED1,7,7,7,7,multi
ZBED9,5,5,5,5,multi
ZBTB22,7,7,7,7,multi
ZBTB39,4,4,4,4,specific
ZBTB42,3,3,3,3,specific
ZC3H6,9,9,9,9,multi
ZCCHC17,6,6,6,6,multi
ZDHHC1,13,13,13,13,multi
ZDHHC12,12,12,12,12,multi
ZDHHC16,11,11,11,11,multi
ZDHHC7,2,2,2,2,specific
ZER1,8,8,8,8,multi
ZFAND2B,9,9,9,9,multi
ZFAT,5,5,5,5,multi
ZFP64,6,6,6,6,multi
ZFYVE1,10,10,10,10,multi
ZFYVE21,8,8,8,8,multi
ZGRF1,5,5,5,5,multi
ZMYM3,6,6,6,6,multi
ZNF133,10,10,10,10,multi
ZNF16,1,1,1,1,specific
ZNF2,4,4,4,4,specific
ZNF250,8,8,8,8,multi
ZNF283,9,9,9,9,multi
ZNF329,3,3,3,3,specific
ZNF330,4,4,4,4,specific
ZNF350,4,4,4,4,specific
ZNF362,9,9,9,9,multi
ZNF384,10,10,10,10,multi
ZNF385A,7,7,7,7,multi
ZNF385C,4,4,4,4,specific
ZNF428,10,10,10,10,multi
ZNF444,10,10,10,10,multi
ZNF446,16,16,16,16,multi
ZNF513,15,15,15,15,multi
ZNF524,10,10,10,10,multi
ZNF574,15,15,15,15,multi
ZNF595,5,5,5,5,multi
ZNF600,7,7,7,7,multi
ZNF667,4,4,4,4,specific
ZNF677,6,6,6,6,multi
ZNF683,2,2,2,2,specific
ZNF687,10,10,10,10,multi
ZNF70,5,5,5,5,multi
ZNF700,4,4,4,4,specific
ZNF707,10,10,10,10,multi
ZNF746,8,8,8,8,multi
ZNF747,9,9,9,9,multi
ZNF750,3,3,3,3,specific
ZNF783,5,5,5,5,multi
ZNF787,14,14,14,14,multi
ZNF79,5,5,5,5,multi
ZNF792,3,3,3,3,specific
ZNF805,3,3,3,3,specific
ZNF830,6,6,6,6,multi
ZSCAN2,4,4,4,4,specific
ZSCAN21,21,21,21,21,multi
ZSCAN25,4,4,4,4,specific
ZSCAN29,6,6,6,6,multi
ZSWIM5,3,3,3,3,specific
ZWILCH,5,5,5,5,multi
ZXDC,8,8,8,8,multi
ABCB9,5,5,5,5,multi
ANKLE2,7,7,7,7,multi
ASIC1,3,3,3,3,specific
ATP4A,3,3,3,3,specific
AURKC,4,4,4,4,specific
BTBD16,4,4,4,4,specific
CCDC65,1,1,1,1,specific
CLEC1A,4,4,4,4,specific
COMMD7,5,5,5,5,multi
CYS1,2,2,2,2,specific
DIRAS1,2,2,2,2,specific
DIRAS2,2,2,2,2,specific
FGF1,1,1,1,1,specific
FSTL4,4,4,4,4,specific
GBA,9,9,9,9,multi
GRM3,2,2,2,2,specific
HNRNPLL,8,8,8,8,multi
INTS3,24,24,24,24,multi
ITGA8,2,2,2,2,specific
KCNAB1,2,2,2,2,specific
KCNE3,1,1,1,1,specific
LAIR1,1,1,1,1,specific
LEXM,2,2,2,2,specific
MIRLET7A3,2,2,2,2,specific
NAA20,4,4,4,4,specific
NEUROD4,1,1,1,1,specific
NIPSNAP3A,5,5,5,5,multi
NQO1,5,5,5,5,multi
PARP1,4,4,4,4,specific
PDZRN4,4,4,4,4,specific
PIGC,3,3,3,3,specific
PPP1R11,3,3,3,3,specific
RDH10,2,2,2,2,specific
RFXAP,3,3,3,3,specific
ROR2,6,6,6,6,multi
SAPCD2,4,4,4,4,specific
SCP2,8,8,8,8,multi
SH3TC2,2,2,2,2,specific
SLC5A8,1,1,1,1,specific
SLC6A17,7,7,7,7,multi
SMARCE1,6,6,6,6,multi
SMCO1,1,1,1,1,specific
SNORA81,1,1,1,1,specific
TANC1,1,1,1,1,specific
TM2D2,3,3,3,3,specific
TRAPPC1,8,8,8,8,multi
TSPAN33,3,3,3,3,specific
TXNDC5,3,3,3,3,specific
ZCRB1,17,17,17,17,multi
ZNF629,7,7,7,7,multi
ZNF814,4,4,4,4,specific
ABCC10,9,9,9,9,multi
ABHD11,14,14,14,14,multi
ABHD15,5,5,5,5,multi
ACO2,15,15,15,15,multi
ACOT8,12,12,12,12,multi
ACOX3,7,7,7,7,multi
ACSF3,11,11,11,11,multi
ADA,4,4,4,4,specific
AFF2,3,3,3,3,specific
AGPAT2,5,5,5,5,multi
AKAP17A,4,4,4,4,specific
AKR7A2,6,6,6,6,multi
ALDH2,11,11,11,11,multi
AMMECR1L,3,3,3,3,specific
ANKRD13B,4,4,4,4,specific
ANXA11,6,6,6,6,multi
AP2A1,16,16,16,16,multi
AP2B1,4,4,4,4,specific
ARHGDIA,10,10,10,10,multi
ATAD1,8,8,8,8,multi
ATG2A,12,12,12,12,multi
AUTS2,6,6,6,6,multi
B2M,2,2,2,2,specific
B3GALT2,4,4,4,4,specific
B4GALT7,15,15,15,15,multi
BCKDHB,4,4,4,4,specific
BRD4,10,10,10,10,multi
BTN1A1,1,1,1,1,specific
C18orf21,4,4,4,4,specific
C6orf136,15,15,15,15,multi
C6orf141,1,1,1,1,specific
C8orf82,3,3,3,3,specific
CANT1,9,9,9,9,multi
CARD9,2,2,2,2,specific
CASP1,2,2,2,2,specific
CASP9,11,11,11,11,multi
CCAR2,13,13,13,13,multi
CCDC124,13,13,13,13,multi
CD22,2,2,2,2,specific
CD83,1,1,1,1,specific
CDC42EP4,10,10,10,10,multi
CDC42EP5,1,1,1,1,specific
CDC5L,5,5,5,5,multi
CDHR5,1,1,1,1,specific
CDK16,13,13,13,13,multi
CDX2,2,2,2,2,specific
CHCHD10,12,12,12,12,multi
CHCHD5,13,13,13,13,multi
CHGA,1,1,1,1,specific
CISD3,14,14,14,14,multi
CLDN23,3,3,3,3,specific
CLDN3,4,4,4,4,specific
CLDN7,3,3,3,3,specific
CLNS1A,5,5,5,5,multi
CLPB,8,8,8,8,multi
CLPTM1L,12,12,12,12,multi
CXCR5,3,3,3,3,specific
CYB561A3,5,5,5,5,multi
CYB5R2,1,1,1,1,specific
CYC1,11,11,11,11,multi
CYFIP1,3,3,3,3,specific
CYP20A1,16,16,16,16,multi
DCLRE1B,6,6,6,6,multi
DDX5,12,12,12,12,multi
DECR2,10,10,10,10,multi
DENND2D,2,2,2,2,specific
DEXI,13,13,13,13,multi
DFFA,4,4,4,4,specific
DLGAP3,4,4,4,4,specific
DMWD,10,10,10,10,multi
DNAH12,5,5,5,5,multi
E2F2,2,2,2,2,specific
EDN3,4,4,4,4,specific
EED,5,5,5,5,multi
EEF2,17,17,17,17,multi
EIF1B,5,5,5,5,multi
EIF3M,9,9,9,9,multi
ELK1,8,8,8,8,multi
EMP2,6,6,6,6,multi
ENDOU,4,4,4,4,specific
ENKD1,12,12,12,12,multi
ENTPD8,2,2,2,2,specific
EOLA2,7,7,7,7,multi
EPHA10,6,6,6,6,multi
EPHB2,5,5,5,5,multi
EPHX3,5,5,5,5,multi
ERCC3,11,11,11,11,multi
ERICH1,8,8,8,8,multi
ERN2,4,4,4,4,specific
ESPN,2,2,2,2,specific
ESRP2,5,5,5,5,multi
FAM104A,5,5,5,5,multi
FAM120A,2,2,2,2,specific
FAM204A,3,3,3,3,specific
FAM83E,2,2,2,2,specific
FBXL5,7,7,7,7,multi
FBXO43,2,2,2,2,specific
FBXW5,17,17,17,17,multi
FKRP,8,8,8,8,multi
FOXP4,12,12,12,12,multi
FRMD1,4,4,4,4,specific
FRS3,11,11,11,11,multi
FUNDC1,9,9,9,9,multi
FUOM,10,10,10,10,multi
FZD5,3,3,3,3,specific
GABPB2,2,2,2,2,specific
GABRA2,6,6,6,6,multi
GAK,13,13,13,13,multi
GAL3ST1,4,4,4,4,specific
GANAB,5,5,5,5,multi
GAS2L1,11,11,11,11,multi
GCKR,2,2,2,2,specific
GEMIN2,6,6,6,6,multi
GGACT,4,4,4,4,specific
GGCX,6,6,6,6,multi
GJB2,2,2,2,2,specific
GLYCTK,9,9,9,9,multi
GNB1,7,7,7,7,multi
GNB2,17,17,17,17,multi
GON7,6,6,6,6,multi
GPR35,2,2,2,2,specific
GPS2,11,11,11,11,multi
GSK3B,10,10,10,10,multi
GTF2E2,3,3,3,3,specific
GTPBP10,11,11,11,11,multi
GUCD1,7,7,7,7,multi
HACL1,2,2,2,2,specific
HDAC6,11,11,11,11,multi
HECTD3,11,11,11,11,multi
HES4,2,2,2,2,specific
HMGN4,8,8,8,8,multi
HNF4A,2,2,2,2,specific
HNRNPUL1,6,6,6,6,multi
HTRA2,13,13,13,13,multi
HVCN1,1,1,1,1,specific
ICMT,2,2,2,2,specific
IFT46,3,3,3,3,specific
IGF2BP3,3,3,3,3,specific
IL15,3,3,3,3,specific
INCENP,6,6,6,6,multi
INPP5J,8,8,8,8,multi
IRF8,7,7,7,7,multi
ITGB3BP,5,5,5,5,multi
KAT14,5,5,5,5,multi
KCNG2,1,1,1,1,specific
KCP,4,4,4,4,specific
KDM6B,8,8,8,8,multi
KIAA0513,2,2,2,2,specific
KIAA1549L,4,4,4,4,specific
KIF22,12,12,12,12,multi
KLF13,3,3,3,3,specific
KLHL14,3,3,3,3,specific
KLHL25,6,6,6,6,multi
KLHL6,1,1,1,1,specific
KRT8,6,6,6,6,multi
LAMP1,4,4,4,4,specific
LCK,1,1,1,1,specific
LCLAT1,4,4,4,4,specific
LDLRAP1,7,7,7,7,multi
LEPROTL1,3,3,3,3,specific
LGALS3BP,11,11,11,11,multi
LHFPL5,4,4,4,4,specific
LMAN1,6,6,6,6,multi
LMNB2,11,11,11,11,multi
LONRF3,5,5,5,5,multi
LPCAT1,4,4,4,4,specific
LRRC43,3,3,3,3,specific
LRRC75A,3,3,3,3,specific
LTA4H,7,7,7,7,multi
MACROD1,8,8,8,8,multi
MAEA,7,7,7,7,multi
MAGED4,8,8,8,8,multi
MAK16,5,5,5,5,multi
MALSU1,3,3,3,3,specific
MAML1,7,7,7,7,multi
MAP2K2,17,17,17,17,multi
MAPRE2,2,2,2,2,specific
MCRS1,20,20,20,20,multi
MED20,4,4,4,4,specific
MED28,1,1,1,1,specific
MED9,8,8,8,8,multi
METTL18,3,3,3,3,specific
MFF,3,3,3,3,specific
MGAT4B,12,12,12,12,multi
MIA-RAB4B,3,3,3,3,specific
MIPEP,5,5,5,5,multi
MISP3,4,4,4,4,specific
MMACHC,4,4,4,4,specific
MOCS2,3,3,3,3,specific
MOCS3,4,4,4,4,specific
MON1A,17,17,17,17,multi
MORC2,15,15,15,15,multi
MRPL10,12,12,12,12,multi
MRPL33,5,5,5,5,multi
MRPL36,6,6,6,6,multi
MRPL48,4,4,4,4,specific
MRPL54,14,14,14,14,multi
MRPL57,3,3,3,3,specific
MS4A1,1,1,1,1,specific
MSH4,1,1,1,1,specific
MST1R,10,10,10,10,multi
MSTO1,2,2,2,2,specific
MTCP1,7,7,7,7,multi
MTFP1,7,7,7,7,multi
MTMR14,7,7,7,7,multi
MVP,11,11,11,11,multi
MYC,3,3,3,3,specific
MYO15B,7,7,7,7,multi
MYO7B,1,1,1,1,specific
NADK,11,11,11,11,multi
NDUFA2,13,13,13,13,multi
NDUFA4L2,1,1,1,1,specific
NEDD1,5,5,5,5,multi
NEURL1,5,5,5,5,multi
NFE2L1,3,3,3,3,specific
NLRX1,11,11,11,11,multi
NME5,6,6,6,6,multi
NMI,11,11,11,11,multi
NR1I2,2,2,2,2,specific
NRG1,2,2,2,2,specific
OGDH,17,17,17,17,multi
ONECUT2,1,1,1,1,specific
ORC3,8,8,8,8,multi
ORC4,11,11,11,11,multi
OS9,5,5,5,5,multi
P2RY2,3,3,3,3,specific
PADI2,4,4,4,4,specific
PAF1,11,11,11,11,multi
PARS2,8,8,8,8,multi
PAX5,2,2,2,2,specific
PC,14,14,14,14,multi
PCK2,7,7,7,7,multi
PEPD,10,10,10,10,multi
PEX10,4,4,4,4,specific
PGRMC2,5,5,5,5,multi
PIF1,4,4,4,4,specific
PIGR,1,1,1,1,specific
PLA2G4F,1,1,1,1,specific
PLEKHA6,4,4,4,4,specific
PLEKHG6,1,1,1,1,specific
PLXNB2,10,10,10,10,multi
POLDIP3,6,6,6,6,multi
POMT2,7,7,7,7,multi
POU2F2,2,2,2,2,specific
PPIL2,6,6,6,6,multi
PPP1R14D,2,2,2,2,specific
PPP1R16A,13,13,13,13,multi
PPP1R16B,2,2,2,2,specific
PRDM1,3,3,3,3,specific
PRDM15,6,6,6,6,multi
PRIM2,3,3,3,3,specific
PRKCG,3,3,3,3,specific
PRUNE1,6,6,6,6,multi
PSME4,6,6,6,6,multi
PSMG2,6,6,6,6,multi
PXDNL,4,4,4,4,specific
PYGB,10,10,10,10,multi
R3HDM4,9,9,9,9,multi
RAB31,4,4,4,4,specific
RAB35,5,5,5,5,multi
RABGGTB,6,6,6,6,multi
RAD51D,7,7,7,7,multi
RBM25,11,11,11,11,multi
RDH5,7,7,7,7,multi
RESP18,2,2,2,2,specific
RFC5,5,5,5,5,multi
RHOV,2,2,2,2,specific
RHPN1,6,6,6,6,multi
RIOK2,6,6,6,6,multi
RIPK4,4,4,4,4,specific
RNF103,5,5,5,5,multi
RNF139,14,14,14,14,multi
RPL26L1,8,8,8,8,multi
RPS6KA5,12,12,12,12,multi
RUNX1,3,3,3,3,specific
RYK,5,5,5,5,multi
SAMD9L,3,3,3,3,specific
SCN4B,2,2,2,2,specific
SDR16C5,3,3,3,3,specific
SEPHS1,6,6,6,6,multi
SETMAR,2,2,2,2,specific
SF3A1,10,10,10,10,multi
SF3B2,12,12,12,12,multi
SH3RF2,1,1,1,1,specific
SIPA1L3,4,4,4,4,specific
SLC15A2,4,4,4,4,specific
SLC18A1,1,1,1,1,specific
SLC22A18,7,7,7,7,multi
SLC25A11,14,14,14,14,multi
SLC26A6,9,9,9,9,multi
SLC27A4,14,14,14,14,multi
SLC28A2,1,1,1,1,specific
SLC35A2,6,6,6,6,multi
SLC35A4,8,8,8,8,multi
SLC45A4,4,4,4,4,specific
SLC6A7,4,4,4,4,specific
SLC7A10,7,7,7,7,multi
SLC9A3R1,8,8,8,8,multi
SLIRP,5,5,5,5,multi
SMAD5,6,6,6,6,multi
SMARCA4,13,13,13,13,multi
SMIM20,3,3,3,3,specific
SNORD21,1,1,1,1,specific
SNRPA1,10,10,10,10,multi
SPATA2L,5,5,5,5,multi
SPHK2,15,15,15,15,multi
SPINT2,4,4,4,4,specific
SPIRE2,7,7,7,7,multi
SPRY4,4,4,4,4,specific
SRCAP,12,12,12,12,multi
ST14,6,6,6,6,multi
ST6GALNAC1,2,2,2,2,specific
STX8,3,3,3,3,specific
SWSAP1,5,5,5,5,multi
SYK,4,4,4,4,specific
SYPL1,6,6,6,6,multi
TADA2B,5,5,5,5,multi
TAX1BP3,11,11,11,11,multi
TBC1D7,4,4,4,4,specific
TBCB,8,8,8,8,multi
TBCK,7,7,7,7,multi
TBL2,1,1,1,1,specific
TCHP,3,3,3,3,specific
TERF2,3,3,3,3,specific
TFDP1,7,7,7,7,multi
TFF3,1,1,1,1,specific
THAP1,2,2,2,2,specific
THOC6,15,15,15,15,multi
TK1,4,4,4,4,specific
TMEM120A,9,9,9,9,multi
TMEM125,6,6,6,6,multi
TMEM126A,4,4,4,4,specific
TMEM127,9,9,9,9,multi
TMEM160,7,7,7,7,multi
TMEM199,3,3,3,3,specific
TNFAIP8L1,3,3,3,3,specific
TRAF7,15,15,15,15,multi
TRAV2,1,1,1,1,specific
TRDV2,1,1,1,1,specific
TRIM21,3,3,3,3,specific
TRPA1,2,2,2,2,specific
TTC1,6,6,6,6,multi
TTLL4,3,3,3,3,specific
TUFM,15,15,15,15,multi
TWNK,7,7,7,7,multi
TXNDC9,8,8,8,8,multi
TYSND1,10,10,10,10,multi
UAP1L1,6,6,6,6,multi
UBALD1,10,10,10,10,multi
UBE2Q1,4,4,4,4,specific
UBN1,4,4,4,4,specific
UPF1,18,18,18,18,multi
UQCRC1,11,11,11,11,multi
USE1,12,12,12,12,multi
USP44,2,2,2,2,specific
USP5,8,8,8,8,multi
VAC14,12,12,12,12,multi
VWDE,2,2,2,2,specific
WBP1L,3,3,3,3,specific
WDR1,4,4,4,4,specific
WDR37,3,3,3,3,specific
WDR53,3,3,3,3,specific
WFDC2,5,5,5,5,multi
WNT9A,5,5,5,5,multi
XKR5,1,1,1,1,specific
YIPF5,11,11,11,11,multi
ZBTB7C,4,4,4,4,specific
ZDHHC5,9,9,9,9,multi
ZFP36L2,8,8,8,8,multi
ZMIZ1,11,11,11,11,multi
ZNF35,5,5,5,5,multi
ZNF576,5,5,5,5,multi
ZNF584,3,3,3,3,specific
ZNF672,4,4,4,4,specific
ZNF777,13,13,13,13,multi
ACAA2,2,2,2,2,specific
ADAMTSL3,4,4,4,4,specific
AIG1,2,2,2,2,specific
AKAP3,3,3,3,3,specific
ANGPTL1,8,8,8,8,multi
ANO4,4,4,4,4,specific
APAF1,2,2,2,2,specific
APLNR,4,4,4,4,specific
ARFGAP3,6,6,6,6,multi
ARG2,1,1,1,1,specific
ASB15,1,1,1,1,specific
ASF1A,4,4,4,4,specific
ATF4,11,11,11,11,multi
ATRAID,2,2,2,2,specific
BRCC3,3,3,3,3,specific
C1orf21,5,5,5,5,multi
CALB1,3,3,3,3,specific
CAMK2G,3,3,3,3,specific
CCDC116,1,1,1,1,specific
CDKN2AIP,5,5,5,5,multi
CDNF,2,2,2,2,specific
CEBPE,1,1,1,1,specific
CEP76,3,3,3,3,specific
CERS6,2,2,2,2,specific
CHN1,1,1,1,1,specific
CLDND2,2,2,2,2,specific
CLEC18C,6,6,6,6,multi
CLVS1,2,2,2,2,specific
CMTM1,3,3,3,3,specific
CNIH3,4,4,4,4,specific
CNOT6,4,4,4,4,specific
CREB3L1,2,2,2,2,specific
CRYL1,4,4,4,4,specific
CSF2RB,2,2,2,2,specific
CTBP1,4,4,4,4,specific
DAB2,3,3,3,3,specific
DARS2,2,1,1,1,specific
DCLK1,7,7,7,7,multi
DMD,5,5,5,5,multi
DMRTA2,1,1,1,1,specific
DNAJA4,3,3,3,3,specific
ECEL1,3,3,3,3,specific
EFCAB13,1,1,1,1,specific
EFHB,4,4,4,4,specific
EIF3L,4,4,4,4,specific
EIF4E2,3,3,3,3,specific
ELAVL4,1,1,1,1,specific
ENPP5,4,4,4,4,specific
EPHA5,2,2,2,2,specific
ESYT3,4,4,4,4,specific
FBXL7,2,2,2,2,specific
FCRL6,1,1,1,1,specific
FGL2,5,5,5,5,multi
GJD3,1,1,1,1,specific
GPR85,2,2,2,2,specific
GRID2,1,1,1,1,specific
GRK3,4,4,4,4,specific
HBEGF,2,2,2,2,specific
HELQ,7,7,7,7,multi
HERPUD2,7,7,7,7,multi
HIF1AN,7,7,7,7,multi
HKDC1,3,3,3,3,specific
HNRNPA1L2,1,1,1,1,specific
HSD17B12,11,11,11,11,multi
HSP90AA1,11,11,11,11,multi
HSPA4L,5,5,5,5,multi
HSPA8,7,7,7,7,multi
IL7R,4,4,4,4,specific
INHBE,1,1,1,1,specific
INSL6,1,1,1,1,specific
ITPR1,1,1,1,1,specific
KCNA5,5,5,5,5,multi
KCNE2,1,1,1,1,specific
KDM6A,8,8,8,8,multi
KIAA0408,5,5,5,5,multi
KLRB1,4,4,4,4,specific
KPNA6,4,4,4,4,specific
LAMB1,7,7,7,7,multi
LENG9,1,1,1,1,specific
LIN9,4,4,4,4,specific
LMNTD2,2,2,2,2,specific
LPIN1,5,5,5,5,multi
LRCH1,4,4,4,4,specific
LRRC31,1,1,1,1,specific
LRRN3,3,3,3,3,specific
LRRTM3,3,3,3,3,specific
MAP3K13,4,4,4,4,specific
MEIG1,6,6,6,6,multi
METTL23,5,5,5,5,multi
MLLT11,3,3,3,3,specific
MPLKIP,3,3,3,3,specific
MTNR1B,1,1,1,1,specific
MTO1,6,6,6,6,multi
MYL5,4,4,4,4,specific
MYT1L,3,3,3,3,specific
NEFL,3,3,3,3,specific
NEK11,5,5,5,5,multi
NENF,3,3,3,3,specific
NEURL2,2,2,2,2,specific
NEURL3,1,1,1,1,specific
NMD3,5,5,5,5,multi
NOSTRIN,2,2,2,2,specific
NPEPPS,6,6,6,6,multi
NRF1,6,6,6,6,multi
NTF3,3,3,3,3,specific
NXPE3,2,2,2,2,specific
ODC1,5,5,5,5,multi
OTULIN,2,2,2,2,specific
PAMR1,3,3,3,3,specific
PANK1,2,2,2,2,specific
PDE5A,3,3,3,3,specific
PDGFRL,5,5,5,5,multi
PDS5A,5,5,5,5,multi
PHF12,3,3,3,3,specific
PIM1,5,5,5,5,multi
PMS2,6,6,6,6,multi
POP4,3,3,3,3,specific
PPP1R1A,6,6,6,6,multi
PROCA1,3,3,3,3,specific
PTCHD1,3,3,3,3,specific
PTPN22,2,2,2,2,specific
PTPRJ,2,2,2,2,specific
RAB10,7,7,7,7,multi
RAD9B,5,5,5,5,multi
RBBP5,2,2,2,2,specific
RCVRN,3,3,3,3,specific
RGS7BP,3,3,3,3,specific
RIC3,4,4,4,4,specific
RNF14,5,5,5,5,multi
RNF217,2,2,2,2,specific
RPL36A,2,2,2,2,specific
RRAGD,3,3,3,3,specific
RWDD2A,4,4,4,4,specific
RWDD3,3,3,3,3,specific
SCN9A,2,2,2,2,specific
SCPEP1,3,3,3,3,specific
SDCBP,3,3,3,3,specific
SDHAF4,6,6,6,6,multi
SEMA4A,5,5,5,5,multi
SH3GL3,4,4,4,4,specific
SIGLEC9,2,2,2,2,specific
SLAMF9,5,5,5,5,multi
SLC22A3,2,2,2,2,specific
SLC25A51,7,7,7,7,multi
SPAG8,3,3,3,3,specific
SPATA19,1,1,1,1,specific
SPATA32,2,2,2,2,specific
SPATA6L,1,1,1,1,specific
SPPL2C,1,1,1,1,specific
SRSF9,9,9,9,9,multi
SSTR2,1,1,1,1,specific
ST3GAL5,2,2,2,2,specific
ST8SIA3,1,1,1,1,specific
STARD3NL,3,3,3,3,specific
TC2N,2,2,2,2,specific
TCEA2,6,6,6,6,multi
TCEANC,3,3,3,3,specific
TMCC1,6,6,6,6,multi
TMEM108,3,3,3,3,specific
TMEM179B,4,4,4,4,specific
TMEM267,10,10,10,10,multi
TNFAIP3,4,4,4,4,specific
TTC36,1,1,1,1,specific
TTLL10,4,4,4,4,specific
UBASH3B,3,3,3,3,specific
UFSP2,6,6,6,6,multi
UHRF2,8,8,8,8,multi
USP39,5,5,5,5,multi
VGF,7,7,7,7,multi
VIPR1,5,5,5,5,multi
VMAC,6,6,6,6,multi
VWC2L,2,2,2,2,specific
WBP2NL,2,2,2,2,specific
WDR35,7,7,7,7,multi
XPO4,8,8,8,8,multi
ZBTB11,5,5,5,5,multi
ZNF12,4,4,4,4,specific
ZNF132,1,1,1,1,specific
ZSCAN31,4,4,4,4,specific
ABCD2,4,4,4,4,specific
ABHD17C,5,5,5,5,multi
ABHD6,1,1,1,1,specific
ABI1,1,1,1,1,specific
ABI2,2,2,2,2,specific
ABL2,2,2,2,2,specific
ABLIM1,3,3,3,3,specific
ACADVL,10,10,10,10,multi
ACIN1,15,15,15,15,multi
ACOT7,3,3,3,3,specific
ACSL1,3,3,3,3,specific
ACTL7B,1,1,1,1,specific
ADAM15,11,11,11,11,multi
ADAR,3,3,3,3,specific
ADGRG7,1,1,1,1,specific
ADRB2,3,3,3,3,specific
AFF1,2,2,2,2,specific
AKAP12,4,4,4,4,specific
AKAP13,2,2,2,2,specific
AKT1,13,13,13,13,multi
AKT2,10,10,10,10,multi
AKTIP,6,6,6,6,multi
ALG3,12,12,12,12,multi
ALKBH3,5,5,5,5,multi
ALOX12,4,4,4,4,specific
AMBRA1,16,16,16,16,multi
AMPD2,8,8,8,8,multi
ANAPC16,5,5,5,5,multi
ANGPTL6,7,7,7,7,multi
ANKEF1,5,5,5,5,multi
ANKRD13A,5,5,5,5,multi
ANKRD17,7,7,7,7,multi
ANKRD22,3,3,3,3,specific
ANKRD31,2,2,2,2,specific
ANLN,2,2,2,2,specific
AP1G1,3,3,3,3,specific
AP3M2,4,4,4,4,specific
APEX2,16,16,16,16,multi
ARFGEF1,7,7,7,7,multi
ARFIP1,1,1,1,1,specific
ARFIP2,10,10,10,10,multi
ARHGAP1,9,9,9,9,multi
ARHGAP25,4,4,4,4,specific
ARHGAP39,8,8,8,8,multi
ARHGEF5,4,4,4,4,specific
ARID4B,9,9,9,9,multi
ARIH2,2,2,2,2,specific
ARL13B,2,2,2,2,specific
ARL6IP5,4,4,4,4,specific
ARMC9,1,1,1,1,specific
ARPC2,5,5,5,5,multi
ASAH2B,1,1,1,1,specific
ASPM,1,1,1,1,specific
ASTE1,2,2,2,2,specific
ASTN2,2,2,2,2,specific
ASXL2,4,4,4,4,specific
ATAD5,6,6,6,6,multi
ATG10,6,6,6,6,multi
ATG101,13,13,13,13,multi
ATL3,2,2,2,2,specific
ATP10B,2,2,2,2,specific
ATP2B4,4,4,4,4,specific
ATP6V1C2,1,1,1,1,specific
ATP6V1D,2,2,2,2,specific
ATP9B,7,7,7,7,multi
AURKA,1,1,1,1,specific
AVIL,5,5,5,5,multi
B3GNT2,1,1,1,1,specific
BANF1,21,21,21,21,multi
BAZ2A,3,3,3,3,specific
BCAP31,11,11,11,11,multi
BCKDK,12,12,12,12,multi
BCL7B,8,8,8,8,multi
BCO1,3,3,3,3,specific
BCR,8,8,8,8,multi
BECN1,2,2,2,2,specific
BICDL1,4,4,4,4,specific
BLM,4,4,4,4,specific
BMP2K,4,4,4,4,specific
BMPR1B,5,5,5,5,multi
BOD1L1,5,5,5,5,multi
BTBD7,2,2,2,2,specific
BUB1,2,2,2,2,specific
BUB1B,1,1,1,1,specific
C11orf58,7,7,7,7,multi
C12orf4,7,7,7,7,multi
C15orf62,1,1,1,1,specific
C17orf80,5,5,5,5,multi
C20orf202,2,2,2,2,specific
C4orf33,3,3,3,3,specific
C5orf51,7,7,7,7,multi
C8orf58,4,4,4,4,specific
CAB39L,7,7,7,7,multi
CAD,7,7,7,7,multi
CAMK2B,4,4,4,4,specific
CAPN14,1,1,1,1,specific
CAPZA1,6,6,6,6,multi
CASP8AP2,9,9,9,9,multi
CBL,2,2,2,2,specific
CCDC150,2,2,2,2,specific
CCDC167,11,11,11,11,multi
CCDC191,4,4,4,4,specific
CCDC50,1,1,1,1,specific
CCDC51,11,11,11,11,multi
CCDC81,3,3,3,3,specific
CCDC82,9,9,9,9,multi
CCDC9,11,11,11,11,multi
CCL25,3,3,3,3,specific
CCNA2,3,3,3,3,specific
CCNB1,4,4,4,4,specific
CCSAP,2,2,2,2,specific
CD109,5,5,5,5,multi
CDC25C,1,1,1,1,specific
CDCA2,1,1,1,1,specific
CDCA3,1,1,1,1,specific
CDH13,1,1,1,1,specific
CDK20,8,8,8,8,multi
CDK5RAP1,3,3,3,3,specific
CDON,4,4,4,4,specific
CDPF1,5,5,5,5,multi
CEBPG,3,3,3,3,specific
CELF2,3,3,3,3,specific
CENPE,2,2,2,2,specific
CENPF,4,4,4,4,specific
CENPK,4,4,4,4,specific
CEP126,3,3,3,3,specific
CEP162,5,5,5,5,multi
CEP55,2,2,2,2,specific
CERS2,4,4,4,4,specific
CHAF1B,2,2,2,2,specific
CHAT,1,1,1,1,specific
CHCHD1,12,12,12,12,multi
CHCHD7,4,4,4,4,specific
CHD6,4,4,4,4,specific
CHKB,7,7,7,7,multi
CHL1,6,6,6,6,multi
CHM,6,6,6,6,multi
CISD1,3,3,3,3,specific
CIT,5,5,5,5,multi
CKAP5,3,3,3,3,specific
CLCC1,8,8,8,8,multi
CLDN5,8,8,8,8,multi
CLEC16A,2,2,2,2,specific
CLK2,6,6,6,6,multi
CLN8,5,5,5,5,multi
CMIP,2,2,2,2,specific
CNPY2,4,4,4,4,specific
CNPY4,4,4,4,4,specific
CNTRL,5,5,5,5,multi
COMMD2,4,4,4,4,specific
COPA,9,9,9,9,multi
COPG1,10,10,10,10,multi
COX17,10,10,10,10,multi
CPNE1,3,3,3,3,specific
CRAMP1,8,8,8,8,multi
CRB1,3,3,3,3,specific
CTCF,3,3,3,3,specific
CTNND1,4,4,4,4,specific
CWF19L2,4,4,4,4,specific
CYP4V2,4,4,4,4,specific
DAAM1,7,7,7,7,multi
DBI,3,3,3,3,specific
DBN1,9,9,9,9,multi
DCPS,15,15,15,15,multi
DCTN5,4,4,4,4,specific
DDB1,6,6,6,6,multi
DDX24,3,3,3,3,specific
DDX41,15,15,15,15,multi
DDX42,2,2,2,2,specific
DDX56,21,21,21,21,multi
DENND1A,3,3,3,3,specific
DGKA,3,3,3,3,specific
DGKH,3,3,3,3,specific
DLG5,13,13,13,13,multi
DLGAP5,2,2,2,2,specific
DLX3,1,1,1,1,specific
DNER,2,2,2,2,specific
DOCK3,2,2,2,2,specific
DPH2,14,14,14,14,multi
DPM2,12,12,12,12,multi
DSP,1,1,1,1,specific
DSTYK,4,4,4,4,specific
DZIP3,6,6,6,6,multi
ECHS1,4,4,4,4,specific
ECI1,15,15,15,15,multi
ECT2,2,2,2,2,specific
EDEM2,11,11,11,11,multi
EFL1,5,5,5,5,multi
EID1,1,1,1,1,specific
EIF2A,8,8,8,8,multi
EIF3B,10,10,10,10,multi
EIF3E,6,6,6,6,multi
ELFN1,2,2,2,2,specific
ELFN2,2,2,2,2,specific
ELP5,7,7,7,7,multi
ENHO,11,11,11,11,multi
EP300,4,4,4,4,specific
EPB41,1,1,1,1,specific
EPB41L4A,1,1,1,1,specific
EPB41L4B,2,2,2,2,specific
EPHA4,2,2,2,2,specific
ERCC6,7,7,7,7,multi
ERCC6L,2,2,2,2,specific
ERI1,3,3,3,3,specific
ERLIN2,3,3,3,3,specific
ESF1,9,9,9,9,multi
ESYT2,3,3,3,3,specific
ETV5,3,3,3,3,specific
FAM120AOS,7,7,7,7,multi
FAM131A,8,8,8,8,multi
FAM189B,9,9,9,9,multi
FAM217B,5,5,5,5,multi
FARP2,7,7,7,7,multi
FAT4,8,8,8,8,multi
FBXL14,6,6,6,6,multi
FBXO38,11,11,11,11,multi
FHOD1,12,12,12,12,multi
FILIP1L,4,4,4,4,specific
FIZ1,6,6,6,6,multi
FLII,14,14,14,14,multi
FMC1,9,9,9,9,multi
FMN1,2,2,2,2,specific
FNBP1,4,4,4,4,specific
FNBP4,7,7,7,7,multi
FOSB,2,2,2,2,specific
FOXJ2,5,5,5,5,multi
FOXJ3,3,3,3,3,specific
FRMD4B,2,2,2,2,specific
FUBP1,5,5,5,5,multi
FUNDC2,2,2,2,2,specific
FZD3,4,4,4,4,specific
GABARAPL2,7,7,7,7,multi
GALNT14,2,2,2,2,specific
GAPVD1,4,4,4,4,specific
GATAD1,8,8,8,8,multi
GCC1,3,3,3,3,specific
GCN1,16,16,16,16,multi
GCNT2,2,2,2,2,specific
GDI2,5,5,5,5,multi
GGTLC1,4,4,4,4,specific
GHITM,3,3,3,3,specific
GIGYF2,3,3,3,3,specific
GMDS,3,3,3,3,specific
GNG2,3,3,3,3,specific
GOLGA1,5,5,5,5,multi
GOSR1,3,3,3,3,specific
GPATCH2,4,4,4,4,specific
GPC1,12,12,12,12,multi
GPCPD1,9,9,9,9,multi
GPKOW,17,17,17,17,multi
GPM6A,2,2,2,2,specific
GRAMD1B,6,6,6,6,multi
GRHL1,1,1,1,1,specific
GRID1,3,3,3,3,specific
GSTK1,5,5,5,5,multi
GTF2H1,7,7,7,7,multi
GUCY2D,2,2,2,2,specific
GVQW3,4,4,4,4,specific
HACD1,3,3,3,3,specific
HAUS8,2,2,2,2,specific
HBS1L,7,7,7,7,multi
HEG1,3,3,3,3,specific
HEPH,3,3,3,3,specific
HES2,1,1,1,1,specific
HGSNAT,2,2,2,2,specific
HIPK1,1,1,1,1,specific
HJURP,2,2,2,2,specific
HMMR,6,6,6,6,multi
HMOX2,10,10,10,10,multi
HNRNPA1,4,4,4,4,specific
HPCAL1,9,9,9,9,multi
HPS6,17,17,17,17,multi
HS3ST6,1,1,1,1,specific
HTATIP2,1,1,1,1,specific
HUS1,4,4,4,4,specific
IGSF8,17,17,17,17,multi
IL2RA,2,2,2,2,specific
INO80E,16,16,16,16,multi
INPP1,3,3,3,3,specific
INPP5F,5,5,5,5,multi
INSR,6,6,6,6,multi
IP6K1,12,12,12,12,multi
IPO4,10,10,10,10,multi
IPO5,6,6,6,6,multi
IPO8,6,6,6,6,multi
IQCG,6,6,6,6,multi
IQGAP3,1,1,1,1,specific
ITM2B,4,4,4,4,specific
ITSN2,6,6,6,6,multi
IVNS1ABP,6,6,6,6,multi
JAG2,8,8,8,8,multi
JAM3,4,4,4,4,specific
JUN,2,2,2,2,specific
KANSL1,2,2,2,2,specific
KAT5,8,8,8,8,multi
KAT6A,4,4,4,4,specific
KDM4C,4,4,4,4,specific
KDM5A,4,4,4,4,specific
KDM5B,4,4,4,4,specific
KIF11,3,3,3,3,specific
KIF13A,6,6,6,6,multi
KIF20A,1,1,1,1,specific
KIF23,3,3,3,3,specific
KIF2C,1,1,1,1,specific
KIF3A,4,4,4,4,specific
KIF3B,4,4,4,4,specific
KIF3C,7,7,7,7,multi
KIF4A,1,1,1,1,specific
KLHDC8B,5,5,5,5,multi
KLRG2,1,1,1,1,specific
KMT2C,4,4,4,4,specific
KRT27,1,1,1,1,specific
KRT76,1,1,1,1,specific
LAMA3,1,1,1,1,specific
LARP4B,3,3,3,3,specific
LDAH,3,3,3,3,specific
LDHC,1,1,1,1,specific
LECT2,1,1,1,1,specific
LEF1,3,3,3,3,specific
LETM1,9,9,9,9,multi
LGALS3,2,2,2,2,specific
LHPP,9,9,9,9,multi
LIMCH1,4,4,4,4,specific
LIMK1,9,9,9,9,multi
LLGL1,11,11,11,11,multi
LMNB1,4,4,4,4,specific
LMO7,4,4,4,4,specific
LONP2,5,5,5,5,multi
LONRF1,3,3,3,3,specific
LRIG3,1,1,1,1,specific
LRPPRC,10,10,10,10,multi
LRRC14,13,13,13,13,multi
LRRC28,1,1,1,1,specific
LRRC41,10,10,10,10,multi
LRRC57,2,2,2,2,specific
LRSAM1,8,8,8,8,multi
LSM10,15,15,15,15,multi
LSS,5,5,5,5,multi
LYRM2,8,8,8,8,multi
LZTR1,18,18,18,18,multi
LZTS1,3,3,3,3,specific
MAP3K3,8,8,8,8,multi
MAP4K4,4,4,4,4,specific
MAPK14,6,6,6,6,multi
MAPK8IP1,14,14,14,14,multi
MAPKBP1,6,6,6,6,multi
MAST2,8,8,8,8,multi
MAST3,8,8,8,8,multi
MASTL,2,2,2,2,specific
MAT1A,1,1,1,1,specific
MBD2,1,1,1,1,specific
MBOAT2,3,3,3,3,specific
MCM4,1,1,1,1,specific
MCMDC2,8,8,8,8,multi
MCU,3,3,3,3,specific
MDC1,4,4,4,4,specific
MDH2,8,8,8,8,multi
MDM4,5,5,5,5,multi
MED12,12,12,12,12,multi
MED27,9,9,9,9,multi
METTL16,6,6,6,6,multi
MFSD5,10,10,10,10,multi
MGAT5,1,1,1,1,specific
MGRN1,7,7,7,7,multi
MIB2,15,15,15,15,multi
MKI67,1,1,1,1,specific
MLF2,7,7,7,7,multi
MLH3,8,8,8,8,multi
MPI,7,7,7,7,multi
MRAP2,3,3,3,3,specific
MRPL13,5,5,5,5,multi
MRPL3,6,6,6,6,multi
MRPL55,4,4,4,4,specific
MT-CYB,1,1,1,1,specific
MTBP,4,4,4,4,specific
MTERF2,3,3,3,3,specific
MTF1,3,3,3,3,specific
MTHFR,3,3,3,3,specific
MTHFS,13,13,13,13,multi
MTHFSD,2,2,2,2,specific
MTM1,6,6,6,6,multi
MTMR4,3,3,3,3,specific
MTPAP,7,7,7,7,multi
MTPN,4,4,4,4,specific
MVD,11,11,11,11,multi
MYD88,4,4,4,4,specific
MYO5B,1,1,1,1,specific
N4BP1,6,6,6,6,multi
NACC2,6,6,6,6,multi
NAXE,9,9,9,9,multi
NBN,10,10,10,10,multi
NCAPG,2,2,2,2,specific
NCAPG2,4,4,4,4,specific
NCDN,8,8,8,8,multi
NDC80,1,1,1,1,specific
NDST2,6,6,6,6,multi
NDUFAF2,5,5,5,5,multi
NDUFB2,9,9,9,9,multi
NEK2,1,1,1,1,specific
NF1,7,7,7,7,multi
NFATC3,4,4,4,4,specific
NFIC,8,8,8,8,multi
NGFR,2,2,2,2,specific
NIPBL,4,4,4,4,specific
NKTR,8,8,8,8,multi
NOB1,9,9,9,9,multi
NOC4L,11,11,11,11,multi
NOMO3,3,3,3,3,specific
NOX1,4,4,4,4,specific
NOXRED1,1,1,1,1,specific
NPHP1,4,4,4,4,specific
NRP2,2,2,2,2,specific
NSD1,4,4,4,4,specific
NSUN3,8,8,8,8,multi
NUDC,8,8,8,8,multi
NUDCD2,5,5,5,5,multi
NUDT16,5,5,5,5,multi
NUF2,2,2,2,2,specific
NUP153,5,5,5,5,multi
NUP43,3,3,3,3,specific
OGFOD3,14,14,14,14,multi
OGT,4,4,4,4,specific
OPA3,10,10,10,10,multi
OPHN1,2,2,2,2,specific
OTUD7B,3,3,3,3,specific
OTX1,1,1,1,1,specific
PAFAH1B3,12,12,12,12,multi
PAGR1,8,8,8,8,multi
PALB2,6,6,6,6,multi
PAPLN,3,3,3,3,specific
PARD3B,4,4,4,4,specific
PARP4,5,5,5,5,multi
PATJ,2,2,2,2,specific
PCBP3,3,3,3,3,specific
PCID2,1,1,1,1,specific
PCNA,5,5,5,5,multi
PCNT,8,8,8,8,multi
PCNX1,4,4,4,4,specific
PCYT1A,5,5,5,5,multi
PDK1,11,11,11,11,multi
PDXDC1,3,3,3,3,specific
PES1,15,15,15,15,multi
PEX13,8,8,8,8,multi
PFN2,3,3,3,3,specific
PGAM2,8,8,8,8,multi
PGD,7,7,7,7,multi
PHETA1,1,1,1,1,specific
PHF1,9,9,9,9,multi
PHF2,6,6,6,6,multi
PIGN,3,3,3,3,specific
PIGS,8,8,8,8,multi
PIK3CB,7,7,7,7,multi
PIK3R2,12,12,12,12,multi
PKM,9,9,9,9,multi
PLAU,6,6,6,6,multi
PLCG1,6,6,6,6,multi
PLEKHA8,5,5,5,5,multi
PLEKHM3,1,1,1,1,specific
PLXNA4,2,2,2,2,specific
PMM1,7,7,7,7,multi
PNPLA4,3,3,3,3,specific
POLA1,6,6,6,6,multi
POLDIP2,8,8,8,8,multi
POLH,7,7,7,7,multi
POLK,6,6,6,6,multi
POLR3A,4,4,4,4,specific
POP5,8,8,8,8,multi
PPCS,8,8,8,8,multi
PPL,6,6,6,6,multi
PPM1G,9,9,9,9,multi
PPP1R21,12,12,12,12,multi
PPP2R5B,12,12,12,12,multi
PPRC1,5,5,5,5,multi
PQBP1,15,15,15,15,multi
PRC1,1,1,1,1,specific
PREB,17,17,17,17,multi
PRKAA1,5,5,5,5,multi
PRNP,5,5,5,5,multi
PRPS1,3,3,3,3,specific
PRR11,1,1,1,1,specific
PRR14L,7,7,7,7,multi
PRR15,3,2,3,3,specific
PRSS53,11,11,11,11,multi
PSMC4,12,12,12,12,multi
PSPN,1,1,1,1,specific
PTGES3L,2,2,2,2,specific
PTOV1,19,19,19,19,multi
PTP4A1,7,7,7,7,multi
PTPDC1,4,4,4,4,specific
PTPN13,3,3,3,3,specific
PTPN21,1,1,1,1,specific
PTPN3,4,4,4,4,specific
PTTG1,3,3,3,3,specific
PTX4,4,4,4,4,specific
PUM1,4,4,4,4,specific
PUS1,11,11,11,11,multi
PUS10,2,2,2,2,specific
PXMP2,9,9,9,9,multi
PYGM,3,3,3,3,specific
QRICH1,5,5,5,5,multi
RAB3IL1,3,3,3,3,specific
RAB42,4,4,4,4,specific
RAB4B-EGLN2,13,13,13,13,multi
RAB8A,10,10,10,10,multi
RAB8B,3,3,3,3,specific
RACGAP1,4,4,4,4,specific
RAET1L,1,1,1,1,specific
RALGPS2,4,4,4,4,specific
RBAK,4,4,4,4,specific
RBFOX2,7,7,7,7,multi
RCOR1,3,3,3,3,specific
RELA,7,7,7,7,multi
RELN,3,3,3,3,specific
REPS1,4,4,4,4,specific
REXO5,2,2,2,2,specific
RFC3,6,6,6,6,multi
RFESD,5,5,5,5,multi
RFWD3,2,2,2,2,specific
RFX5,4,4,4,4,specific
RGS9,2,2,2,2,specific
RHEBL1,3,3,3,3,specific
RIBC1,7,7,7,7,multi
RIF1,7,7,7,7,multi
RIPK1,2,2,2,2,specific
RLF,11,11,11,11,multi
RNASE4,4,4,4,4,specific
RNF122,3,3,3,3,specific
RNF141,4,4,4,4,specific
RNF149,2,2,2,2,specific
RNF166,9,9,9,9,multi
RNFT1,7,7,7,7,multi
RPN1,8,8,8,8,multi
RRAGC,11,11,11,11,multi
RSF1,5,5,5,5,multi
RSPRY1,6,6,6,6,multi
RSRC1,3,3,3,3,specific
RTKN2,5,5,5,5,multi
S100A6,4,4,4,4,specific
SAP130,2,2,2,2,specific
SAP30BP,4,4,4,4,specific
SBNO1,5,5,5,5,multi
SC5D,5,5,5,5,multi
SCAMP3,17,17,17,17,multi
SCARNA13,1,1,1,1,specific
SCFD2,3,3,3,3,specific
SDHAF1,1,1,1,1,specific
SEC11C,2,2,2,2,specific
SEC63,8,8,8,8,multi
SETD7,3,3,3,3,specific
SETD9,6,6,6,6,multi
SF3B4,8,8,8,8,multi
SFXN1,2,2,2,2,specific
SGO2,1,1,1,1,specific
SH2B2,8,8,8,8,multi
SHCBP1,1,1,1,1,specific
SIPA1L1,2,2,2,2,specific
SLC1A4,2,2,2,2,specific
SLC25A13,3,3,3,3,specific
SLC25A28,10,10,10,10,multi
SLC25A30,2,2,2,2,specific
SLC25A46,9,9,9,9,multi
SLC25A47,1,1,1,1,specific
SLC30A2,2,2,2,2,specific
SLC35C2,15,15,15,15,multi
SLC35F5,3,3,3,3,specific
SLC37A4,7,7,7,7,multi
SLC40A1,6,6,6,6,multi
SLC52A3,4,4,4,4,specific
SLC6A13,2,2,2,2,specific
SLC6A9,6,6,6,6,multi
SLC7A1,2,2,2,2,specific
SLC7A8,3,3,3,3,specific
SLITRK6,4,4,4,4,specific
SMARCD3,8,8,8,8,multi
SMC2,3,3,3,3,specific
SMPD1,5,5,5,5,multi
SNAI3,2,2,2,2,specific
SNORD30,3,3,3,3,specific
SNRNP35,9,9,9,9,multi
SNRPA,11,11,11,11,multi
SNX12,6,6,6,6,multi
SNX27,5,5,5,5,multi
SNX4,9,9,9,9,multi
SON,10,10,10,10,multi
SORBS1,3,3,3,3,specific
SORT1,5,5,5,5,multi
SPAG9,5,5,5,5,multi
SPATA17,5,5,5,5,multi
SPATA5,3,2,3,3,specific
SPG7,8,8,8,8,multi
SPIRE1,3,3,3,3,specific
SREK1IP1,5,5,5,5,multi
SRPRA,5,5,5,5,multi
SRRM2,5,5,5,5,multi
SSH1,3,3,3,3,specific
SSR2,11,11,11,11,multi
ST3GAL3,9,9,9,9,multi
ST3GAL6,4,4,4,4,specific
ST6GALNAC4,18,18,18,18,multi
STK17A,2,2,2,2,specific
STK35,2,2,2,2,specific
STMN3,9,9,9,9,multi
STOML2,14,14,14,14,multi
STRIP1,4,4,4,4,specific
STX5,12,12,12,12,multi
SUB1,2,2,2,2,specific
SUN1,2,2,2,2,specific
SUPT3H,2,2,2,2,specific
SUPT5H,16,16,16,16,multi
SURF6,14,14,14,14,multi
SYCE1L,3,3,3,3,specific
SYNJ2BP,3,3,3,3,specific
SYNRG,1,1,1,1,specific
SYP,4,4,4,4,specific
TAF1,4,4,4,4,specific
TAF6L,11,11,11,11,multi
TARBP2,10,10,10,10,multi
TARDBP,5,5,5,5,multi
TBC1D15,8,8,8,8,multi
TBL1XR1,7,7,7,7,multi
TCP11L1,4,4,4,4,specific
TDP1,4,4,4,4,specific
TDRP,2,2,2,2,specific
TERF1,10,10,10,10,multi
TESK1,12,12,12,12,multi
TFF1,2,2,2,2,specific
TGFB1,6,6,6,6,multi
THYN1,6,6,6,6,multi
TIMM10,9,9,9,9,multi
TIMM50,6,6,6,6,multi
TIMM9,1,1,1,1,specific
TIMMDC1,3,3,3,3,specific
TJP1,4,4,4,4,specific
TLK2,7,7,7,7,multi
TLN1,14,14,14,14,multi
TM9SF4,4,4,4,4,specific
TMBIM6,2,2,2,2,specific
TMC7,1,1,1,1,specific
TMCO6,8,8,8,8,multi
TMED9,9,9,9,9,multi
TMEM109,9,9,9,9,multi
TMEM128,4,4,4,4,specific
TMEM139,2,2,2,2,specific
TMEM154,2,2,2,2,specific
TMEM181,6,6,6,6,multi
TMEM184B,8,8,8,8,multi
TMEM192,1,1,1,1,specific
TMEM214,11,11,11,11,multi
TMEM219,15,15,15,15,multi
TMEM40,1,1,1,1,specific
TMEM64,6,6,6,6,multi
TMTC2,7,7,7,7,multi
TMTC4,8,8,8,8,multi
TNFRSF10A,3,3,3,3,specific
TNFRSF6B,9,9,9,9,multi
TNKS1BP1,10,10,10,10,multi
TNRC18,9,9,9,9,multi
TNRC6A,7,7,7,7,multi
TOP2A,1,1,1,1,specific
TPX2,4,4,4,4,specific
TRANK1,3,3,3,3,specific
TRAPPC10,2,2,2,2,specific
TRAPPC9,1,1,1,1,specific
TRIM33,3,3,3,3,specific
TRIM35,3,3,3,3,specific
TRIM59,3,3,3,3,specific
TRIM68,3,3,3,3,specific
TRIM71,3,3,3,3,specific
TRPC4AP,4,4,4,4,specific
TSEN15,3,3,3,3,specific
TSNAXIP1,4,4,4,4,specific
TSPOAP1,7,7,7,7,multi
TTC14,7,7,7,7,multi
TTK,3,3,3,3,specific
TUBG2,6,6,6,6,multi
TUSC2,9,9,9,9,multi
TWF2,18,18,18,18,multi
TXNDC15,2,2,2,2,specific
U2SURP,10,10,10,10,multi
UBALD2,13,13,13,13,multi
UBE2O,7,7,7,7,multi
UBE2Z,2,2,2,2,specific
UBL4A,13,13,13,13,multi
UBQLN4,11,11,11,11,multi
UBR2,8,8,8,8,multi
UBTD2,2,2,2,2,specific
UBXN7,7,7,7,7,multi
UGGT1,5,5,5,5,multi
ULK2,3,3,3,3,specific
ULK4,1,1,1,1,specific
USP13,4,4,4,4,specific
VAMP3,4,4,4,4,specific
VCL,2,2,2,2,specific
VPS4B,7,7,7,7,multi
VPS54,9,9,9,9,multi
VPS72,19,19,19,19,multi
VTI1A,2,2,2,2,specific
WASF3,4,4,4,4,specific
WDHD1,3,3,3,3,specific
WDR31,2,2,2,2,specific
WDR46,13,13,13,13,multi
WDR62,7,7,7,7,multi
WDR81,11,11,11,11,multi
WDR97,11,11,11,11,multi
WIPF1,2,2,2,2,specific
WNK2,8,8,8,8,multi
WWP1,10,10,10,10,multi
XKR8,7,7,7,7,multi
XPO1,9,9,9,9,multi
XPO7,3,3,3,3,specific
XYLB,6,6,6,6,multi
YTHDC2,6,6,6,6,multi
YWHAB,3,3,3,3,specific
ZBTB4,4,4,4,4,specific
ZBTB43,1,1,1,1,specific
ZBTB6,4,4,4,4,specific
ZC3H13,5,5,5,5,multi
ZC3H7A,10,10,10,10,multi
ZC3HC1,4,4,4,4,specific
ZCCHC14,1,1,1,1,specific
ZDHHC9,2,2,2,2,specific
ZKSCAN2,8,8,8,8,multi
ZMYM1,4,4,4,4,specific
ZNF160,5,5,5,5,multi
ZNF205,8,8,8,8,multi
ZNF219,11,11,11,11,multi
ZNF221,7,7,7,7,multi
ZNF274,2,2,2,2,specific
ZNF292,9,9,9,9,multi
ZNF300,4,4,4,4,specific
ZNF304,5,5,5,5,multi
ZNF311,1,1,1,1,specific
ZNF382,6,6,6,6,multi
ZNF470,2,2,2,2,specific
ZNF502,6,6,6,6,multi
ZNF512,3,3,3,3,specific
ZNF550,3,3,3,3,specific
ZNF664,7,7,7,7,multi
ZNF688,17,16,17,17,multi
ZNF71,8,8,8,8,multi
ZNF836,11,11,11,11,multi
ZNFX1,5,5,5,5,multi
ZRANB2,9,9,9,9,multi
ZSCAN22,6,6,6,6,multi
ZSCAN26,4,4,4,4,specific
ZSCAN30,5,5,5,5,multi
ABHD8,11,11,11,11,multi
ABL1,8,8,8,8,multi
ACTN4,9,9,9,9,multi
ACTR6,8,8,8,8,multi
AGAP3,12,12,12,12,multi
AHCY,13,13,13,13,multi
AKT1S1,10,10,10,10,multi
ALG12,9,9,9,9,multi
ALKBH5,11,11,11,11,multi
ANAPC10,4,4,4,4,specific
AP1B1,9,9,9,9,multi
AQP11,4,4,4,4,specific
ARF1,10,10,10,10,multi
ARF3,3,3,3,3,specific
ARHGAP22,2,2,2,2,specific
ARHGEF28,6,6,6,6,multi
ARMCX3,3,3,3,3,specific
ARPC1B,4,4,4,4,specific
ASIC2,1,1,1,1,specific
ASNSD1,6,6,6,6,multi
ATP6V0E2,12,12,12,12,multi
ATP6V1B1,3,3,3,3,specific
AVP,3,3,3,3,specific
B3GAT3,20,20,20,20,multi
B4GALNT1,7,7,7,7,multi
B9D2,7,7,7,7,multi
BAZ1A,3,3,3,3,specific
BCAP29,10,10,10,10,multi
BCL7C,12,12,12,12,multi
BCL9L,6,6,6,6,multi
BEST4,2,2,2,2,specific
BGN,5,5,5,5,multi
C11orf24,9,9,9,9,multi
C16orf96,5,5,5,5,multi
C1GALT1C1,9,9,9,9,multi
C1orf210,1,1,1,1,specific
C1orf216,6,6,6,6,multi
C7orf57,1,1,1,1,specific
CA3,3,3,3,3,specific
CAMSAP1,1,1,1,1,specific
CARM1,9,9,9,9,multi
CCDC112,6,6,6,6,multi
CCDC97,8,8,8,8,multi
CCNF,4,4,4,4,specific
CD207,1,1,1,1,specific
CD58,5,5,5,5,multi
CDC42EP1,8,8,8,8,multi
CDCA4,5,5,5,5,multi
CDCA5,2,2,2,2,specific
CEBPB,8,8,8,8,multi
CENPM,4,4,4,4,specific
CERCAM,5,5,5,5,multi
CHPF,15,15,15,15,multi
CHST5,7,7,7,7,multi
CMAS,5,5,5,5,multi
CNFN,3,3,3,3,specific
CNP,4,4,4,4,specific
COA1,4,4,4,4,specific
COL22A1,2,2,2,2,specific
COL4A2,7,7,7,7,multi
COL8A2,4,4,4,4,specific
COTL1,5,5,5,5,multi
COX4I2,8,8,8,8,multi
CPT2,2,2,2,2,specific
CRIP1,6,6,6,6,multi
DCTPP1,17,17,17,17,multi
DDA1,8,8,8,8,multi
DDX55,5,5,5,5,multi
DNAAF2,6,6,6,6,multi
DNAJC4,13,13,13,13,multi
DNLZ,8,8,8,8,multi
DNTTIP1,7,7,7,7,multi
DPP3,11,11,11,11,multi
DRAP1,8,8,8,8,multi
DRC1,1,1,1,1,specific
DUSP10,1,1,1,1,specific
DUSP3,8,8,8,8,multi
EEF1AKMT2,4,4,4,4,specific
EIF4EBP1,11,11,11,11,multi
ELOF1,11,11,11,11,multi
ELP2,6,6,6,6,multi
EMC10,13,13,13,13,multi
EMD,7,7,7,7,multi
EMILIN1,8,8,8,8,multi
ENDOV,3,3,3,3,specific
EPB41L5,6,6,6,6,multi
EQTN,4,4,4,4,specific
F2RL3,2,2,2,2,specific
F3,5,5,5,5,multi
FADS3,14,14,14,14,multi
FAM149B1,4,4,4,4,specific
FAM20C,12,12,12,12,multi
FAM3D,1,1,1,1,specific
FBXL12,7,7,7,7,multi
FBXL15,5,5,5,5,multi
FBXO10,11,11,11,11,multi
FGFR1,7,7,7,7,multi
FPGS,9,9,9,9,multi
FRA10AC1,4,4,4,4,specific
GALE,10,10,10,10,multi
GATD3B,6,6,6,6,multi
GCA,5,5,5,5,multi
GDE1,6,6,6,6,multi
GJB1,2,2,2,2,specific
GMPPA,13,13,13,13,multi
GNAT1,1,1,1,1,specific
GPBP1,11,11,11,11,multi
GPR160,3,3,3,3,specific
GRB2,2,2,2,2,specific
GRIK5,8,8,8,8,multi
GSK3A,15,15,15,15,multi
GTPBP3,6,6,6,6,multi
HAUS2,8,8,8,8,multi
HMCN2,6,6,6,6,multi
HSD17B1,6,6,6,6,multi
HSD3B7,7,7,7,7,multi
HSFX1,4,4,4,4,specific
IER5,8,8,8,8,multi
IGFBP6,13,13,13,13,multi
IGSF9B,3,3,3,3,specific
ILF3,10,10,10,10,multi
IRF2BP1,13,13,13,13,multi
ISLR,4,4,4,4,specific
ITGB4,16,16,16,16,multi
ITIH3,1,1,1,1,specific
JAK2,7,7,7,7,multi
KAZALD1,2,2,2,2,specific
KCNAB3,13,13,13,13,multi
KIAA0930,6,6,6,6,multi
LGI1,4,4,4,4,specific
LMF2,11,11,11,11,multi
LMO2,2,1,2,2,specific
LRP5,14,14,14,14,multi
LRRC4,6,6,6,6,multi
LRRC61,9,9,9,9,multi
LRRC8A,10,10,10,10,multi
MAB21L1,3,3,3,3,specific
MBIP,10,10,10,10,multi
MEA1,12,12,12,12,multi
MECP2,13,13,13,13,multi
METTL9,5,5,5,5,multi
MFAP4,7,7,7,7,multi
MFSD8,4,4,4,4,specific
MID1IP1,9,9,9,9,multi
MNT,8,8,8,8,multi
MOB2,13,13,13,13,multi
MPND,14,14,14,14,multi
MPV17,10,10,10,10,multi
MRNIP,7,7,7,7,multi
MTAP,7,7,7,7,multi
MTX3,4,4,4,4,specific
MXD4,12,12,12,12,multi
MYO1C,8,8,8,8,multi
NAA16,6,6,6,6,multi
NAB2,7,7,7,7,multi
NAGS,2,2,2,2,specific
NAPA,12,12,12,12,multi
NDE1,4,4,4,4,specific
NDUFA3,13,13,13,13,multi
NDUFAF6,3,3,3,3,specific
NETO2,3,3,3,3,specific
NICN1,9,9,9,9,multi
NKX2-3,2,2,2,2,specific
NOVA1,5,5,5,5,multi
NPY1R,2,2,2,2,specific
OAF,2,2,2,2,specific
OGFR,9,9,9,9,multi
OLFM3,3,3,3,3,specific
OST4,14,14,14,14,multi
P4HA2,10,10,10,10,multi
PALD1,4,4,4,4,specific
PCYT2,17,17,17,17,multi
PEX14,9,9,9,9,multi
PGAM5,10,10,10,10,multi
PHF19,8,8,8,8,multi
PHOSPHO2,3,3,3,3,specific
PIGA,5,5,5,5,multi
PIN1,15,15,15,15,multi
PIP4K2C,4,4,4,4,specific
PKIG,11,11,11,11,multi
PMPCB,7,7,7,7,multi
PNOC,3,3,3,3,specific
POC1B,5,5,5,5,multi
POLD2,11,11,11,11,multi
POLR2L,3,3,3,3,specific
POP7,15,15,15,15,multi
PPCDC,12,12,12,12,multi
PPP2R1A,11,11,11,11,multi
PRIMPOL,9,9,9,9,multi
PRMT7,15,15,15,15,multi
PSMC3,12,12,12,12,multi
PSMD8,12,12,12,12,multi
PSMF1,3,3,3,3,specific
PTER,2,2,2,2,specific
PTPRN,8,8,8,8,multi
PUF60,15,15,15,15,multi
PYCR1,4,4,4,4,specific
PYM1,15,15,15,15,multi
RAD23A,17,17,17,17,multi
RFNG,15,15,15,15,multi
RNF186,2,2,2,2,specific
RNH1,11,11,11,11,multi
RPL26,4,4,4,4,specific
RTCA,9,9,9,9,multi
SART1,13,13,13,13,multi
SCARB1,10,10,10,10,multi
SCUBE1,1,1,1,1,specific
SCUBE3,3,3,3,3,specific
SEMA7A,4,4,4,4,specific
SERPINC1,4,4,4,4,specific
SHISA5,9,9,9,9,multi
SHMT2,13,13,13,13,multi
SIVA1,9,9,9,9,multi
SLC16A10,1,1,1,1,specific
SLC25A39,12,12,12,12,multi
SLC2A4RG,6,6,6,6,multi
SLC35F3,1,1,1,1,specific
SLC39A5,2,2,2,2,specific
SLC43A2,11,11,11,11,multi
SMAD3,4,4,4,4,specific
SMIM19,10,10,10,10,multi
SMOC1,3,2,3,3,specific
SMYD3,1,1,1,1,specific
SNAPC1,5,5,5,5,multi
SNORA31,2,2,2,2,specific
SNORA57,1,1,1,1,specific
SNORD27,1,1,1,1,specific
SNORD94,1,1,1,1,specific
SNX7,4,4,4,4,specific
SPAG16,12,12,12,12,multi
SRPX2,2,2,2,2,specific
STRN4,8,8,8,8,multi
SYNPR,1,1,1,1,specific
TAPBP,7,7,7,7,multi
TAPBPL,9,9,9,9,multi
TBC1D16,6,6,6,6,multi
TEX35,6,6,6,6,multi
TFAM,11,11,11,11,multi
THAP11,14,14,14,14,multi
THY1,5,5,5,5,multi
TIAL1,6,6,6,6,multi
TIMP3,7,7,7,7,multi
TLN2,5,5,5,5,multi
TM2D1,14,14,14,14,multi
TMEM132A,11,11,11,11,multi
TMEM177,11,11,11,11,multi
TNFRSF13C,1,1,1,1,specific
TPRKB,4,4,4,4,specific
UBE2E3,10,10,10,10,multi
UCHL5,6,6,6,6,multi
UNC13D,4,4,4,4,specific
UPK3A,2,2,2,2,specific
UQCR10,1,1,1,1,specific
VMP1,4,4,4,4,specific
VPS16,12,12,12,12,multi
WDR13,11,11,11,11,multi
YDJC,9,9,9,9,multi
YEATS4,4,4,4,4,specific
ZBTB46,7,7,7,7,multi
ZNF414,13,13,13,13,multi
ZNF516,6,6,6,6,multi
ZNF594,3,3,3,3,specific
ZNF662,4,4,4,4,specific
ZNF821,4,4,4,4,specific
ABCA1,4,4,4,4,specific
ABCB7,5,5,5,5,multi
ACBD3,3,3,3,3,specific
ACTB,9,9,9,9,multi
ACVR2A,5,5,5,5,multi
AGL,5,5,5,5,multi
AHCYL2,5,5,5,5,multi
AIMP2,3,3,3,3,specific
AK3,2,2,2,2,specific
AKAP6,4,4,4,4,specific
AKT3,2,2,2,2,specific
ALB,1,1,1,1,specific
ALG11,5,5,5,5,multi
ALOX12B,3,3,3,3,specific
AMPD3,1,1,1,1,specific
AMZ1,3,3,3,3,specific
ANKRD40,2,2,2,2,specific
ANO6,5,5,5,5,multi
APEX1,9,9,9,9,multi
APOB,1,1,1,1,specific
APPL2,2,2,2,2,specific
ARHGEF6,4,4,4,4,specific
ARMC7,4,4,4,4,specific
ASAP2,2,2,2,2,specific
ASGR1,5,5,5,5,multi
ATM,2,2,2,2,specific
ATOX1,1,1,1,1,specific
ATP6V1C1,7,7,7,7,multi
ATP6V1E2,1,1,1,1,specific
ATP7A,2,2,2,2,specific
AVEN,2,2,2,2,specific
B3GALT5,2,2,2,2,specific
BIN1,6,6,6,6,multi
BNC2,1,1,1,1,specific
BPIFB3,1,1,1,1,specific
BRCA1,3,3,3,3,specific
BRI3BP,1,1,1,1,specific
BROX,4,4,4,4,specific
BRWD3,6,6,6,6,multi
BSPH1,3,3,3,3,specific
C11orf91,2,2,2,2,specific
C12orf29,6,6,6,6,multi
C1orf50,4,4,4,4,specific
C2orf88,3,3,3,3,specific
C6orf62,8,8,8,8,multi
CA2,2,2,2,2,specific
CALM1,6,6,6,6,multi
CBFB,5,5,5,5,multi
CCDC106,11,11,11,11,multi
CCDC117,3,3,3,3,specific
CCDC126,4,4,4,4,specific
CCDC14,3,3,3,3,specific
CCDC184,4,4,4,4,specific
CCDC186,5,5,5,5,multi
CCDC90B,5,5,5,5,multi
CCSER1,3,3,3,3,specific
CD302,3,3,3,3,specific
CD53,1,1,1,1,specific
CEP128,4,4,4,4,specific
CEP350,3,3,3,3,specific
CEP97,3,3,3,3,specific
CHD9,7,7,7,7,multi
CHMP4B,6,6,6,6,multi
CHRNA1,2,2,2,2,specific
CHST8,4,4,4,4,specific
CNTNAP5,2,2,2,2,specific
COL9A2,5,5,5,5,multi
COMMD1,5,5,5,5,multi
COX7A2L,6,6,6,6,multi
CPNE5,4,4,4,4,specific
CRK,1,1,1,1,specific
CRYM,1,1,1,1,specific
CXCL6,1,1,1,1,specific
DAPK1,3,3,3,3,specific
DCAF12,3,3,3,3,specific
DCBLD1,6,6,6,6,multi
DENND1C,4,4,4,4,specific
DENND4A,9,9,9,9,multi
DICER1,3,3,3,3,specific
DNASE1L2,4,4,4,4,specific
DOLK,6,6,6,6,multi
DPM1,15,15,15,15,multi
DSTN,2,2,2,2,specific
E2F5,4,4,4,4,specific
ECHDC2,3,3,3,3,specific
EGLN1,4,4,4,4,specific
ELAVL2,2,2,2,2,specific
ELF2,10,10,10,10,multi
ELOVL4,3,3,3,3,specific
ELOVL6,4,4,4,4,specific
EMC8,9,9,9,9,multi
EMID1,8,8,8,8,multi
EMSY,2,2,2,2,specific
ENO1,10,10,10,10,multi
ENPP1,6,6,6,6,multi
ENTPD2,6,6,6,6,multi
ENTPD3,2,2,2,2,specific
ERBB4,2,2,2,2,specific
ERLIN1,8,8,8,8,multi
ERO1B,2,2,2,2,specific
F12,3,3,3,3,specific
FAM8A1,4,4,4,4,specific
FAR1,7,7,7,7,multi
FBLIM1,4,4,4,4,specific
FBXO2,3,3,3,3,specific
FBXO25,2,2,2,2,specific
FBXO45,4,4,4,4,specific
FCHO2,6,6,6,6,multi
FGD4,3,3,3,3,specific
FIBP,8,8,8,8,multi
FRYL,4,4,4,4,specific
GAL3ST2,6,6,6,6,multi
GALNT16,5,5,5,5,multi
GCK,7,6,7,7,multi
GFM1,9,9,9,9,multi
GFM2,9,9,9,9,multi
GFRA3,2,2,2,2,specific
GK5,6,6,6,6,multi
GNA13,5,5,5,5,multi
GSTM3,1,1,1,1,specific
GTF2E1,3,3,3,3,specific
GXYLT1,5,5,5,5,multi
HARBI1,2,2,2,2,specific
HAUS6,6,6,6,6,multi
HDX,3,3,3,3,specific
HEATR5B,3,3,3,3,specific
HEBP1,4,4,4,4,specific
HECTD2,3,3,3,3,specific
HERC4,9,9,9,9,multi
HGF,4,4,4,4,specific
HIP1,6,6,6,6,multi
HMBOX1,4,4,4,4,specific
HPCA,3,3,3,3,specific
HSPB11,4,4,4,4,specific
HTR1B,1,1,1,1,specific
JDP2,8,8,8,8,multi
KATNAL1,3,3,3,3,specific
KCNJ14,5,5,5,5,multi
KDM7A,2,2,2,2,specific
KIAA0895,3,3,3,3,specific
KIAA2026,12,12,12,12,multi
KIF18B,4,4,4,4,specific
KLHL11,3,3,3,3,specific
KLHL2,4,4,4,4,specific
KLHL28,4,4,4,4,specific
KLHL40,1,1,1,1,specific
KLHL8,4,4,4,4,specific
KLK3,1,1,1,1,specific
KPNA5,6,6,6,6,multi
KXD1,10,10,10,10,multi
LAMTOR1,9,9,9,9,multi
LNPEP,5,5,5,5,multi
LRRC49,5,5,5,5,multi
LRRC59,7,7,7,7,multi
LRRC73,3,3,3,3,specific
LRRN4,1,1,1,1,specific
LSAMP,2,2,2,2,specific
LYPLA1,3,3,3,3,specific
MALT1,4,4,4,4,specific
MAP1LC3A,10,10,10,10,multi
MAP3K5,6,6,6,6,multi
MEGF9,5,5,5,5,multi
MESP2,3,3,3,3,specific
MICU3,4,4,4,4,specific
MMP11,4,4,4,4,specific
MMP21,2,2,2,2,specific
MRC2,5,5,5,5,multi
MRPL16,5,5,5,5,multi
MRPL39,5,5,5,5,multi
MRPL43,9,9,9,9,multi
MTMR8,4,4,4,4,specific
MTMR9,1,1,1,1,specific
MTRF1,6,6,6,6,multi
MUL1,8,8,8,8,multi
MYLPF,5,5,5,5,multi
MYO9A,3,3,3,3,specific
N4BP2L2,16,16,16,16,multi
NAP1L2,6,6,6,6,multi
NAPEPLD,5,5,5,5,multi
NAT16,2,2,2,2,specific
NBEAL1,5,5,5,5,multi
NDUFAB1,2,2,2,2,specific
NEBL,3,3,3,3,specific
NEMF,8,8,8,8,multi
NEU4,3,3,3,3,specific
NFAT5,4,4,4,4,specific
NFU1,7,7,7,7,multi
NFXL1,4,4,4,4,specific
NIPAL4,1,1,1,1,specific
NOL8,5,5,5,5,multi
NOTCH2,4,4,4,4,specific
NRAS,2,2,2,2,specific
NT5C,10,10,10,10,multi
NUDT18,5,5,5,5,multi
NUP98,4,4,4,4,specific
OMD,2,2,2,2,specific
OSBPL9,13,13,13,13,multi
OTUD4,3,3,3,3,specific
PCNP,1,1,1,1,specific
PDE3B,2,2,2,2,specific
PFN1,10,10,10,10,multi
PGGT1B,9,9,9,9,multi
PHIP,6,6,6,6,multi
PIAS1,3,3,3,3,specific
PIK3R3,3,3,3,3,specific
PIK3R4,3,3,3,3,specific
PIKFYVE,5,5,5,5,multi
PIP5KL1,1,1,1,1,specific
PIWIL2,2,2,2,2,specific
PKD2,4,4,4,4,specific
PLAGL2,3,3,3,3,specific
PLCB4,4,4,4,4,specific
PLD5,2,2,2,2,specific
PLEKHA5,2,2,2,2,specific
PLVAP,7,7,7,7,multi
PNISR,2,2,2,2,specific
POLE2,7,7,7,7,multi
POLR2H,7,7,7,7,multi
POLR3K,6,6,6,6,multi
POMC,3,3,3,3,specific
PPP4C,14,14,14,14,multi
PPP6C,3,3,3,3,specific
PPTC7,2,2,2,2,specific
PRKAA2,3,3,3,3,specific
PRMT3,5,5,5,5,multi
PRR7,2,2,2,2,specific
PRSS56,4,4,4,4,specific
PSMB8,5,5,5,5,multi
PSMG1,4,4,4,4,specific
PTPRD,3,3,3,3,specific
PWWP2B,6,6,6,6,multi
RAB11FIP2,4,4,4,4,specific
RAB39A,3,3,3,3,specific
RAB3C,2,2,2,2,specific
RADIL,10,10,10,10,multi
RAVER2,3,3,3,3,specific
RBBP6,8,8,8,8,multi
RBMS1,3,3,3,3,specific
RIC1,5,5,5,5,multi
RIMKLB,1,1,1,1,specific
RMND5A,3,3,3,3,specific
RNASEK,8,8,8,8,multi
RNF182,2,2,2,2,specific
RNF4,2,2,2,2,specific
ROCK1,8,8,8,8,multi
ROCK2,5,5,5,5,multi
RPL18,11,11,11,11,multi
RPP14,6,6,6,6,multi
RPP38,1,1,1,1,specific
RTP5,3,3,3,3,specific
RUFY3,1,1,1,1,specific
SACS,6,6,6,6,multi
SAMD8,4,4,4,4,specific
SELENOI,2,2,2,2,specific
SENP8,2,2,2,2,specific
SH3BP2,11,11,11,11,multi
SHISA4,14,14,14,14,multi
SLC10A4,2,2,2,2,specific
SLC2A12,1,1,1,1,specific
SLC31A2,5,5,5,5,multi
SLC4A4,2,2,2,2,specific
SLC9C2,1,1,1,1,specific
SLF1,5,5,5,5,multi
SLX4IP,3,3,3,3,specific
SMCHD1,7,7,7,7,multi
SMDT1,4,4,4,4,specific
SMG1,3,3,3,3,specific
SMG7,4,4,4,4,specific
SMIM3,6,6,6,6,multi
SMNDC1,3,3,3,3,specific
SNN,11,11,11,11,multi
SNORA26,1,1,1,1,specific
SNORD101,1,1,1,1,specific
SNRPB,8,8,8,8,multi
SOD2,1,1,1,1,specific
SORL1,4,4,4,4,specific
SOS1,6,6,6,6,multi
SOX11,6,6,6,6,multi
SPACA1,1,1,1,1,specific
SRA1,8,8,8,8,multi
SREK1,7,7,7,7,multi
SRPK2,1,1,1,1,specific
SRRM5,5,5,5,5,multi
SST,1,1,1,1,specific
ST8SIA6,1,1,1,1,specific
STIP1,12,12,12,12,multi
STK4,4,4,4,4,specific
SULF2,5,5,5,5,multi
SUOX,4,4,4,4,specific
SWAP70,4,4,4,4,specific
TAF8,4,4,4,4,specific
TBC1D8B,5,5,5,5,multi
TFE3,10,10,10,10,multi
THEM4,5,5,5,5,multi
TIGD3,3,3,3,3,specific
TLCD1,2,2,2,2,specific
TLR4,5,5,5,5,multi
TM2D3,4,4,4,4,specific
TMED5,2,2,2,2,specific
TMEM135,5,5,5,5,multi
TMEM223,4,4,4,4,specific
TMF1,6,6,6,6,multi
TMTC1,3,3,3,3,specific
TOP1,4,4,4,4,specific
TOR3A,5,5,5,5,multi
TPH2,2,2,2,2,specific
TPR,3,3,3,3,specific
TRAF3,5,5,5,5,multi
TRAF6,3,3,3,3,specific
TRAP1,12,12,12,12,multi
TRAPPC4,4,4,4,4,specific
TRMT13,9,9,9,9,multi
TRMT2A,13,13,13,13,multi
TRPM6,4,4,4,4,specific
TTC21B,8,8,8,8,multi
TTLL6,1,1,1,1,specific
UBAP2,3,3,3,3,specific
UBE2L6,5,5,5,5,multi
UBE2M,7,7,7,7,multi
UBR5,7,7,7,7,multi
UBXN2B,2,2,2,2,specific
UPP2,1,1,1,1,specific
USP15,11,11,11,11,multi
USP45,8,8,8,8,multi
USP47,10,10,10,10,multi
VEGFB,8,8,8,8,multi
VPS13A,3,3,3,3,specific
VWA2,2,2,2,2,specific
WDCP,1,1,1,1,specific
ZC3H11A,7,7,7,7,multi
ZDHHC20,2,2,2,2,specific
ZDHHC21,3,3,3,3,specific
ZFC3H1,8,8,8,8,multi
ZFP1,2,2,2,2,specific
ZFP14,4,4,4,4,specific
ZFP30,4,4,4,4,specific
ZFP62,7,7,7,7,multi
ZFX,5,5,5,5,multi
ZHX3,11,11,11,11,multi
ZMAT5,10,10,10,10,multi
ZNF175,4,4,4,4,specific
ZNF184,2,2,2,2,specific
ZNF235,2,2,2,2,specific
ZNF286A,3,3,3,3,specific
ZNF318,3,3,3,3,specific
ZNF334,4,4,4,4,specific
ZNF471,4,4,4,4,specific
ZNF518B,7,7,7,7,multi
ZNF557,4,4,4,4,specific
ZNF568,8,8,8,8,multi
ZNF569,8,8,8,8,multi
ZNF575,2,2,2,2,specific
ZNF638,7,7,7,7,multi
ZNF8,4,4,4,4,specific
ZNF81,5,5,5,5,multi
ZNF831,1,1,1,1,specific
ZNRF1,2,2,2,2,specific
ZSCAN12,4,4,4,4,specific
ABCC1,5,5,5,5,multi
ABCC5,11,11,11,11,multi
ACAP3,8,8,8,8,multi
ACSL3,8,8,8,8,multi
ADAM33,6,6,6,6,multi
ADAMTSL4,4,4,4,4,specific
ADGRG4,1,1,1,1,specific
ADGRG5,3,3,3,3,specific
AFAP1L1,2,2,2,2,specific
AGAP2,6,6,6,6,multi
AIMP1,5,5,5,5,multi
ANAPC13,14,14,14,14,multi
ANKRD11,5,5,5,5,multi
ARHGAP30,2,2,2,2,specific
ARHGEF17,11,11,11,11,multi
ARHGEF2,3,3,3,3,specific
ARID1A,4,4,4,4,specific
ARX,3,3,3,3,specific
ASB2,8,8,8,8,multi
ATG4C,6,6,6,6,multi
ATP1B1,5,5,5,5,multi
ATP23,2,2,2,2,specific
ATP2B3,2,2,2,2,specific
ATP6V0A4,1,1,1,1,specific
ATP6V1H,4,4,4,4,specific
BET1,3,3,3,3,specific
BMP1,9,9,9,9,multi
C18orf32,12,12,12,12,multi
C4A,3,3,3,3,specific
CAMTA2,11,11,11,11,multi
CCDC138,7,7,7,7,multi
CCR7,1,1,1,1,specific
CDC25B,7,7,7,7,multi
CDC45,2,2,2,2,specific
CEP164,6,6,6,6,multi
CEP250,8,8,8,8,multi
CFAP92,4,4,4,4,specific
CFP,3,3,3,3,specific
CHD1L,6,6,6,6,multi
CHMP2B,6,6,6,6,multi
CHPF2,12,12,12,12,multi
CHRNE,1,1,1,1,specific
CMPK1,9,9,9,9,multi
CNRIP1,4,4,4,4,specific
COL6A2,6,6,6,6,multi
COX11,9,9,9,9,multi
CPA3,3,3,3,3,specific
CTBS,8,8,8,8,multi
CTRL,4,4,4,4,specific
CUL2,11,11,11,11,multi
CWC27,10,10,10,10,multi
CXCR3,3,3,3,3,specific
DAGLB,11,11,11,11,multi
DCAF5,3,3,3,3,specific
DNM1,2,2,2,2,specific
DOC2B,7,7,7,7,multi
DTWD2,6,6,6,6,multi
DUS4L,5,5,5,5,multi
ECM1,6,6,6,6,multi
EFEMP2,11,11,11,11,multi
EFHC1,2,2,2,2,specific
EIF4B,3,3,3,3,specific
ELOVL7,4,4,4,4,specific
EMC2,4,4,4,4,specific
EMC7,3,3,3,3,specific
ERC2,2,2,2,2,specific
ESRP1,1,1,1,1,specific
EXOC7,11,11,11,11,multi
FAAP24,1,1,1,1,specific
FAM118B,3,3,3,3,specific
FAM193A,5,5,5,5,multi
FAM219A,3,3,3,3,specific
FANCE,7,7,7,7,multi
FBXO4,8,8,8,8,multi
FBXO8,6,6,6,6,multi
FLYWCH2,13,13,13,13,multi
FMNL1,9,9,9,9,multi
FNTA,5,5,5,5,multi
FSD1,4,4,4,4,specific
FTSJ3,9,9,9,9,multi
FXR2,11,11,11,11,multi
GIN1,6,6,6,6,multi
GLT8D1,6,6,6,6,multi
GLTP,1,1,1,1,specific
GNAI2,6,6,6,6,multi
GNG5P2,1,1,1,1,specific
GNGT2,3,3,3,3,specific
GNL3L,3,3,3,3,specific
GOLGA3,5,5,5,5,multi
GOLPH3L,4,4,4,4,specific
GON4L,5,5,5,5,multi
GPAT4,8,8,8,8,multi
GRHL3,1,1,1,1,specific
GTPBP2,7,7,7,7,multi
HERC2,6,6,6,6,multi
HEYL,7,7,7,7,multi
HFE,3,3,3,3,specific
HOXB5,2,2,2,2,specific
HSPB7,2,2,2,2,specific
HYLS1,3,3,3,3,specific
ICAM1,2,2,2,2,specific
IFT122,3,3,3,3,specific
IL16,4,4,4,4,specific
INPP5D,3,3,3,3,specific
ITGA11,2,2,2,2,specific
ITGB2,3,3,3,3,specific
JAK3,2,2,2,2,specific
KCND1,5,5,5,5,multi
KCTD14,3,3,3,3,specific
KIAA1143,7,7,7,7,multi
KIF17,5,5,5,5,multi
KLC2,10,10,10,10,multi
KLF9,7,7,7,7,multi
KLHL18,4,4,4,4,specific
KSR1,4,4,4,4,specific
LCN2,5,5,5,5,multi
LIPT1,4,4,4,4,specific
LMBRD1,7,7,7,7,multi
LTBP3,8,8,8,8,multi
LTBP4,8,8,8,8,multi
LY96,3,3,3,3,specific
MAX,8,8,8,8,multi
MECOM,5,5,5,5,multi
MELK,1,1,1,1,specific
MGLL,5,5,5,5,multi
MKLN1,9,9,9,9,multi
MMADHC,8,8,8,8,multi
MND1,4,4,4,4,specific
MOV10,7,7,7,7,multi
MRPL47,2,2,2,2,specific
MRPS35,9,9,9,9,multi
MSS51,2,2,2,2,specific
MYO1G,1,1,1,1,specific
NAT10,2,2,2,2,specific
NCAPH,1,1,1,1,specific
NCKAP1L,1,1,1,1,specific
NCKAP5L,12,12,12,12,multi
NCOR2,11,11,11,11,multi
NFATC4,3,3,3,3,specific
NKX6-3,1,1,1,1,specific
NLGN2,4,4,4,4,specific
NLRC5,6,6,6,6,multi
NOL7,3,3,3,3,specific
NOP56,4,4,4,4,specific
NR6A1,3,3,3,3,specific
NRG4,3,3,3,3,specific
NSD2,3,3,3,3,specific
NUP214,12,12,12,12,multi
OLFML3,2,2,2,2,specific
OMA1,4,4,4,4,specific
ORC5,2,2,2,2,specific
PCBP1,11,11,11,11,multi
PDCD4,10,10,10,10,multi
PDE1B,2,2,2,2,specific
PDE2A,14,14,14,14,multi
PDZD11,4,4,4,4,specific
PDZD4,7,7,7,7,multi
PEAR1,4,4,4,4,specific
PFDN4,3,3,3,3,specific
PIGK,4,4,4,4,specific
PIK3CD,2,2,2,2,specific
PIP5K1B,1,1,1,1,specific
PLA2G4C,2,2,2,2,specific
PLCG2,3,3,3,3,specific
PLPP1,3,3,3,3,specific
POLE,4,4,4,4,specific
POPDC3,3,3,3,3,specific
PPP1R18,3,3,3,3,specific
PPP2R5A,7,7,7,7,multi
PPY,1,1,1,1,specific
PRDX3,9,9,9,9,multi
PRKAG1,4,4,4,4,specific
PRKCE,3,3,3,3,specific
RAB2A,6,6,6,6,multi
RAB38,3,3,3,3,specific
RAB3IP,3,3,3,3,specific
RAD52,3,3,3,3,specific
RAP1A,8,8,8,8,multi
RASAL3,3,3,3,3,specific
RASD1,5,5,5,5,multi
RBMX2,5,5,5,5,multi
RCC2,7,7,7,7,multi
RFLNB,6,6,6,6,multi
RHBDF2,4,4,4,4,specific
RHOT1,8,8,8,8,multi
RHPN2,2,2,2,2,specific
RNF128,2,2,2,2,specific
RNF220,13,13,13,13,multi
RPEL1,5,5,5,5,multi
RPL3,4,4,4,4,specific
RRBP1,8,8,8,8,multi
RRM2,3,3,3,3,specific
RRP12,8,8,8,8,multi
RUSC2,14,14,14,14,multi
S1PR2,1,1,1,1,specific
SASH3,1,1,1,1,specific
SDK1,8,8,8,8,multi
SEMA4F,4,4,4,4,specific
SERPINA3,1,1,1,1,specific
SETD1A,10,10,10,10,multi
SFI1,7,7,7,7,multi
SGCA,5,5,5,5,multi
SIN3B,9,9,9,9,multi
SKA1,2,2,2,2,specific
SLC15A3,4,4,4,4,specific
SLC19A1,2,2,2,2,specific
SLC35B3,6,6,6,6,multi
SNRNP200,12,12,12,12,multi
SNX3,6,6,6,6,multi
SPA17,5,5,5,5,multi
SPCS1,3,3,3,3,specific
SPESP1,4,4,4,4,specific
SPG21,5,5,5,5,multi
SPI1,5,5,5,5,multi
SPTAN1,13,13,13,13,multi
SPTB,4,4,4,4,specific
SRP9,11,11,11,11,multi
ST7L,3,3,3,3,specific
STAMBPL1,5,5,5,5,multi
STX1A,7,7,7,7,multi
SYVN1,7,7,7,7,multi
TAOK2,9,9,9,9,multi
TBCD,6,6,6,6,multi
TCF7L1,5,5,5,5,multi
TGM2,2,2,2,2,specific
TIGIT,1,1,1,1,specific
TMEM104,8,8,8,8,multi
TMEM62,4,4,4,4,specific
TMEM70,8,8,8,8,multi
TNFAIP2,6,6,6,6,multi
TNFRSF8,1,1,1,1,specific
TNPO2,5,5,5,5,multi
TOP3A,11,11,11,11,multi
TP53RK,2,2,2,2,specific
TPD52L2,6,6,6,6,multi
TRAF3IP1,3,3,3,3,specific
TRAFD1,5,5,5,5,multi
TRAV30,1,1,1,1,specific
TREML1,2,2,2,2,specific
TRIM24,4,4,4,4,specific
TRIP10,4,4,4,4,specific
TRIP6,8,8,8,8,multi
TTLL5,4,4,4,4,specific
TUBB3,3,3,3,3,specific
TUBB4A,4,4,4,4,specific
TYW3,5,5,5,5,multi
UBASH3A,1,1,1,1,specific
UBIAD1,6,6,6,6,multi
UBR4,7,7,7,7,multi
UFM1,6,6,6,6,multi
VAPA,6,6,6,6,multi
VCPKMT,4,4,4,4,specific
VPS29,10,10,10,10,multi
VPS39,9,9,9,9,multi
VPS52,4,4,4,4,specific
WAS,5,5,5,5,multi
XRCC3,2,2,2,2,specific
YWHAE,4,4,4,4,specific
YWHAG,2,2,2,2,specific
ZC3H4,6,6,6,6,multi
ZC3H7B,11,11,11,11,multi
ZNF143,6,6,6,6,multi
ZNF618,5,5,5,5,multi
ZNF680,5,5,5,5,multi
ZNF681,2,2,2,2,specific
ZPLD1,1,1,1,1,specific
ABTB2,4,4,4,4,specific
ACADM,4,4,4,4,specific
ACKR3,8,8,8,8,multi
ADCY3,4,4,4,4,specific
ADORA2A,8,8,8,8,multi
AFAP1,3,3,3,3,specific
AGTRAP,9,9,9,9,multi
AIFM2,9,9,9,9,multi
APBA2,5,5,5,5,multi
ARPC5,2,2,2,2,specific
BCL9,6,6,6,6,multi
BCOR,3,3,3,3,specific
BCORL1,9,9,9,9,multi
BORCS7,2,2,2,2,specific
C11orf71,5,5,5,5,multi
C1QL1,4,4,4,4,specific
C2orf66,2,2,2,2,specific
CALR,12,12,12,12,multi
CBLN3,1,1,1,1,specific
CBY3,1,1,1,1,specific
CD68,3,3,3,3,specific
CD86,3,3,3,3,specific
CDKN1B,8,8,8,8,multi
CFAP36,6,6,6,6,multi
CHRM5,1,1,1,1,specific
CIB1,7,7,7,7,multi
CLPP,11,11,11,11,multi
COL13A1,2,2,2,2,specific
COLGALT1,5,5,5,5,multi
CPB1,4,4,4,4,specific
CREB3L4,6,6,6,6,multi
CYSTM1,13,13,13,13,multi
DAB2IP,5,5,5,5,multi
DDX25,2,2,2,2,specific
DERL3,8,8,8,8,multi
DHX32,8,8,8,8,multi
DNMT1,4,4,4,4,specific
DRD2,1,1,1,1,specific
DROSHA,8,8,8,8,multi
DTX4,4,4,4,4,specific
EDRF1,7,7,7,7,multi
ERG,2,2,2,2,specific
ETS2,4,4,4,4,specific
ETV4,5,5,5,5,multi
EXOC1,8,8,8,8,multi
FAIM,12,12,12,12,multi
FAM124A,5,5,5,5,multi
FHOD3,3,3,3,3,specific
FIG4,11,11,11,11,multi
GADL1,3,3,3,3,specific
GAS7,5,5,5,5,multi
GDF11,3,3,3,3,specific
GGNBP2,9,9,9,9,multi
GGPS1,7,7,7,7,multi
GMPPB,9,9,9,9,multi
GNAZ,3,3,3,3,specific
GNPAT,5,5,5,5,multi
GPN1,3,3,3,3,specific
GPR180,7,7,7,7,multi
HAUS7,7,7,7,7,multi
HCN3,2,2,2,2,specific
HDAC4,5,5,5,5,multi
HDGF,7,7,7,7,multi
HENMT1,2,2,2,2,specific
HIF3A,6,6,6,6,multi
HTR3A,4,4,4,4,specific
IL34,8,8,8,8,multi
IMP3,11,11,11,11,multi
ISG15,2,2,2,2,specific
JMJD6,7,7,7,7,multi
KBTBD12,2,2,2,2,specific
KLHL29,8,8,8,8,multi
LAGE3,11,11,11,11,multi
LAMB4,2,2,2,2,specific
LILRA6,1,1,1,1,specific
LINS1,6,6,6,6,multi
LSM7,9,9,9,9,multi
MAPK8IP3,8,8,8,8,multi
MEGF8,9,9,9,9,multi
MPDU1,9,9,9,9,multi
MPPE1,6,6,6,6,multi
MROH2A,2,2,2,2,specific
MTCL1,6,6,6,6,multi
MTFR1L,3,3,3,3,specific
MTFR2,5,5,5,5,multi
MTTP,3,3,3,3,specific
MVK,10,10,10,10,multi
MYBBP1A,11,11,11,11,multi
MYSM1,10,10,10,10,multi
NAT2,3,3,3,3,specific
NDC1,3,3,3,3,specific
NOL11,12,12,12,12,multi
NRGN,3,3,3,3,specific
NUDT19,1,1,1,1,specific
OGG1,15,15,15,15,multi
OIP5,1,1,1,1,specific
P4HB,10,10,10,10,multi
PACSIN3,8,8,8,8,multi
PAIP2,2,2,2,2,specific
PCSK7,7,7,7,7,multi
PHF21B,1,1,1,1,specific
PLD4,3,3,3,3,specific
PLRG1,7,7,7,7,multi
PNMA1,4,4,4,4,specific
PRADC1,7,7,7,7,multi
PRRT2,4,4,4,4,specific
PSAP,10,10,10,10,multi
PTCH2,5,5,5,5,multi
PTN,3,3,3,3,specific
RAD21L1,5,5,5,5,multi
RASA4B,9,9,9,9,multi
RASSF3,3,3,3,3,specific
RIN3,4,4,4,4,specific
RPL7A,13,13,13,13,multi
RSBN1L,11,11,11,11,multi
SAMD10,1,1,1,1,specific
SH3BGRL3,10,10,10,10,multi
SLC2A6,8,8,8,8,multi
SLC8B1,3,3,3,3,specific
SLFNL1,2,2,2,2,specific
SNORD112,1,1,1,1,specific
SNORD63B,1,1,1,1,specific
SNX18,5,5,5,5,multi
SORBS3,13,13,13,13,multi
SPATA7,7,7,7,7,multi
SURF4,8,8,8,8,multi
TAP2,7,7,7,7,multi
TBC1D9B,5,5,5,5,multi
TDRD7,6,6,6,6,multi
TGFB3,5,5,5,5,multi
TH,1,1,1,1,specific
THRA,8,8,8,8,multi
TMEM100,5,5,5,5,multi
TMEM26,3,3,3,3,specific
TMEM41B,9,9,9,9,multi
TSPAN15,4,4,4,4,specific
TST,5,5,5,5,multi
USP34,11,11,11,11,multi
USP48,8,8,8,8,multi
VAX2,5,5,5,5,multi
WDFY4,1,1,1,1,specific
WNT5B,5,5,5,5,multi
XPO6,7,7,7,7,multi
ZBED4,3,3,3,3,specific
ZCCHC24,5,5,5,5,multi
ZIC1,4,4,4,4,specific
ZNF17,8,8,8,8,multi
ZNF319,5,5,5,5,multi
ZNF485,2,2,2,2,specific
ZNF596,4,4,4,4,specific
ZNF684,4,4,4,4,specific
AAMDC,5,5,5,5,multi
AASDHPPT,7,7,7,7,multi
ABCA10,1,1,1,1,specific
ABCC2,1,1,1,1,specific
ACAD10,4,4,4,4,specific
ACBD5,3,3,3,3,specific
ACER3,6,6,6,6,multi
ACTN1,2,2,2,2,specific
ACTN2,1,1,1,1,specific
ACTR1B,5,5,5,5,multi
ADAM12,5,5,5,5,multi
ADD3,4,4,4,4,specific
ALDH1A1,1,1,1,1,specific
AMZ2,1,1,1,1,specific
ANTXR1,1,1,1,1,specific
ANXA3,4,4,4,4,specific
AP3D1,10,10,10,10,multi
AP5M1,3,3,3,3,specific
APBA3,12,12,12,12,multi
APC,6,6,6,6,multi
APIP,7,7,7,7,multi
APOD,2,2,2,2,specific
APOLD1,2,2,2,2,specific
APPL1,5,5,5,5,multi
ARL10,5,5,5,5,multi
ARMC1,4,4,4,4,specific
ARRDC2,8,8,8,8,multi
ART3,1,1,1,1,specific
ASAH1,6,6,6,6,multi
ASB11,2,2,2,2,specific
ASCC3,9,9,9,9,multi
ASPSCR1,12,12,12,12,multi
ATF7IP,5,5,5,5,multi
ATOH8,4,4,4,4,specific
ATP6V0D1,7,7,7,7,multi
ATP6V0E1,2,2,2,2,specific
AVPR2,2,2,2,2,specific
B3GLCT,3,3,3,3,specific
B4GALNT4,3,3,3,3,specific
B9D1,5,5,5,5,multi
BCL2L1,14,14,14,14,multi
BCLAF1,6,6,6,6,multi
BEGAIN,5,5,5,5,multi
BIRC3,4,4,4,4,specific
BMP4,2,2,2,2,specific
BOLA1,7,7,7,7,multi
C16orf91,11,11,11,11,multi
C19orf54,4,4,4,4,specific
C1QTNF1,6,6,6,6,multi
C5orf15,6,6,6,6,multi
C9orf40,7,7,7,7,multi
CAPZA2,10,10,10,10,multi
CARMIL1,10,10,10,10,multi
CASD1,8,8,8,8,multi
CBLC,2,2,2,2,specific
CCDC107,7,7,7,7,multi
CCDC141,4,4,4,4,specific
CCDC69,1,1,1,1,specific
CCND1,5,5,5,5,multi
CCP110,4,4,4,4,specific
CCR1,2,2,2,2,specific
CD2AP,3,3,3,3,specific
CD63,2,2,2,2,specific
CD99,3,3,3,3,specific
CDC26,1,1,1,1,specific
CDC42,10,10,10,10,multi
CDC7,3,3,3,3,specific
CEACAM19,2,2,2,2,specific
CEP170,2,2,2,2,specific
CEP57,9,9,9,9,multi
CETN3,8,8,8,8,multi
CHMP2A,10,10,10,10,multi
CHMP7,3,3,3,3,specific
CKM,2,2,2,2,specific
CLGN,5,5,5,5,multi
CLSTN1,11,11,11,11,multi
CLUAP1,5,5,5,5,multi
CNOT8,5,5,5,5,multi
COBLL1,4,4,4,4,specific
COG1,9,9,9,9,multi
COG3,8,8,8,8,multi
COG6,9,9,9,9,multi
COL16A1,8,8,8,8,multi
COL4A1,5,5,5,5,multi
COL8A1,2,2,2,2,specific
COX5A,4,4,4,4,specific
COX5B,7,7,7,7,multi
COX6A2,3,3,3,3,specific
CROT,5,5,5,5,multi
CRTC3,4,4,4,4,specific
CTNNAL1,6,6,6,6,multi
CTR9,2,2,2,2,specific
CTSK,1,1,1,1,specific
CTSL,1,1,1,1,specific
CUL4B,4,4,4,4,specific
CWC15,3,3,3,3,specific
CYTL1,1,1,1,1,specific
DACT1,3,3,3,3,specific
DAG1,4,4,4,4,specific
DCHS2,1,1,1,1,specific
DCXR,8,8,8,8,multi
DDX23,7,7,7,7,multi
DENND4C,11,11,11,11,multi
DENND6B,13,13,13,13,multi
DES,5,5,5,5,multi
DMPK,6,6,6,6,multi
DNAH9,5,5,5,5,multi
DNAJC21,3,3,3,3,specific
DNAJC7,3,3,3,3,specific
DONSON,7,7,7,7,multi
DPF3,1,1,1,1,specific
DPY19L4,11,11,11,11,multi
DPYSL4,4,4,4,4,specific
DSEL,2,2,2,2,specific
DUSP8,6,6,6,6,multi
EBP,6,6,6,6,multi
ECI2,3,3,3,3,specific
EEF1A2,9,9,9,9,multi
EEF1G,9,9,9,9,multi
EFHD1,4,4,4,4,specific
EFNA4,12,12,12,12,multi
EFR3A,4,4,4,4,specific
EHD4,4,4,4,4,specific
EIF1,2,2,2,2,specific
EIF2B1,2,2,2,2,specific
EIF2B4,10,10,10,10,multi
EIF3D,10,10,10,10,multi
EIF3F,8,8,8,8,multi
EIF6,13,13,13,13,multi
ELMOD2,8,8,8,8,multi
EMC4,6,6,6,6,multi
ENO3,7,7,7,7,multi
EPAS1,3,3,3,3,specific
EPN1,11,11,11,11,multi
EPN2,6,6,6,6,multi
EPS8L3,1,1,1,1,specific
ERBIN,9,9,9,9,multi
ESRRG,2,2,2,2,specific
EXOSC10,3,3,3,3,specific
EYA1,4,4,4,4,specific
FADS2,5,5,5,5,multi
FAHD1,6,6,6,6,multi
FAM185A,4,4,4,4,specific
FAM219B,4,4,4,4,specific
FAM83F,2,2,2,2,specific
FAM89A,4,4,4,4,specific
FBL,9,9,9,9,multi
FBXL17,4,4,4,4,specific
FBXO11,14,14,14,14,multi
FBXO3,6,6,6,6,multi
FBXO30,7,7,7,7,multi
FBXO42,6,6,6,6,multi
FCHSD2,3,3,3,3,specific
FES,5,5,5,5,multi
FIP1L1,6,6,6,6,multi
FKBP15,3,3,3,3,specific
FLNC,1,1,1,1,specific
FLOT2,10,10,10,10,multi
G2E3,7,7,7,7,multi
GALC,7,7,7,7,multi
GART,7,7,7,7,multi
GATM,6,6,6,6,multi
GBE1,8,8,8,8,multi
GEMIN4,8,8,8,8,multi
GEMIN8,6,6,6,6,multi
GLI2,2,2,2,2,specific
GLRB,5,5,5,5,multi
GMCL1,5,5,5,5,multi
GOLPH3,2,2,2,2,specific
GPI,8,8,8,8,multi
GPN2,11,11,11,11,multi
GRHPR,8,8,8,8,multi
GRK5,4,4,4,4,specific
GRSF1,7,7,7,7,multi
GRWD1,10,10,10,10,multi
GSN,4,4,4,4,specific
GTF2B,2,2,2,2,specific
GTF2H2,5,5,5,5,multi
GTF2I,7,7,7,7,multi
HDAC3,3,3,3,3,specific
HDHD2,5,5,5,5,multi
HDLBP,9,9,9,9,multi
HECTD4,4,4,4,4,specific
HERPUD1,7,7,7,7,multi
HIGD1B,4,4,4,4,specific
HINT2,7,7,7,7,multi
HNRNPM,4,4,4,4,specific
HOXC6,2,2,2,2,specific
HSD17B10,14,14,14,14,multi
HSD17B4,9,9,9,9,multi
HSPA12B,9,9,9,9,multi
HTT,2,2,2,2,specific
IAH1,5,5,5,5,multi
IDH2,9,9,9,9,multi
IDH3B,7,7,7,7,multi
IFFO1,9,9,9,9,multi
IFT81,9,9,9,9,multi
IGF1R,5,5,5,5,multi
IGFBP5,4,4,4,4,specific
IL31RA,4,4,4,4,specific
IL33,4,4,4,4,specific
ILK,4,4,4,4,specific
IMPDH1,10,10,10,10,multi
INCA1,5,5,5,5,multi
INTS12,3,3,3,3,specific
IQUB,3,3,3,3,specific
IRAK2,2,2,2,2,specific
ISG20L2,2,2,2,2,specific
JARID2,2,2,2,2,specific
KCNA4,3,3,3,3,specific
KCNN2,4,4,4,4,specific
KCNT1,5,5,5,5,multi
KLHDC2,5,5,5,5,multi
KLHL31,2,2,2,2,specific
KLHL38,1,1,1,1,specific
L3MBTL2,4,4,4,4,specific
LAMP2,7,7,7,7,multi
LARP6,4,4,4,4,specific
LAS1L,2,2,2,2,specific
LDHB,2,2,2,2,specific
LEPROT,6,6,6,6,multi
LRBA,5,5,5,5,multi
LRRIQ3,6,6,6,6,multi
LRRN1,4,4,4,4,specific
LTF,3,3,3,3,specific
LXN,3,3,3,3,specific
MAGT1,7,7,7,7,multi
MAP3K1,3,3,3,3,specific
MAP3K12,3,3,3,3,specific
MAP3K4,1,1,1,1,specific
MAP7D1,12,12,12,12,multi
MARCHF8,1,1,1,1,specific
MARK1,4,4,4,4,specific
MATR3,3,3,3,3,specific
MB21D2,2,2,2,2,specific
MCM7,10,10,10,10,multi
MED8,3,3,3,3,specific
MEI1,1,1,1,1,specific
MEOX1,1,1,1,1,specific
MFHAS1,1,1,1,1,specific
MGAT3,8,8,8,8,multi
MGAT4A,5,5,5,5,multi
MICAL3,7,7,7,7,multi
MICU1,5,5,5,5,multi
MLF1,4,4,4,4,specific
MLXIP,6,6,6,6,multi
MMAA,8,8,8,8,multi
MMS19,11,11,11,11,multi
MOXD1,1,1,1,1,specific
MPP7,4,4,4,4,specific
MRAS,3,3,3,3,specific
MRPL12,14,14,14,14,multi
MRPL2,8,8,8,8,multi
MRPL35,5,5,5,5,multi
MRPL37,4,4,4,4,specific
MTF2,9,9,9,9,multi
MTIF3,10,10,10,10,multi
MTX2,5,5,5,5,multi
MYADML2,6,6,6,6,multi
MYBPC3,1,1,1,1,specific
MYH13,1,1,1,1,specific
MYL3,2,2,2,2,specific
MYL6,5,5,5,5,multi
MYLK3,2,2,2,2,specific
MYO18A,9,8,9,9,multi
MYO18B,2,2,2,2,specific
MYO19,8,8,8,8,multi
MYOM2,3,2,3,3,specific
MYPOP,7,7,7,7,multi
MYRIP,3,3,3,3,specific
NADK2,5,5,5,5,multi
NAP1L3,5,5,5,5,multi
NAPRT,5,5,5,5,multi
NDUFAF3,7,7,7,7,multi
NDUFB7,8,8,8,8,multi
NDUFS3,12,12,12,12,multi
NKAIN1,5,5,5,5,multi
NMNAT1,4,4,4,4,specific
NMNAT2,3,3,3,3,specific
NOTCH1,5,5,5,5,multi
NPAT,7,7,7,7,multi
NPR2,6,6,6,6,multi
NRBP1,12,12,12,12,multi
NRIP2,2,2,2,2,specific
NSF,3,3,3,3,specific
NSL1,6,6,6,6,multi
NSMF,6,6,6,6,multi
NUDT1,4,4,4,4,specific
NUDT12,8,8,8,8,multi
NUDT21,2,2,2,2,specific
NUDT22,10,10,10,10,multi
NUDT8,6,6,6,6,multi
NUP58,2,2,2,2,specific
NUP85,6,6,6,6,multi
NXT2,6,6,6,6,multi
OLR1,2,2,2,2,specific
OSBPL1A,3,3,3,3,specific
OSCAR,2,2,2,2,specific
OSER1,7,7,7,7,multi
OVGP1,2,2,2,2,specific
P3H1,6,6,6,6,multi
PAFAH1B2,4,4,4,4,specific
PCGF2,13,13,13,13,multi
PCOLCE,2,2,2,2,specific
PDLIM7,3,3,3,3,specific
PELP1,11,11,11,11,multi
PFAS,7,7,7,7,multi
PFDN2,5,5,5,5,multi
PFDN5,7,7,7,7,multi
PFDN6,7,7,7,7,multi
PHF20L1,4,4,4,4,specific
PHRF1,12,12,12,12,multi
PIBF1,8,8,8,8,multi
PIGW,5,5,5,5,multi
PITPNC1,6,6,6,6,multi
PKIA,3,3,3,3,specific
PKN2,4,4,4,4,specific
PKN3,8,8,8,8,multi
PKNOX2,3,3,3,3,specific
PLCB2,3,3,3,3,specific
PLEKHA3,5,5,5,5,multi
PLEKHF2,5,5,5,5,multi
PLIN5,3,3,3,3,specific
PLK1,3,3,3,3,specific
PLXDC1,4,4,4,4,specific
PNPO,3,3,3,3,specific
POLA2,7,7,7,7,multi
POLE4,4,4,4,4,specific
POLG2,3,3,3,3,specific
POLR2C,5,5,5,5,multi
POPDC2,3,3,3,3,specific
PPOX,9,9,9,9,multi
PPP1CA,8,8,8,8,multi
PPP1CB,7,7,7,7,multi
PPP2R3C,4,4,4,4,specific
PPP2R5D,7,7,7,7,multi
PPP3CB,9,9,9,9,multi
PPP6R3,7,7,7,7,multi
PRCC,12,12,12,12,multi
PRDX5,10,10,10,10,multi
PRDX6,2,2,2,2,specific
PRELID2,3,3,3,3,specific
PRKD1,2,2,2,2,specific
PRKRA,4,4,4,4,specific
PRMT5,7,7,7,7,multi
PRMT9,10,10,10,10,multi
PRPF40B,4,4,4,4,specific
PRSS57,2,2,2,2,specific
PSMB10,9,9,9,9,multi
PSMB3,9,9,9,9,multi
PSMD2,7,7,7,7,multi
PSMD4,13,13,13,13,multi
PSME1,4,4,4,4,specific
PTEN,4,4,4,4,specific
PTPN2,4,4,4,4,specific
PYROXD1,10,10,10,10,multi
RAB18,8,8,8,8,multi
RAB21,7,7,7,7,multi
RAE1,3,3,3,3,specific
RANGRF,6,6,6,6,multi
RBFA,6,6,6,6,multi
RBM17,8,8,8,8,multi
RBM19,3,3,3,3,specific
RBM27,2,2,2,2,specific
RCHY1,5,5,5,5,multi
RCN3,5,5,5,5,multi
RENBP,6,6,6,6,multi
RER1,7,7,7,7,multi
RGS7,2,2,2,2,specific
RHOBTB3,6,6,6,6,multi
RIC8B,3,3,3,3,specific
RIPK2,9,9,9,9,multi
RND2,5,5,5,5,multi
RNF112,3,3,3,3,specific
RNF19B,4,4,4,4,specific
RNF207,1,1,1,1,specific
RNF31,8,8,8,8,multi
RNGTT,5,5,5,5,multi
RP9,5,5,5,5,multi
RPGRIP1L,4,4,4,4,specific
RPL14,3,3,3,3,specific
RPL3L,2,2,2,2,specific
RPS14,12,12,12,12,multi
RPS5,14,14,14,14,multi
RPUSD2,13,13,13,13,multi
RRP9,13,13,13,13,multi
RSRC2,9,9,9,9,multi
RTCB,7,7,7,7,multi
RTF1,8,8,8,8,multi
RYBP,7,7,7,7,multi
SAMD4B,8,8,8,8,multi
SCYL3,6,6,6,6,multi
SEMA5A,1,1,1,1,specific
SENP7,8,8,8,8,multi
SERBP1,4,4,4,4,specific
SERTAD4,3,3,3,3,specific
SF1,6,6,6,6,multi
SF3B5,14,14,14,14,multi
SGCB,7,7,7,7,multi
SH3PXD2A,5,5,5,5,multi
SHOC2,10,10,10,10,multi
SLC22A7,1,1,1,1,specific
SLC25A10,4,4,4,4,specific
SLC25A22,10,10,10,10,multi
SLC27A6,4,4,4,4,specific
SLC29A2,10,10,10,10,multi
SLC2A4,4,4,4,4,specific
SLC30A3,4,4,4,4,specific
SLC39A14,2,2,2,2,specific
SLC5A11,2,2,2,2,specific
SMAGP,4,4,4,4,specific
SMS,3,3,3,3,specific
SNAP47,4,4,4,4,specific
SNAPC3,5,5,5,5,multi
SNAPIN,6,6,6,6,multi
SNORA28,2,2,2,2,specific
SNORA70,5,5,5,5,multi
SNX5,8,8,8,8,multi
SOD3,5,5,5,5,multi
SP110,2,2,2,2,specific
SP3,7,7,7,7,multi
SPAG7,7,7,7,7,multi
SPATS2,3,3,3,3,specific
SPDEF,2,2,2,2,specific
SPEN,2,2,2,2,specific
SPOCK1,2,2,2,2,specific
SPPL2B,14,14,14,14,multi
SPTBN5,1,1,1,1,specific
SRF,5,5,5,5,multi
SSRP1,7,7,7,7,multi
ST8SIA2,5,5,5,5,multi
STARD5,3,3,3,3,specific
STAT1,7,7,7,7,multi
STAT2,3,3,3,3,specific
STAT3,3,3,3,3,specific
STC2,4,4,4,4,specific
STK26,4,4,4,4,specific
STK3,8,8,8,8,multi
SUCLA2,7,7,7,7,multi
SUCNR1,4,4,4,4,specific
SUCO,5,5,5,5,multi
SULT1C4,7,7,7,7,multi
SYNJ2,5,5,5,5,multi
SZT2,9,9,9,9,multi
TACC2,5,5,5,5,multi
TAF7,11,11,11,11,multi
TARS2,2,2,2,2,specific
TBK1,8,8,8,8,multi
TCF19,6,6,6,6,multi
TEAD2,4,4,4,4,specific
TECRL,2,2,2,2,specific
TEFM,4,4,4,4,specific
TENM2,2,2,2,2,specific
TESC,3,3,3,3,specific
TEX2,2,2,2,2,specific
TEX261,3,3,3,3,specific
TGFBRAP1,2,2,2,2,specific
THAP6,4,4,4,4,specific
THAP7,10,10,10,10,multi
THUMPD1,4,4,4,4,specific
TIMM17B,15,15,15,15,multi
TM9SF3,5,5,5,5,multi
TMED1,5,5,5,5,multi
TMEFF2,5,5,5,5,multi
TMEM106B,5,5,5,5,multi
TMEM117,5,5,5,5,multi
TMEM184C,4,4,4,4,specific
TMEM205,10,10,10,10,multi
TMEM59,3,3,3,3,specific
TMEM65,3,3,3,3,specific
TMEM91,5,5,5,5,multi
TMPRSS3,3,3,3,3,specific
TMSB10,3,3,3,3,specific
TMTC3,4,4,4,4,specific
TNFRSF19,1,1,1,1,specific
TNFSF15,1,1,1,1,specific
TNNT2,4,4,4,4,specific
TNRC6C,4,4,4,4,specific
TOMM7,3,3,3,3,specific
TOP2B,12,12,12,12,multi
TPI1,9,9,9,9,multi
TRAPPC6B,5,5,5,5,multi
TRIM27,2,2,2,2,specific
TRIM54,2,2,2,2,specific
TRIM65,7,7,7,7,multi
TRIM72,1,1,1,1,specific
TRIP12,5,5,5,5,multi
TRUB1,5,5,5,5,multi
TTYH3,4,4,4,4,specific
TUBB2B,6,6,6,6,multi
UBP1,4,4,4,4,specific
UMPS,3,3,3,3,specific
UNC5CL,1,1,1,1,specific
UPP1,5,5,5,5,multi
UROD,12,12,12,12,multi
USP46,4,4,4,4,specific
USP54,3,3,3,3,specific
UTP4,2,2,2,2,specific
VPS4A,8,8,8,8,multi
VTA1,8,8,8,8,multi
WDR54,6,6,6,6,multi
WDR74,17,17,17,17,multi
WDSUB1,2,2,2,2,specific
WFDC3,2,2,2,2,specific
WRAP73,13,13,13,13,multi
WWC3,2,2,2,2,specific
YTHDF3,4,4,4,4,specific
ZBTB49,3,3,3,3,specific
ZBTB9,7,7,7,7,multi
ZEB1,5,5,5,5,multi
ZEB2,8,8,8,8,multi
ZFAND4,7,7,7,7,multi
ZFAND6,10,10,10,10,multi
ZNF211,2,2,2,2,specific
ZNF263,2,2,2,2,specific
ZNF32,4,4,4,4,specific
ZNF322,6,6,6,6,multi
ZNF324B,5,5,5,5,multi
ZNF343,4,4,4,4,specific
ZNF385D,2,2,2,2,specific
ZNF426,3,3,3,3,specific
ZNF496,5,5,5,5,multi
ZNF583,6,6,6,6,multi
ZNF615,5,5,5,5,multi
ZNF880,4,4,4,4,specific
ZRSR2,1,1,1,1,specific
ZYX,7,7,7,7,multi
ZZEF1,2,2,2,2,specific
ACRV1,2,2,2,2,specific
ANKRD34B,2,2,2,2,specific
APLF,5,5,5,5,multi
ASCC1,5,5,5,5,multi
ASPDH,5,5,5,5,multi
ASPHD1,5,5,5,5,multi
ATXN10,6,6,6,6,multi
C3orf20,5,5,5,5,multi
CCDC178,8,8,8,8,multi
CCKAR,1,1,1,1,specific
CD200R1,3,3,3,3,specific
CITED2,7,7,7,7,multi
CLSPN,1,1,1,1,specific
CNBD2,5,5,5,5,multi
CPNE9,1,1,1,1,specific
DENND2C,2,2,2,2,specific
DLL4,4,4,4,4,specific
DLX2,1,1,1,1,specific
DNAJC14,4,4,4,4,specific
DYDC1,1,1,1,1,specific
EFCAB6,1,1,1,1,specific
EFCC1,7,7,7,7,multi
EGR2,3,3,3,3,specific
ERICH2,1,1,1,1,specific
FAM227B,3,3,3,3,specific
FARP1,4,4,4,4,specific
FBXL20,2,2,2,2,specific
GCNT7,5,5,5,5,multi
HLX,5,5,5,5,multi
IL17D,2,2,2,2,specific
KCNJ9,4,4,4,4,specific
KIFC3,13,13,13,13,multi
LAMP5,1,1,1,1,specific
M1AP,2,2,2,2,specific
MCF2L2,4,4,4,4,specific
MDH1B,2,2,2,2,specific
MTFMT,3,3,3,3,specific
NBAS,2,2,2,2,specific
NDUFAF1,4,4,4,4,specific
NEMP1,4,4,4,4,specific
OR8D4,3,3,3,3,specific
OTOS,1,1,1,1,specific
PIPOX,1,1,1,1,specific
PODN,3,3,3,3,specific
RARB,3,3,3,3,specific
RSPO2,2,2,2,2,specific
SCRT1,1,1,1,1,specific
SFT2D2,3,3,3,3,specific
SKIDA1,4,4,4,4,specific
SLC14A1,2,2,2,2,specific
SPATA24,3,3,3,3,specific
SPATS2L,3,3,3,3,specific
STK32C,3,3,3,3,specific
STK33,1,1,1,1,specific
STMND1,1,1,1,1,specific
STYK1,1,1,1,1,specific
TBC1D2B,1,1,1,1,specific
TBX6,2,2,2,2,specific
TEX38,1,1,1,1,specific
THRAP3,4,4,4,4,specific
TLR3,4,4,4,4,specific
TMEM81,7,7,7,7,multi
TUFT1,4,4,4,4,specific
UBE2QL1,2,2,2,2,specific
VPS37C,5,5,5,5,multi
ZC3H12D,2,2,2,2,specific
ZMYND10,4,4,4,4,specific
ZNHIT3,4,4,4,4,specific
ABCF1,4,4,4,4,specific
ACP5,3,3,3,3,specific
ACP6,1,1,1,1,specific
ACTA2,3,3,3,3,specific
ADAMTS15,3,3,3,3,specific
ADH6,1,1,1,1,specific
ALS2CL,6,6,6,6,multi
ANGPTL2,3,3,3,3,specific
ANKS6,4,4,4,4,specific
AOAH,1,1,1,1,specific
AOC1,2,2,2,2,specific
AP3S2,3,3,3,3,specific
APOL2,2,2,2,2,specific
ARHGEF40,4,4,4,4,specific
ARID4A,10,10,10,10,multi
ARL14EP,4,4,4,4,specific
ATAD2B,5,5,5,5,multi
ATXN3,2,2,2,2,specific
AXL,4,4,4,4,specific
AZI2,6,6,6,6,multi
BAK1,3,3,3,3,specific
BATF2,5,5,5,5,multi
BAZ1B,2,2,2,2,specific
BCL2,2,2,2,2,specific
BCL3,4,4,4,4,specific
BRCA2,2,2,2,2,specific
BUD31,4,4,4,4,specific
C10orf88,4,4,4,4,specific
C11orf98,1,1,1,1,specific
C14orf119,4,4,4,4,specific
C18orf54,2,2,2,2,specific
C2orf68,5,5,5,5,multi
C3orf38,3,3,3,3,specific
CA7,1,1,1,1,specific
CACUL1,10,10,10,10,multi
CAPN7,9,8,9,9,multi
CAPN9,1,1,1,1,specific
CARD14,1,1,1,1,specific
CARNMT1,6,6,6,6,multi
CBX2,2,2,2,2,specific
CCDC134,5,5,5,5,multi
CCDC57,3,3,3,3,specific
CCND2,3,3,3,3,specific
CCNE2,3,3,3,3,specific
CD4,1,1,1,1,specific
CD9,2,2,2,2,specific
CDC20,6,6,6,6,multi
CDC42BPG,5,5,5,5,multi
CDK4,7,7,7,7,multi
CDX1,2,2,2,2,specific
CHRNA4,2,2,2,2,specific
CLEC3B,5,5,5,5,multi
CNTROB,6,6,6,6,multi
COL4A5,2,2,2,2,specific
COL4A6,2,2,2,2,specific
COMMD10,6,6,6,6,multi
COPS2,2,2,2,2,specific
COQ6,8,8,8,8,multi
COQ7,5,5,5,5,multi
COX10,1,1,1,1,specific
CPA4,2,2,2,2,specific
CPM,3,3,3,3,specific
CREG1,2,2,2,2,specific
CRTAP,2,2,2,2,specific
CSTB,9,9,9,9,multi
CTSB,3,3,3,3,specific
CTSC,2,2,2,2,specific
CTSZ,2,2,2,2,specific
CXorf38,3,3,3,3,specific
CYB5A,4,4,4,4,specific
DDOST,6,6,6,6,multi
DLEC1,2,2,2,2,specific
DMRTA1,1,1,1,1,specific
DMXL1,6,6,6,6,multi
DNA2,6,6,6,6,multi
DNPH1,4,4,4,4,specific
DOCK6,8,7,8,8,multi
DTHD1,1,1,1,1,specific
DUS1L,9,9,9,9,multi
DYSF,3,3,3,3,specific
EAPP,1,1,1,1,specific
EIF1AD,4,4,4,4,specific
EIF2AK3,3,3,3,3,specific
EIF2B5,7,7,7,7,multi
EIF5AL1,10,10,10,10,multi
ELAVL1,5,5,5,5,multi
EMC9,10,10,10,10,multi
EMG1,5,5,5,5,multi
EPC2,4,4,4,4,specific
EPHB3,5,5,5,5,multi
ERCC1,3,3,3,3,specific
ERICH5,1,1,1,1,specific
ESCO2,1,1,1,1,specific
ETNK1,3,3,3,3,specific
EXOC6,4,4,4,4,specific
EXOSC1,6,6,6,6,multi
EXOSC7,5,5,5,5,multi
FABP1,3,3,3,3,specific
FAH,3,3,3,3,specific
FAM114A2,4,4,4,4,specific
FAM162A,7,7,7,7,multi
FAU,11,11,11,11,multi
FCF1,1,1,1,1,specific
FCGR3B,1,1,1,1,specific
FLAD1,9,9,9,9,multi
FLNA,7,7,7,7,multi
FOXA3,3,3,3,3,specific
GABPA,4,4,4,4,specific
GCHFR,2,2,2,2,specific
GNPTAB,2,2,2,2,specific
GOLT1A,1,1,1,1,specific
GPR34,5,5,5,5,multi
GPRC5C,7,7,7,7,multi
GRPEL1,8,8,8,8,multi
GSS,4,4,4,4,specific
GSTP1,8,8,8,8,multi
GTF2H4,9,9,9,9,multi
HDHD3,9,9,9,9,multi
HELZ2,6,6,6,6,multi
HMGCL,2,2,2,2,specific
HOMEZ,2,2,2,2,specific
HOXC5,1,1,1,1,specific
HPS3,6,6,6,6,multi
HSD17B8,4,4,4,4,specific
HSD3B2,3,3,3,3,specific
HSF2BP,4,4,4,4,specific
HTRA3,3,3,3,3,specific
IFNGR1,10,9,10,10,multi
IGDCC4,3,3,3,3,specific
IL17B,1,1,1,1,specific
IL18,2,2,2,2,specific
IL22RA2,1,1,1,1,specific
INPP5B,6,6,6,6,multi
IRF9,5,5,5,5,multi
IRX6,2,2,2,2,specific
ITPRIPL1,4,4,4,4,specific
JAK1,6,6,6,6,multi
JMJD1C,6,6,6,6,multi
JPH2,1,1,1,1,specific
KANK2,2,2,2,2,specific
KBTBD8,3,3,3,3,specific
KCNMB1,1,1,1,1,specific
KIF14,1,1,1,1,specific
KLK1,3,3,3,3,specific
KMT5C,3,3,3,3,specific
KPTN,13,13,13,13,multi
KRT19,1,1,1,1,specific
L2HGDH,5,5,5,5,multi
LAD1,2,2,2,2,specific
LEP,4,4,4,4,specific
LGALS8,3,3,3,3,specific
LRRC32,7,7,7,7,multi
MAB21L2,3,3,3,3,specific
MAD2L1BP,5,5,5,5,multi
MANEA,5,5,5,5,multi
MAP3K2,5,5,5,5,multi
MAP9,2,2,2,2,specific
MAPK8,1,1,1,1,specific
MAPKAP1,4,4,4,4,specific
MCTP2,1,1,1,1,specific
METTL17,4,4,4,4,specific
METTL4,3,3,3,3,specific
MIA3,9,9,9,9,multi
MIER1,5,5,5,5,multi
MIR7-1,2,2,2,2,specific
MIS18BP1,2,2,2,2,specific
MLXIPL,3,3,3,3,specific
MMP14,1,1,1,1,specific
MMP2,1,1,1,1,specific
MON2,8,8,8,8,multi
MOSPD1,1,1,1,1,specific
MRGPRF,3,3,3,3,specific
MRPL32,5,5,5,5,multi
MRPL40,6,6,6,6,multi
MRPL46,2,2,2,2,specific
MRPL52,4,4,4,4,specific
MRPS14,6,6,6,6,multi
MRPS15,5,5,5,5,multi
MRPS16,3,3,3,3,specific
MRPS25,7,7,7,7,multi
MRPS5,6,6,6,6,multi
MRPS7,7,7,7,7,multi
MS4A15,1,1,1,1,specific
MS4A4A,5,5,5,5,multi
MSH3,7,7,7,7,multi
MTDH,6,6,6,6,multi
MUS81,11,11,11,11,multi
MXRA8,4,4,4,4,specific
MYDGF,10,10,10,10,multi
MYL9,3,3,3,3,specific
MYNN,8,8,8,8,multi
NACA2,4,4,4,4,specific
NDUFA8,8,8,8,8,multi
NDUFB10,7,7,7,7,multi
NDUFB8,4,4,4,4,specific
NDUFV3,8,8,8,8,multi
NELFCD,4,4,4,4,specific
NGDN,2,2,2,2,specific
NKG7,1,1,1,1,specific
NLRP6,1,1,1,1,specific
NOP16,8,8,8,8,multi
NR2C2AP,7,7,7,7,multi
NRDC,7,7,7,7,multi
OGFOD1,4,4,4,4,specific
OLFML2A,2,2,2,2,specific
OTOP2,1,1,1,1,specific
P2RY13,2,2,2,2,specific
PCBD1,7,7,7,7,multi
PCDH12,3,3,3,3,specific
PDCL,3,3,3,3,specific
PDS5B,7,7,7,7,multi
PEF1,9,9,9,9,multi
PELO,2,2,2,2,specific
PHF3,2,2,2,2,specific
PHKB,5,5,5,5,multi
PI4K2B,1,1,1,1,specific
PILRA,1,1,1,1,specific
PLCL2,2,2,2,2,specific
PLD2,4,4,4,4,specific
PLEKHA1,2,2,2,2,specific
PLP2,1,1,1,1,specific
POC1A,5,5,5,5,multi
POFUT2,2,2,2,2,specific
POLR2I,11,11,11,11,multi
PPIF,2,2,2,2,specific
PPP1R10,6,6,6,6,multi
PPP1R14B,8,8,8,8,multi
PRPF4B,3,3,3,3,specific
PSMB9,2,2,2,2,specific
PTPN1,3,3,3,3,specific
PTPN12,5,5,5,5,multi
PTRHD1,6,6,6,6,multi
RAB3GAP1,8,8,8,8,multi
RAB7B,3,3,3,3,specific
RAD51C,6,6,6,6,multi
RAD54L,2,2,2,2,specific
RASA1,6,6,6,6,multi
RDH13,13,13,13,13,multi
RECK,5,5,5,5,multi
RGS18,3,3,3,3,specific
RHBDD1,6,6,6,6,multi
RNASEH1,3,3,3,3,specific
RNF13,5,5,5,5,multi
RNF135,3,3,3,3,specific
RNF19A,5,5,5,5,multi
RNF213,2,2,2,2,specific
RNF8,3,3,3,3,specific
RNU105B,1,1,1,1,specific
RPIA,5,5,5,5,multi
RPL12,1,1,1,1,specific
RPS6KA4,7,7,7,7,multi
RRM2B,5,5,5,5,multi
S100A16,6,6,6,6,multi
S100P,2,2,2,2,specific
SAP30L,2,2,2,2,specific
SDCCAG8,8,8,8,8,multi
SEMA3B,7,7,7,7,multi
SENP1,5,5,5,5,multi
SENP2,4,4,4,4,specific
SH2D2A,3,3,3,3,specific
SIRT1,6,6,6,6,multi
SLA2,2,2,2,2,specific
SLC16A3,4,4,4,4,specific
SLC16A4,2,2,2,2,specific
SLC25A1,9,9,9,9,multi
SLC35E3,4,4,4,4,specific
SLC39A2,2,2,2,2,specific
SLC39A8,5,5,5,5,multi
SLC4A1AP,6,6,6,6,multi
SMARCA5,5,5,5,5,multi
SMARCC1,4,4,4,4,specific
SMG5,6,6,6,6,multi
SMIM15,13,13,13,13,multi
SMIM22,2,2,2,2,specific
SMIM4,2,2,2,2,specific
SMN2,7,7,7,7,multi
SMTN,8,8,8,8,multi
SNORA67,4,4,4,4,specific
SNORA71C,1,1,1,1,specific
SOD1,3,3,3,3,specific
SPATA33,3,3,3,3,specific
SPC24,4,4,4,4,specific
SRPX,3,3,3,3,specific
SRSF7,7,7,7,7,multi
STAG1,4,4,4,4,specific
STK17B,4,4,4,4,specific
STXBP3,9,9,9,9,multi
SUSD2,2,2,2,2,specific
SWI5,7,7,7,7,multi
SYAP1,2,2,2,2,specific
TACO1,7,7,7,7,multi
TAF9B,7,7,7,7,multi
TAGLN,1,1,1,1,specific
TBC1D23,6,6,6,6,multi
TBPL1,6,6,6,6,multi
TCEA1,4,4,4,4,specific
TDG,2,2,2,2,specific
TEC,4,4,4,4,specific
TELO2,8,8,8,8,multi
TGDS,5,5,5,5,multi
TIGD2,3,3,3,3,specific
TMEM186,6,6,6,6,multi
TMEM208,8,8,8,8,multi
TMEM209,4,4,4,4,specific
TMEM38B,3,3,3,3,specific
TMEM68,4,4,4,4,specific
TMX1,6,6,6,6,multi
TNNI2,5,5,5,5,multi
TOMM20,3,3,3,3,specific
TOMT,3,3,3,3,specific
TOPBP1,6,6,6,6,multi
TOPORS,6,6,6,6,multi
TPM2,3,3,3,3,specific
TPP2,7,7,7,7,multi
TRABD2A,1,1,1,1,specific
TRIM47,4,4,4,4,specific
TRIM7,1,1,1,1,specific
TRMT10A,5,5,5,5,multi
TSFM,6,6,6,6,multi
TSGA10,3,3,3,3,specific
TSN,5,5,5,5,multi
TSPAN14,6,6,6,6,multi
TSPAN6,3,3,3,3,specific
TTPA,1,1,1,1,specific
TUBA1C,8,8,8,8,multi
TXLNG,5,5,5,5,multi
TXNDC16,5,5,5,5,multi
TXNL4B,1,1,1,1,specific
U2AF1L4,5,5,5,5,multi
UBAC1,7,7,7,7,multi
UBE2T,4,4,4,4,specific
UBE3A,7,7,7,7,multi
UBE3D,2,2,2,2,specific
UGCG,5,5,5,5,multi
UHRF1BP1L,8,8,8,8,multi
UQCC2,9,9,9,9,multi
UQCC3,4,4,4,4,specific
VAMP4,6,6,6,6,multi
VCP,3,3,3,3,specific
VEGFD,2,2,2,2,specific
VHL,5,5,5,5,multi
VPS25,6,6,6,6,multi
VWCE,2,2,2,2,specific
WDR41,6,6,6,6,multi
WFS1,5,5,5,5,multi
ZC3H15,5,5,5,5,multi
ZC3H8,2,2,2,2,specific
ZCCHC4,4,4,4,4,specific
ZFAND1,4,4,4,4,specific
ZFP37,10,10,10,10,multi
ZFP82,6,6,6,6,multi
ZNF214,1,1,1,1,specific
ZNF467,1,1,1,1,specific
ZNF529,6,6,6,6,multi
ZNF692,4,4,4,4,specific
ZNF791,4,4,4,4,specific
ZNF852,2,2,2,2,specific
ZNHIT1,8,8,8,8,multi
ZP2,1,1,1,1,specific
ACO1,6,6,6,6,multi
ACOT12,2,2,2,2,specific
ADAT3,1,1,1,1,specific
AFG3L2,10,10,10,10,multi
ARHGAP35,7,7,7,7,multi
ARHGAP42,6,6,6,6,multi
ATP1A1,2,2,2,2,specific
AZIN2,2,2,2,2,specific
BBS9,4,4,4,4,specific
BOC,4,4,4,4,specific
CASP8,3,3,3,3,specific
CBR1,6,6,6,6,multi
CCBE1,3,3,3,3,specific
CCDC146,3,3,3,3,specific
CCDC24,1,1,1,1,specific
CCNC,6,6,6,6,multi
CCNY,3,3,3,3,specific
CDK14,2,2,2,2,specific
CDKN3,3,3,3,3,specific
CEBPD,2,2,2,2,specific
CERKL,1,1,1,1,specific
CFAP61,3,3,3,3,specific
CHAC1,4,4,4,4,specific
CLRN3,1,1,1,1,specific
COLEC11,1,1,1,1,specific
COX18,4,4,4,4,specific
CRYZ,2,2,2,2,specific
CYP39A1,5,5,5,5,multi
DNALI1,6,6,6,6,multi
EBPL,2,2,2,2,specific
ECD,5,5,5,5,multi
EDIL3,2,2,2,2,specific
EHHADH,4,4,4,4,specific
ELOVL2,5,5,5,5,multi
ENPP3,3,3,3,3,specific
ERCC8,11,11,11,11,multi
EVC2,4,4,4,4,specific
EXOC3L2,4,4,4,4,specific
FAM107B,4,4,4,4,specific
FAM13C,4,4,4,4,specific
FAM171A2,6,6,6,6,multi
FAM20A,3,3,3,3,specific
FAM210A,1,1,1,1,specific
FBXO21,4,4,4,4,specific
FBXO40,1,1,1,1,specific
FGD6,3,3,3,3,specific
FGFR1OP2,5,5,5,5,multi
FLYWCH1,10,10,10,10,multi
GIMD1,1,1,1,1,specific
GIPC2,5,5,5,5,multi
GK,4,4,4,4,specific
GLYAT,1,1,1,1,specific
GNG7,5,5,5,5,multi
GNPDA1,5,5,5,5,multi
GPD1L,2,2,2,2,specific
GTDC1,4,4,4,4,specific
HOOK2,2,2,2,2,specific
HPGD,1,1,1,1,specific
IL1RL1,2,2,2,2,specific
INSRR,1,1,1,1,specific
ITGA4,4,4,4,4,specific
IYD,1,1,1,1,specific
KLHL42,1,1,1,1,specific
KLKB1,1,1,1,1,specific
LAMTOR5,2,2,2,2,specific
LCP1,1,1,1,1,specific
LIG3,5,4,5,5,specific
LIMA1,6,6,6,6,multi
LINGO1,7,7,7,7,multi
LMLN,3,3,3,3,specific
LRRC23,2,2,2,2,specific
LRRC75B,6,6,6,6,multi
LYSMD4,5,5,5,5,multi
MBTPS1,6,5,6,6,multi
MDGA1,5,5,5,5,multi
MED21,2,2,2,2,specific
METTL15,2,2,2,2,specific
MPL,2,2,2,2,specific
MRPL45,3,3,3,3,specific
MYOM3,3,3,3,3,specific
NCALD,2,2,2,2,specific
NEIL3,4,4,4,4,specific
NSMAF,3,3,3,3,specific
NTNG2,3,3,3,3,specific
NTRK1,2,2,2,2,specific
PARP15,1,1,1,1,specific
PDK3,1,1,1,1,specific
PHEX,4,4,4,4,specific
PLG,1,1,1,1,specific
POLQ,1,1,1,1,specific
POLR3F,1,1,1,1,specific
PRRG1,3,3,3,3,specific
PTPRO,2,2,2,2,specific
PXYLP1,2,2,2,2,specific
RAB25,2,2,2,2,specific
RAD51AP1,3,3,3,3,specific
RBPMS,2,2,2,2,specific
REG3G,1,1,1,1,specific
RHNO1,6,6,6,6,multi
RIPOR2,2,2,2,2,specific
RMDN1,1,1,1,1,specific
RNF157,2,2,2,2,specific
RNF168,2,2,2,2,specific
ROBO1,2,2,2,2,specific
RSC1A1,6,6,6,6,multi
S100B,2,2,2,2,specific
SAMHD1,8,8,8,8,multi
SCRN3,6,6,6,6,multi
SERPINB2,4,4,4,4,specific
SETD3,3,3,3,3,specific
SFMBT1,2,2,2,2,specific
SLC10A5,1,1,1,1,specific
SLC12A8,1,1,1,1,specific
SLC16A9,1,1,1,1,specific
SLC17A1,1,1,1,1,specific
SLC17A2,2,2,2,2,specific
SLC25A16,4,4,4,4,specific
SLC25A18,5,5,5,5,multi
SLC2A2,1,1,1,1,specific
SLC30A9,8,8,8,8,multi
SLC46A3,4,4,4,4,specific
SLC4A9,1,1,1,1,specific
SLC50A1,4,4,4,4,specific
SMIM6,2,2,2,2,specific
SNORA64,2,2,2,2,specific
SOX18,2,2,2,2,specific
SPARCL1,3,3,3,3,specific
STAC2,5,5,5,5,multi
STARD7,8,8,8,8,multi
STKLD1,6,6,6,6,multi
STX7,3,3,3,3,specific
SUCLG2,2,2,2,2,specific
SYT11,3,3,3,3,specific
SYT14,1,1,1,1,specific
TCAF1,3,3,3,3,specific
TCL1B,1,1,1,1,specific
TF,4,4,4,4,specific
TFCP2,1,1,1,1,specific
TGOLN2,4,4,4,4,specific
THNSL1,5,5,5,5,multi
TIMM21,4,4,4,4,specific
TMEM17,5,5,5,5,multi
TMEM268,2,2,2,2,specific
TMPRSS4,1,1,1,1,specific
TPD52L1,2,2,2,2,specific
TXLNA,3,3,3,3,specific
UBTD1,6,6,6,6,multi
UCK2,3,3,3,3,specific
UMOD,1,1,1,1,specific
VASP,8,8,8,8,multi
VPS37D,3,3,3,3,specific
VPS50,8,8,8,8,multi
WDFY2,3,3,3,3,specific
WDR49,2,2,2,2,specific
WNK3,3,3,3,3,specific
WNT9B,3,3,3,3,specific
ZNF3,1,1,1,1,specific
ZNF530,3,3,3,3,specific
AACS,3,3,3,3,specific
ACAD9,3,3,3,3,specific
ADAMTS6,3,3,3,3,specific
ARL16,3,3,3,3,specific
ARMC2,2,2,2,2,specific
ARPC3,2,2,2,2,specific
ATF7IP2,2,2,2,2,specific
ATP5MC1,10,10,10,10,multi
BBOF1,3,3,3,3,specific
BBS12,3,3,3,3,specific
BNIP3,3,3,3,3,specific
BOK,2,2,2,2,specific
C11orf80,3,3,3,3,specific
C1orf112,2,2,2,2,specific
C1orf174,2,2,2,2,specific
C2orf69,5,5,5,5,multi
C9orf64,2,2,2,2,specific
CCR2,1,1,1,1,specific
CCZ1B,1,1,1,1,specific
CDH11,3,3,3,3,specific
CEBPZ,3,3,3,3,specific
CEP170B,9,9,9,9,multi
CHD3,4,4,4,4,specific
CHMP6,4,4,4,4,specific
CKB,5,5,5,5,multi
CLCN2,4,4,4,4,specific
CPSF3,3,3,3,3,specific
CRIPT,2,2,2,2,specific
CTH,3,3,3,3,specific
CTIF,8,8,8,8,multi
CYB561,6,6,6,6,multi
DCHS1,8,8,8,8,multi
DDX59,6,6,6,6,multi
DEUP1,2,2,2,2,specific
DMTN,5,5,5,5,multi
DNAJC28,3,3,3,3,specific
DPM3,8,8,8,8,multi
DTL,1,1,1,1,specific
EDC3,3,3,3,3,specific
EDNRB,2,2,2,2,specific
EEF2K,5,5,5,5,multi
EFHD2,3,3,3,3,specific
EHD2,8,8,8,8,multi
EIF2AK1,3,3,3,3,specific
EIF4ENIF1,5,5,5,5,multi
ERGIC1,5,5,5,5,multi
ETFDH,6,6,6,6,multi
EXTL3,4,4,4,4,specific
FAM131C,3,3,3,3,specific
FAM220A,3,3,3,3,specific
FAM234B,2,2,2,2,specific
FEN1,2,2,2,2,specific
FOXM1,2,2,2,2,specific
GALNT18,9,9,9,9,multi
GALNT2,3,3,3,3,specific
GLIS2,3,3,3,3,specific
GLO1,6,6,6,6,multi
GOLGA2,4,4,4,4,specific
GOT1,4,4,4,4,specific
GPER1,2,2,2,2,specific
GTF2A2,4,4,4,4,specific
HADH,5,5,5,5,multi
HCFC1,5,5,5,5,multi
HERC6,2,2,2,2,specific
IFI44L,4,4,4,4,specific
IFI6,6,6,6,6,multi
IL7,3,3,3,3,specific
INPP5K,4,4,4,4,specific
ITK,2,2,2,2,specific
KCNC3,2,2,2,2,specific
KCNN4,2,2,2,2,specific
KCTD12,3,3,3,3,specific
L3HYPDH,4,4,4,4,specific
LARGE1,3,3,3,3,specific
LETM2,1,1,1,1,specific
LHFPL6,5,5,5,5,multi
LHX1,1,1,1,1,specific
LLPH,3,3,3,3,specific
LMO4,4,4,4,4,specific
LRGUK,1,1,1,1,specific
LZTS3,5,5,5,5,multi
MAP3K14,8,8,8,8,multi
MAPK11,8,8,8,8,multi
MGAT4D,2,2,2,2,specific
MICALL1,3,3,3,3,specific
MOGAT1,2,2,2,2,specific
MRPL1,6,6,6,6,multi
MRPL22,3,3,3,3,specific
MRPL44,4,4,4,4,specific
MRPS27,1,1,1,1,specific
MRPS30,6,6,6,6,multi
NGLY1,3,3,3,3,specific
NIPSNAP1,2,2,2,2,specific
NOC2L,7,7,7,7,multi
NOL6,6,6,6,6,multi
NPTN,5,5,5,5,multi
NSMCE2,3,3,3,3,specific
NTMT1,12,12,12,12,multi
NUP205,6,6,6,6,multi
ODF2L,3,3,3,3,specific
ORMDL1,6,6,6,6,multi
P2RY10,1,1,1,1,specific
PCSK1N,4,4,4,4,specific
PEX7,2,2,2,2,specific
PIH1D2,5,5,5,5,multi
POLR2K,2,2,2,2,specific
POMGNT2,10,10,10,10,multi
PPP1R13B,5,5,5,5,multi
PPP1R42,1,1,1,1,specific
PSRC1,2,2,2,2,specific
PTPA,5,5,5,5,multi
PWP2,9,9,9,9,multi
RAB2B,2,2,2,2,specific
RAB33B,1,1,1,1,specific
RAPGEF1,3,3,3,3,specific
RGS3,6,6,6,6,multi
RPL22L1,3,3,3,3,specific
SBDS,4,4,4,4,specific
SEMA4C,4,4,4,4,specific
SKAP1,2,2,2,2,specific
SLC25A25,5,5,5,5,multi
SLC25A44,3,3,3,3,specific
SMIM10,2,2,2,2,specific
SNORA72,1,1,1,1,specific
SOGA1,5,5,5,5,multi
SOX5,8,8,8,8,multi
SRI,1,1,1,1,specific
SRP68,4,4,4,4,specific
SSUH2,2,2,2,2,specific
THBD,5,5,5,5,multi
TIMM8A,2,2,2,2,specific
TLR1,4,4,4,4,specific
TMEM138,2,2,2,2,specific
TMEM18,5,5,5,5,multi
TMEM183A,3,3,3,3,specific
TMEM190,2,2,2,2,specific
TMEM222,10,10,10,10,multi
TRBV27,2,2,2,2,specific
TTLL12,6,6,6,6,multi
WDR64,2,2,2,2,specific
XPA,7,7,7,7,multi
YIPF1,1,1,1,1,specific
ZNF181,9,9,9,9,multi
ZNF277,4,4,4,4,specific
ZNF391,1,1,1,1,specific
ZNF512B,6,6,6,6,multi
ZNF559,4,4,4,4,specific
ZNF771,4,4,4,4,specific
ZNF84,3,3,3,3,specific
ABCC9,7,7,7,7,multi
ABHD5,1,1,1,1,specific
ACHE,5,5,5,5,multi
ACYP2,2,2,2,2,specific
ADGRA2,2,2,2,2,specific
ADORA1,4,4,4,4,specific
AIF1L,4,4,4,4,specific
ALAS1,5,5,5,5,multi
ALG13,3,3,3,3,specific
ALKBH8,4,4,4,4,specific
AMMECR1,2,2,2,2,specific
ANGEL1,4,4,4,4,specific
ANKRD61,2,2,2,2,specific
ANKS3,9,9,9,9,multi
ANXA4,2,2,2,2,specific
AP2S1,6,6,6,6,multi
AP3B2,4,4,4,4,specific
AP4S1,4,4,4,4,specific
APH1A,3,3,3,3,specific
ARF5,6,6,6,6,multi
ARHGEF4,5,5,5,5,multi
ARID2,8,8,8,8,multi
ARL2,7,7,7,7,multi
ASXL3,4,4,4,4,specific
ATG13,3,3,3,3,specific
ATG2B,4,4,4,4,specific
BAMBI,6,6,6,6,multi
BCAN,5,5,5,5,multi
BIN3,10,10,10,10,multi
BRWD1,4,4,4,4,specific
C1orf198,2,2,2,2,specific
C2orf50,1,1,1,1,specific
CA10,2,2,2,2,specific
CABP1,4,4,4,4,specific
CACNG7,4,4,4,4,specific
CASS4,3,3,3,3,specific
CCDC15,2,2,2,2,specific
CCDC80,5,5,5,5,multi
CCER2,5,5,5,5,multi
CCL28,2,2,2,2,specific
CD80,1,1,1,1,specific
CDH19,2,2,2,2,specific
CDK13,3,3,3,3,specific
CEND1,7,7,7,7,multi
CENPX,5,5,5,5,multi
CERS1,7,7,7,7,multi
CGREF1,2,2,2,2,specific
CHST11,1,1,1,1,specific
CIDEC,5,5,5,5,multi
CIP2A,4,4,4,4,specific
CLASP2,11,11,11,11,multi
CLIP3,5,5,5,5,multi
CLSTN3,5,5,5,5,multi
CLTB,7,7,7,7,multi
COMMD9,10,10,10,10,multi
COPRS,1,1,1,1,specific
CPLX1,6,6,6,6,multi
CPOX,6,6,6,6,multi
CR2,1,1,1,1,specific
CRB2,5,5,5,5,multi
CRYGN,2,2,2,2,specific
CYSLTR2,2,2,2,2,specific
DDHD1,4,4,4,4,specific
DDX31,2,2,2,2,specific
DENND5A,2,2,2,2,specific
DNAJC6,2,2,2,2,specific
DPCD,4,4,4,4,specific
DSCAML1,3,3,3,3,specific
DTD2,2,2,2,2,specific
DUSP26,3,3,3,3,specific
EIF4G1,7,7,7,7,multi
ELAC2,4,4,4,4,specific
EMC3,4,4,4,4,specific
EPB41L2,5,5,5,5,multi
EPC1,2,2,2,2,specific
EPM2AIP1,5,5,5,5,multi
EVI5L,6,6,6,6,multi
FAAP100,9,9,9,9,multi
FAM124B,8,8,8,8,multi
FAM228B,3,3,3,3,specific
FAM91A1,4,4,4,4,specific
FBXL3,6,6,6,6,multi
FBXO16,3,3,3,3,specific
FGF11,2,2,2,2,specific
FGF9,3,3,3,3,specific
FGFBP3,5,5,5,5,multi
FGL1,2,2,2,2,specific
FMNL2,4,4,4,4,specific
FOXK2,2,2,2,2,specific
FRMD6,3,3,3,3,specific
FSD1L,5,5,5,5,multi
FUCA1,3,3,3,3,specific
GADD45G,7,7,7,7,multi
GALNT6,2,2,2,2,specific
GINS3,3,3,3,3,specific
GIPC1,9,9,9,9,multi
GNA11,5,5,5,5,multi
GNA12,4,4,4,4,specific
GNB4,4,4,4,4,specific
GNG3,3,3,3,3,specific
GPR137C,4,4,4,4,specific
GPR37L1,6,6,6,6,multi
GPSM2,2,2,2,2,specific
GPT2,4,4,4,4,specific
GRIP2,5,5,5,5,multi
HAAO,1,1,1,1,specific
HCN4,4,4,4,4,specific
HDAC5,10,10,10,10,multi
HEPACAM2,3,3,3,3,specific
HFM1,5,5,5,5,multi
HIPK3,4,4,4,4,specific
HSPB8,7,7,7,7,multi
HTR1E,1,1,1,1,specific
IGSF11,1,1,1,1,specific
IGSF6,2,2,2,2,specific
ING3,5,5,5,5,multi
INO80,6,6,6,6,multi
INTS6,3,3,3,3,specific
INTS9,2,2,2,2,specific
IQGAP2,2,2,2,2,specific
IST1,2,2,2,2,specific
ITIH5,3,3,3,3,specific
JMJD4,6,6,6,6,multi
KCNH2,7,7,7,7,multi
KCNJ11,6,6,6,6,multi
KCNJ16,2,2,2,2,specific
KDM2A,2,2,2,2,specific
KDM3B,3,3,3,3,specific
KIAA1109,5,5,5,5,multi
KIF1A,7,7,7,7,multi
KLF6,5,5,5,5,multi
KLK14,4,4,4,4,specific
KNDC1,5,5,5,5,multi
KYNU,4,4,4,4,specific
LAMC1,4,4,4,4,specific
LPXN,5,5,5,5,multi
LRP12,9,9,9,9,multi
LRRCC1,7,7,7,7,multi
MAD2L1,4,4,4,4,specific
MAD2L2,7,7,7,7,multi
MAP6,4,4,4,4,specific
MAPKAPK3,1,1,1,1,specific
MAST1,6,6,6,6,multi
MCL1,4,4,4,4,specific
MCM10,2,2,2,2,specific
MDH1,2,2,2,2,specific
MED13,3,3,3,3,specific
MED17,2,2,2,2,specific
MED23,2,2,2,2,specific
MFSD14B,4,4,4,4,specific
MMP12,1,1,1,1,specific
MOBP,1,1,1,1,specific
MRPS9,2,2,2,2,specific
MT3,5,5,5,5,multi
NAB1,3,3,3,3,specific
NDUFA9,3,3,3,3,specific
NDUFAF8,3,3,3,3,specific
NDUFB4,5,5,5,5,multi
NDUFC2-KCTD14,4,4,4,4,specific
NEK4,4,4,4,4,specific
NES,3,3,3,3,specific
NET1,4,4,4,4,specific
NHP2,9,9,9,9,multi
NPC2,2,1,2,2,specific
NPFFR1,2,2,2,2,specific
NPLOC4,8,8,8,8,multi
NPTX1,2,2,2,2,specific
NR4A1,1,1,1,1,specific
NRXN2,7,7,7,7,multi
NSMCE4A,5,5,5,5,multi
NUBPL,6,6,6,6,multi
OTUD7A,4,4,4,4,specific
OXSM,2,2,2,2,specific
PANX2,3,3,3,3,specific
PARP12,1,1,1,1,specific
PCCB,3,3,3,3,specific
PCYOX1L,7,7,7,7,multi
PDLIM2,6,6,6,6,multi
PDXP,6,6,6,6,multi
PDZD7,4,4,4,4,specific
PHYH,2,2,2,2,specific
PLA2G5,6,6,6,6,multi
PLCXD3,2,2,2,2,specific
PLEKHG1,2,2,2,2,specific
PLEKHG4,3,3,3,3,specific
PLP1,1,1,1,1,specific
PLPP4,3,3,3,3,specific
PLPPR2,7,7,7,7,multi
PLXNA3,4,4,4,4,specific
PNCK,5,5,5,5,multi
PODXL2,3,3,3,3,specific
POLN,4,4,4,4,specific
PPP5C,9,9,9,9,multi
PRELP,4,4,4,4,specific
PRPF38B,2,2,2,2,specific
PRRX1,2,2,2,2,specific
PSAT1,4,4,4,4,specific
PSMB5,8,8,8,8,multi
PSMG3,7,7,7,7,multi
PTGFRN,3,3,3,3,specific
PYGO1,1,1,1,1,specific
QKI,4,4,4,4,specific
QSER1,7,7,7,7,multi
RAPGEF5,5,5,5,5,multi
RAPGEF6,6,6,6,6,multi
RAPGEFL1,6,6,6,6,multi
RASSF4,4,4,4,4,specific
RBBP8,8,8,8,8,multi
RCAN1,2,2,2,2,specific
RD3L,2,2,2,2,specific
RHBDD2,5,5,5,5,multi
RICTOR,3,3,3,3,specific
RND1,4,4,4,4,specific
RNF170,3,3,3,3,specific
RNF32,2,2,2,2,specific
ROR1,2,2,2,2,specific
RRM1,5,5,5,5,multi
RTN4R,3,3,3,3,specific
RUNDC3A,9,9,9,9,multi
RXFP1,1,1,1,1,specific
SAMM50,6,6,6,6,multi
SAP25,5,5,5,5,multi
SAP30,5,5,5,5,multi
SBK1,9,9,9,9,multi
SCARNA18,3,3,3,3,specific
SCML1,4,4,4,4,specific
SCNN1D,3,3,3,3,specific
SEC24D,4,4,4,4,specific
SERINC1,5,5,5,5,multi
SESTD1,6,6,6,6,multi
SETD2,6,6,6,6,multi
SETD5,3,3,3,3,specific
SETDB1,2,2,2,2,specific
SH3GL1,10,10,10,10,multi
SHISA9,3,3,3,3,specific
SIN3A,4,4,4,4,specific
SLC10A7,2,2,2,2,specific
SLC12A2,5,5,5,5,multi
SLC16A8,1,1,1,1,specific
SLC18A3,1,1,1,1,specific
SLC25A36,7,7,7,7,multi
SLC26A5,3,3,3,3,specific
SLC32A1,3,3,3,3,specific
SLC35E4,8,8,8,8,multi
SLC45A1,6,6,6,6,multi
SLC51B,2,2,2,2,specific
SLC6A1,5,5,5,5,multi
SLC6A16,3,3,3,3,specific
SLC7A5,5,5,5,5,multi
SLC8A2,3,3,3,3,specific
SLCO4A1,2,2,2,2,specific
SNORA18,1,1,1,1,specific
SNORD28B,1,1,1,1,specific
SNORD58C,1,1,1,1,specific
SNRPN,6,6,6,6,multi
SORCS1,2,2,2,2,specific
SORCS3,2,2,2,2,specific
SOS2,8,8,8,8,multi
SOX6,4,4,4,4,specific
SPATA25,1,1,1,1,specific
SPOCK3,5,5,5,5,multi
SPOPL,3,3,3,3,specific
SPTLC1,4,4,4,4,specific
SSH2,2,2,2,2,specific
STX2,2,2,2,2,specific
SULT1C2,1,1,1,1,specific
SULT4A1,3,3,3,3,specific
SYCP2,4,4,4,4,specific
SYN3,2,2,2,2,specific
SYNE4,4,4,4,4,specific
SYNGR4,4,4,4,4,specific
SYT3,7,7,7,7,multi
TAF1L,1,1,1,1,specific
TAGLN3,3,3,3,3,specific
TBCA,3,3,3,3,specific
TGFBR3L,2,2,2,2,specific
TIGD7,5,5,5,5,multi
TM7SF3,2,2,2,2,specific
TMC1,7,7,7,7,multi
TMEM130,3,3,3,3,specific
TMEM132E,3,3,3,3,specific
TMEM151B,4,4,4,4,specific
TMEM242,2,2,2,2,specific
TMEM59L,4,4,4,4,specific
TMEM74B,5,5,5,5,multi
TMEM88B,3,3,3,3,specific
TNFRSF1B,3,3,3,3,specific
TOMM20L,1,1,1,1,specific
TOX,5,5,5,5,multi
TP53INP2,6,6,6,6,multi
TRIM38,5,5,5,5,multi
TRMT1L,9,9,9,9,multi
TSPAN12,4,4,4,4,specific
TTC17,7,7,7,7,multi
TTLL7,5,5,5,5,multi
TUBA8,5,5,5,5,multi
TUBB4B,7,7,7,7,multi
UBL5,6,6,6,6,multi
UBQLNL,1,1,1,1,specific
UCHL1,3,3,3,3,specific
VEGFA,3,3,3,3,specific
VSTM4,2,2,2,2,specific
ZBTB14,4,4,4,4,specific
ZFYVE28,4,4,4,4,specific
ZNF107,5,5,5,5,multi
ZNF140,10,10,10,10,multi
ZNF22,5,5,5,5,multi
ZNF248,6,6,6,6,multi
ZNF251,4,4,4,4,specific
ZNF326,5,5,5,5,multi
ZNF527,6,6,6,6,multi
ZNF551,3,3,3,3,specific
ZNF614,5,5,5,5,multi
ZRANB3,9,9,9,9,multi
C11orf1,4,4,4,4,specific
C17orf67,1,1,1,1,specific
C9orf135,2,2,2,2,specific
CACNG3,3,3,3,3,specific
CADM2,1,1,1,1,specific
CATIP,1,1,1,1,specific
CCDC33,2,2,2,2,specific
CEP41,2,2,2,2,specific
CFAP126,1,1,1,1,specific
CHIC1,2,2,2,2,specific
CNGB1,3,3,3,3,specific
CPA5,3,3,3,3,specific
DLGAP1,1,1,1,1,specific
DYDC2,1,1,1,1,specific
EFCAB1,2,2,2,2,specific
FAM183A,1,1,1,1,specific
GABRB1,1,1,1,1,specific
GAS2L2,1,1,1,1,specific
GFOD1,3,3,3,3,specific
GOLIM4,4,4,4,4,specific
IL13RA2,3,3,3,3,specific
IL4I1,5,5,5,5,multi
IRS4,2,2,2,2,specific
KCNC1,2,2,2,2,specific
KCNQ5,4,4,4,4,specific
MALL,4,4,4,4,specific
NCAPD3,2,2,2,2,specific
ODF3B,2,2,2,2,specific
PRLH,1,1,1,1,specific
PRPF3,6,6,6,6,multi
SLC12A3,1,1,1,1,specific
SNIP1,2,2,2,2,specific
SPAG6,1,1,1,1,specific
TAC3,2,2,2,2,specific
TYW1B,1,1,1,1,specific
UBXN11,3,3,3,3,specific
WWTR1,3,3,3,3,specific
AATF,5,5,5,5,multi
ACER1,1,1,1,1,specific
CAPN11,3,3,3,3,specific
CCR9,1,1,1,1,specific
CDC16,2,2,2,2,specific
CDO1,4,4,4,4,specific
CEMIP,3,3,3,3,specific
CMTM3,1,1,1,1,specific
CPXM2,1,1,1,1,specific
DCLRE1A,5,5,5,5,multi
DDX4,2,2,2,2,specific
DISP1,3,3,3,3,specific
EFTUD2,3,3,3,3,specific
EGF,1,1,1,1,specific
FAM120B,6,6,6,6,multi
FSD2,3,3,3,3,specific
GORAB,3,3,3,3,specific
HNF1B,1,1,1,1,specific
HNRNPU,9,9,9,9,multi
HRH4,4,4,4,4,specific
INIP,4,4,4,4,specific
KANSL3,4,4,4,4,specific
MAGOHB,5,5,5,5,multi
MEMO1,4,4,4,4,specific
METTL5,3,3,3,3,specific
MLEC,3,3,3,3,specific
MPHOSPH8,2,2,2,2,specific
MPP4,4,4,4,4,specific
MTRES1,1,1,1,1,specific
NIF3L1,2,2,2,2,specific
NTN1,1,1,1,1,specific
OSBPL2,3,3,3,3,specific
PDE9A,6,6,6,6,multi
PFKFB3,4,4,4,4,specific
PHF14,5,5,5,5,multi
PHF7,4,4,4,4,specific
PSMA1,7,7,7,7,multi
RAB14,3,3,3,3,specific
RAB37,3,3,3,3,specific
RASGRP4,1,1,1,1,specific
SAFB,4,4,4,4,specific
SAFB2,6,6,6,6,multi
SEC31B,2,2,2,2,specific
SERINC4,2,2,2,2,specific
SLC20A2,5,5,5,5,multi
SLC23A2,3,3,3,3,specific
SRL,2,2,2,2,specific
TARBP1,3,3,3,3,specific
TBP,2,2,2,2,specific
TBRG1,4,4,4,4,specific
TDP2,5,5,5,5,multi
TMEM169,3,3,3,3,specific
TMEM218,4,4,4,4,specific
TOM1L1,1,1,1,1,specific
USP36,7,7,7,7,multi
Y_RNA,4,4,4,4,specific
ZFP69,2,2,2,2,specific
ABCC12,1,1,1,1,specific
ABHD12B,1,1,1,1,specific
ACSM4,1,1,1,1,specific
ACTL6A,6,6,6,6,multi
ADRA1D,2,2,2,2,specific
AGO2,4,4,4,4,specific
AJAP1,4,4,4,4,specific
ALDH1L1,5,5,5,5,multi
ANKRD29,1,1,1,1,specific
APBB1IP,4,4,4,4,specific
APOOL,3,3,3,3,specific
ARHGAP15,1,1,1,1,specific
ARID5B,4,4,4,4,specific
ARSJ,3,3,3,3,specific
AXIN2,3,3,3,3,specific
B4GALT2,10,10,10,10,multi
BTBD11,1,1,1,1,specific
C12orf40,1,1,1,1,specific
CCDC149,4,4,4,4,specific
CDC42SE2,2,2,2,2,specific
CDH16,2,2,2,2,specific
CETP,2,2,2,2,specific
CHRNA5,3,3,3,3,specific
CLUL1,1,1,1,1,specific
CNTN6,6,6,6,6,multi
CPA6,2,2,2,2,specific
CPAMD8,3,3,3,3,specific
CRTAM,2,2,2,2,specific
CRYBA4,3,3,3,3,specific
CUL9,6,6,6,6,multi
DAPP1,1,1,1,1,specific
DDX27,3,3,3,3,specific
DEPTOR,3,3,3,3,specific
DMC1,2,2,2,2,specific
DOCK10,3,3,3,3,specific
EHF,1,1,1,1,specific
ENPP6,3,3,3,3,specific
F2RL1,1,1,1,1,specific
FAM149A,8,8,8,8,multi
FAM167B,2,2,2,2,specific
FRRS1,5,5,5,5,multi
FRZB,4,4,4,4,specific
FZD9,4,4,4,4,specific
GALNT7,2,2,2,2,specific
GAPT,1,1,1,1,specific
GCNT1,1,1,1,1,specific
GCSAML,1,1,1,1,specific
GJC2,4,4,4,4,specific
GRIP1,1,1,1,1,specific
HNRNPA2B1,7,7,7,7,multi
HS3ST5,2,2,2,2,specific
IFT88,7,7,7,7,multi
IL1RL2,3,3,3,3,specific
INPP4B,2,2,2,2,specific
JRKL,4,4,4,4,specific
KCNK10,1,1,1,1,specific
KCNS3,2,2,2,2,specific
LDB3,2,2,2,2,specific
LDLRAD1,1,1,1,1,specific
LPAR3,1,1,1,1,specific
LSM3,2,2,2,2,specific
MACC1,1,1,1,1,specific
MAK,2,2,2,2,specific
MAL2,1,1,1,1,specific
ME3,4,4,4,4,specific
MED7,8,8,8,8,multi
MPP3,3,3,3,3,specific
MROH2B,1,1,1,1,specific
MRPL15,4,4,4,4,specific
MSRB2,6,6,6,6,multi
MUC13,3,3,3,3,specific
MYADM,5,5,5,5,multi
MYCT1,1,1,1,1,specific
NFYB,5,4,5,5,specific
NHLRC1,3,3,3,3,specific
NHSL1,6,6,6,6,multi
OR4A5,1,1,1,1,specific
OSBPL3,2,2,2,2,specific
PLAT,2,2,2,2,specific
PLS1,3,3,3,3,specific
RASSF5,1,1,1,1,specific
RTN4IP1,3,3,3,3,specific
SAMSN1,4,4,4,4,specific
SEC16A,4,4,4,4,specific
SELENOW,4,4,4,4,specific
SEMA6B,6,6,6,6,multi
SERPINB10,1,1,1,1,specific
SLBP,2,2,2,2,specific
SLC5A1,2,2,2,2,specific
SLC9A5,2,2,2,2,specific
SOWAHB,3,3,3,3,specific
SPRED2,5,5,5,5,multi
STRIP2,4,4,4,4,specific
SUMO4,1,1,1,1,specific
SVBP,1,1,1,1,specific
SYTL2,6,6,6,6,multi
TAF10,5,5,5,5,multi
TAL1,4,4,4,4,specific
TEAD4,5,5,5,5,multi
TLR5,3,3,3,3,specific
TMEM97,2,2,2,2,specific
TNFRSF11A,1,1,1,1,specific
TPST1,3,3,3,3,specific
TYW5,5,5,5,5,multi
U3,2,2,2,2,specific
UQCRFS1,2,2,2,2,specific
VEGFC,2,2,2,2,specific
WNT3A,1,1,1,1,specific
ZCCHC8,3,3,3,3,specific
ZNF202,1,1,1,1,specific
ZNF671,3,3,3,3,specific
ADAMTS17,1,1,1,1,specific
AMELX,1,1,1,1,specific
ANKRD28,5,5,5,5,multi
BCL11B,1,1,1,1,specific
BMP10,2,2,2,2,specific
CBR3,4,4,4,4,specific
CD164L2,2,2,2,2,specific
CIDEA,1,1,1,1,specific
CP,3,3,3,3,specific
CXCL8,2,2,2,2,specific
DAB1,4,4,4,4,specific
FBXO34,2,2,2,2,specific
FGF12,2,2,2,2,specific
FIGN,4,4,4,4,specific
GABRP,1,1,1,1,specific
GALNT11,3,3,3,3,specific
GNG8,5,5,5,5,multi
HARS2,4,4,4,4,specific
HGD,1,1,1,1,specific
ICAM4,1,1,1,1,specific
IL5,3,3,3,3,specific
KIAA1614,3,3,3,3,specific
KIAA2012,4,4,4,4,specific
MS4A6A,9,9,9,9,multi
NRSN1,4,4,4,4,specific
ORAI2,2,2,2,2,specific
PCK1,4,4,4,4,specific
PRSS16,3,3,3,3,specific
PTGS1,1,1,1,1,specific
RAG1,1,1,1,1,specific
REP15,7,7,7,7,multi
RSU1,5,5,5,5,multi
SNORA12,1,1,1,1,specific
SNORD24,3,3,3,3,specific
SNORD5,2,2,2,2,specific
SNORD69,2,2,2,2,specific
SPIN3,1,1,1,1,specific
SPTA1,2,2,2,2,specific
TIMD4,1,1,1,1,specific
TMEM156,1,1,1,1,specific
TSC22D1,4,4,4,4,specific
WDR33,3,3,3,3,specific
ZDHHC14,2,2,2,2,specific
ZNF582,5,5,5,5,multi
ABHD3,5,5,5,5,multi
ADAMTS8,2,2,2,2,specific
ADGRB1,5,5,5,5,multi
AGT,2,2,2,2,specific
ALMS1,4,4,4,4,specific
AMER3,3,3,3,3,specific
ANKS1A,6,6,6,6,multi
ANXA9,1,1,1,1,specific
AP1S1,6,6,6,6,multi
AP2A2,6,6,6,6,multi
APLP2,1,1,1,1,specific
BIRC6,6,6,6,6,multi
C12orf57,6,6,6,6,multi
C1RL,5,5,5,5,multi
C1orf189,4,4,4,4,specific
C4orf3,5,5,5,5,multi
C4orf47,1,1,1,1,specific
C6orf163,4,4,4,4,specific
C8orf44-SGK3,3,3,3,3,specific
CACYBP,4,4,4,4,specific
CAMK2N2,2,2,2,2,specific
CCDC171,2,2,2,2,specific
CCDC42,1,1,1,1,specific
CCDC43,3,3,3,3,specific
CCDC8,4,4,4,4,specific
CD248,2,2,2,2,specific
CD55,4,4,4,4,specific
CDKL1,3,3,3,3,specific
CHST1,4,4,4,4,specific
CLDN16,1,1,1,1,specific
CNKSR2,3,3,3,3,specific
COX7A1,6,6,6,6,multi
CPLX2,5,5,5,5,multi
CRISPLD2,2,2,2,2,specific
CRTAC1,4,4,4,4,specific
CRYGS,5,5,5,5,multi
CSRP1,5,5,5,5,multi
CUTA,8,8,8,8,multi
CYFIP2,3,3,3,3,specific
CYLD,5,5,5,5,multi
CYP27A1,5,5,5,5,multi
CYP46A1,6,6,6,6,multi
DCC,3,3,3,3,specific
DDX20,6,6,6,6,multi
DHRS7,3,3,3,3,specific
DHX38,5,5,5,5,multi
DISP3,1,1,1,1,specific
DKK3,3,3,3,3,specific
DLG4,10,10,10,10,multi
DNTT,1,1,1,1,specific
DUSP9,3,3,3,3,specific
DYNLRB1,11,11,11,11,multi
ENDOG,7,7,7,7,multi
ERMN,1,1,1,1,specific
EVA1B,3,3,3,3,specific
EXTL2,4,4,4,4,specific
FAM76B,3,3,3,3,specific
FASTKD1,4,4,4,4,specific
FKBP3,7,7,7,7,multi
FOXS1,3,3,3,3,specific
FRMPD3,4,4,4,4,specific
FXYD1,4,4,4,4,specific
GABRD,2,2,2,2,specific
GDF1,3,3,3,3,specific
GMPR,4,4,4,4,specific
GNB3,4,4,4,4,specific
GOLGA4,4,4,4,4,specific
GPATCH8,2,2,2,2,specific
GPR17,3,3,3,3,specific
GPR45,3,3,3,3,specific
GPX7,1,1,1,1,specific
GRM4,1,1,1,1,specific
GUCA1B,3,3,3,3,specific
HMOX1,2,2,2,2,specific
ICE1,6,6,6,6,multi
IGF1,2,2,2,2,specific
IGF2,4,4,4,4,specific
IGIP,3,3,3,3,specific
IGSF21,3,3,3,3,specific
IQSEC3,2,2,2,2,specific
IRAK4,2,2,2,2,specific
ITGA2,3,3,3,3,specific
ITIH2,3,3,3,3,specific
ITPKA,5,5,5,5,multi
KCNA1,1,1,1,1,specific
KCNG1,2,2,2,2,specific
KCNK3,6,6,6,6,multi
KCNN1,6,6,6,6,multi
KCNQ2,5,5,5,5,multi
KDM3A,5,5,5,5,multi
KIAA1671,4,4,4,4,specific
KIF25,5,5,5,5,multi
KIRREL3,2,2,2,2,specific
KLHDC9,5,5,5,5,multi
KLHL4,3,3,3,3,specific
KLRD1,2,2,2,2,specific
LCA5,4,4,4,4,specific
LRRC46,3,3,3,3,specific
LRRC4B,7,7,7,7,multi
LRRC63,1,1,1,1,specific
LYPLA2,8,8,8,8,multi
MAG,4,4,4,4,specific
MAN2B2,5,5,5,5,multi
MAPK4,3,3,3,3,specific
MAPRE3,2,2,2,2,specific
MIF4GD,5,5,5,5,multi
MIR219A2,2,2,2,2,specific
MOSPD2,4,4,4,4,specific
MYBL1,3,3,3,3,specific
MYL7,3,3,3,3,specific
MYLK2,1,1,1,1,specific
N4BP3,3,3,3,3,specific
NAT9,5,5,5,5,multi
NEIL2,4,4,4,4,specific
NEK6,4,4,4,4,specific
NFIX,5,5,5,5,multi
NKAPL,2,2,2,2,specific
NKD1,2,2,2,2,specific
NKIRAS2,7,7,7,7,multi
NME2,6,6,6,6,multi
NRM,9,9,9,9,multi
NTSR2,2,2,2,2,specific
OLIG2,2,2,2,2,specific
OXLD1,8,8,8,8,multi
PAX6,1,1,1,1,specific
PBXIP1,5,5,5,5,multi
PCF11,4,4,4,4,specific
PEG3,5,5,5,5,multi
PERP,2,2,2,2,specific
PHKA2,2,2,2,2,specific
PLD1,1,1,1,1,specific
PPP2R2B,5,5,5,5,multi
PROB1,3,3,3,3,specific
PRPF39,6,6,6,6,multi
PRPF8,11,11,11,11,multi
PSMB4,4,4,4,4,specific
PSTPIP1,3,3,3,3,specific
PTDSS2,7,7,7,7,multi
PUM2,3,3,3,3,specific
RAB11FIP5,5,5,5,5,multi
RABGAP1,9,9,9,9,multi
RBM39,4,4,4,4,specific
RELT,3,3,3,3,specific
RNF10,7,7,7,7,multi
RNF138,7,7,7,7,multi
RRAD,6,6,6,6,multi
RTBDN,2,2,2,2,specific
RWDD4,2,2,2,2,specific
S100A1,3,3,3,3,specific
S1PR5,2,2,2,2,specific
SALL1,5,5,5,5,multi
SAMD14,4,4,4,4,specific
SAXO1,3,3,3,3,specific
SCARA3,5,5,5,5,multi
SCCPDH,5,5,5,5,multi
SDS,5,5,5,5,multi
SEZ6,4,4,4,4,specific
SGK2,3,3,3,3,specific
SHQ1,2,2,2,2,specific
SLC16A2,2,2,2,2,specific
SLC25A35,4,4,4,4,specific
SLC25A48,2,2,2,2,specific
SLC38A11,3,3,3,3,specific
SLC44A5,6,6,6,6,multi
SLC6A11,3,3,3,3,specific
SLCO1A2,3,3,3,3,specific
SLF2,5,5,5,5,multi
SLIT1,1,1,1,1,specific
SLMAP,4,4,4,4,specific
SOX10,7,7,7,7,multi
SPACA3,1,1,1,1,specific
SPEG,5,5,5,5,multi
SRCIN1,3,3,3,3,specific
SRP14,5,5,5,5,multi
ST18,1,1,1,1,specific
ST6GALNAC3,2,2,2,2,specific
STARD13,2,2,2,2,specific
STIL,3,3,3,3,specific
SYTL4,2,2,2,2,specific
TACR2,1,1,1,1,specific
TCF4,5,5,5,5,multi
TCP11L2,3,3,3,3,specific
TDRD9,2,2,2,2,specific
TMEM121,3,3,3,3,specific
TMEM151A,3,3,3,3,specific
TMEM161B,4,4,4,4,specific
TMEM179,2,2,2,2,specific
TMEM255A,2,2,2,2,specific
TMEM63C,4,4,4,4,specific
TMPRSS5,2,2,2,2,specific
TRABD2B,1,1,1,1,specific
TRAIP,2,2,2,2,specific
TRIM13,6,6,6,6,multi
TRIM36,2,2,2,2,specific
TRIT1,4,4,4,4,specific
TRPC4,2,2,2,2,specific
TRRAP,5,5,5,5,multi
TSPAN17,5,5,5,5,multi
TTBK1,3,3,3,3,specific
TTBK2,4,4,4,4,specific
TTI1,2,2,2,2,specific
USB1,7,7,7,7,multi
USH1C,1,1,1,1,specific
USP12,4,4,4,4,specific
VAMP5,6,6,6,6,multi
VAX1,2,2,2,2,specific
VRK2,2,2,2,2,specific
VWA5B2,2,2,2,2,specific
WDR11,7,6,7,7,multi
YBX1,1,1,1,1,specific
YJEFN3,5,5,5,5,multi
YPEL1,4,4,4,4,specific
ZBTB33,2,2,2,2,specific
ZBTB34,2,2,2,2,specific
ZBTB41,5,5,5,5,multi
ZNF25,6,6,6,6,multi
ZNF416,4,4,4,4,specific
ZNF44,5,5,5,5,multi
ZNF484,4,4,4,4,specific
ZNF507,3,3,3,3,specific
ZNF543,2,2,2,2,specific
ZNF558,9,9,9,9,multi
ZNF628,5,5,5,5,multi
ZNF740,2,2,2,2,specific
ZNF853,3,3,3,3,specific
ACE,3,3,3,3,specific
ADAM32,5,5,5,5,multi
ADCY9,3,3,3,3,specific
ADM5,3,3,3,3,specific
AGBL2,4,4,4,4,specific
AMH,1,1,1,1,specific
AP1S2,4,4,4,4,specific
APOL4,1,1,1,1,specific
ASPG,1,1,1,1,specific
B3GNT7,4,4,4,4,specific
BEAN1,1,1,1,1,specific
BIK,2,2,2,2,specific
BLOC1S4,3,3,3,3,specific
C10orf67,2,2,2,2,specific
C10orf82,1,1,1,1,specific
C18orf63,1,1,1,1,specific
C1orf43,3,3,3,3,specific
C7orf31,7,7,7,7,multi
CACNB3,4,4,4,4,specific
CASP6,5,5,5,5,multi
CBX6,4,4,4,4,specific
CBX8,2,2,2,2,specific
CCDC158,1,1,1,1,specific
CD180,1,1,1,1,specific
CD36,2,2,2,2,specific
CD96,1,1,1,1,specific
CDC42EP2,7,7,7,7,multi
CDH3,4,4,4,4,specific
CDH4,4,4,4,4,specific
CDK5R2,2,2,2,2,specific
CDKL3,1,1,1,1,specific
CELF4,3,3,3,3,specific
CELSR3,2,2,2,2,specific
CHRDL1,2,2,2,2,specific
CIDEB,3,3,3,3,specific
CLIC2,1,1,1,1,specific
COL21A1,2,2,2,2,specific
COMP,2,2,2,2,specific
CPLX3,2,2,2,2,specific
CUTC,2,2,2,2,specific
CYTIP,1,1,1,1,specific
DAAM2,2,2,2,2,specific
DKKL1,1,1,1,1,specific
DLL1,3,3,3,3,specific
DYTN,1,1,1,1,specific
EIF2B2,5,5,5,5,multi
EML5,3,3,3,3,specific
FAAP20,3,3,3,3,specific
FAM131B,5,5,5,5,multi
FAM136A,3,3,3,3,specific
FAM163B,2,2,2,2,specific
FANCM,6,6,6,6,multi
FLRT1,4,4,4,4,specific
FOXH1,1,1,1,1,specific
GBGT1,5,5,5,5,multi
GFRA2,2,2,2,2,specific
GPR153,2,2,2,2,specific
GPR3,1,1,1,1,specific
GRIN2D,2,2,2,2,specific
GSC,1,1,1,1,specific
HGFAC,2,1,2,2,specific
HMGN3,3,3,3,3,specific
IGLV11-55,1,1,1,1,specific
INTU,6,6,6,6,multi
JAKMIP1,3,3,3,3,specific
JPH4,5,5,5,5,multi
KCNG3,3,3,3,3,specific
KCNJ4,1,1,1,1,specific
KDM1A,2,2,2,2,specific
KISS1R,1,1,1,1,specific
KLHL30,1,1,1,1,specific
LIPA,3,3,3,3,specific
LRRC37B,4,4,4,4,specific
LRRC9,2,2,2,2,specific
LYSMD1,2,2,2,2,specific
MAGEF1,3,3,3,3,specific
MAP1LC3B2,2,2,2,2,specific
MC3R,1,1,1,1,specific
MDK,2,2,2,2,specific
MGAT5B,4,4,4,4,specific
MIA2,7,7,7,7,multi
MIR125B1,2,2,2,2,specific
MMP9,1,1,1,1,specific
MPZL3,3,3,3,3,specific
NDRG2,2,2,2,2,specific
NOG,1,1,1,1,specific
NOVA2,10,10,10,10,multi
NPHP3-ACAD11,5,5,5,5,multi
NPM3,9,9,9,9,multi
NPTX2,2,2,2,2,specific
NQO2,5,5,5,5,multi
NUP160,5,5,5,5,multi
NVL,1,1,1,1,specific
OSR2,2,2,2,2,specific
OTP,2,2,2,2,specific
PAQR9,2,2,2,2,specific
PCSK2,1,1,1,1,specific
PDE7A,6,6,6,6,multi
PDILT,3,3,3,3,specific
PECAM1,2,2,2,2,specific
PGA3,1,1,1,1,specific
PHLDA2,2,2,2,2,specific
PLEKHG5,5,5,5,5,multi
PNN,2,2,2,2,specific
PNPLA5,1,1,1,1,specific
POU5F1B,1,1,1,1,specific
PROC,2,2,2,2,specific
PSD,3,3,3,3,specific
PSMD3,8,8,8,8,multi
QDPR,2,2,2,2,specific
RAB15,2,2,2,2,specific
RAB33A,1,1,1,1,specific
RASGEF1C,3,3,3,3,specific
RP2,5,5,5,5,multi
RPUSD4,4,4,4,4,specific
RTL1,1,1,1,1,specific
RTN4RL1,2,2,2,2,specific
RXRG,5,5,5,5,multi
SARM1,3,3,3,3,specific
SH3BGRL,5,5,5,5,multi
SIKE1,2,2,2,2,specific
SLC25A27,2,2,2,2,specific
SLC25A29,7,7,7,7,multi
SLC25A52,1,1,1,1,specific
SLC29A4,2,2,2,2,specific
SMKR1,1,1,1,1,specific
SNORD96A,3,3,3,3,specific
SNTG2,1,1,1,1,specific
SOX21,1,1,1,1,specific
SPATA1,2,2,2,2,specific
SSC4D,1,1,1,1,specific
STAR,1,1,1,1,specific
STK38,3,3,3,3,specific
SUGCT,2,2,2,2,specific
SUPT20H,5,5,5,5,multi
TAF11,2,2,2,2,specific
TDRD5,3,3,3,3,specific
THAP9,7,7,7,7,multi
TMEM182,1,1,1,1,specific
TMEM215,1,1,1,1,specific
TMEM52B,1,1,1,1,specific
TMEM86A,4,4,4,4,specific
TPRG1,2,2,2,2,specific
TRMT10B,2,2,2,2,specific
TTC7B,2,2,2,2,specific
TTC8,4,4,4,4,specific
UNC13A,1,1,1,1,specific
VASH1,4,4,4,4,specific
VDAC2,6,6,6,6,multi
XRRA1,2,2,2,2,specific
ZBTB8B,1,1,1,1,specific
ZFAND2A,2,2,2,2,specific
ZFP69B,3,3,3,3,specific
ZKSCAN4,1,1,1,1,specific
ZMYM5,4,4,4,4,specific
ZNF45,2,2,2,2,specific
ZNF649,4,4,4,4,specific
ZNF75D,3,3,3,3,specific
ZNF782,7,7,7,7,multi
ZNF841,3,3,3,3,specific
ABHD2,1,1,1,1,specific
ACTR1A,2,2,2,2,specific
ADAM19,1,1,1,1,specific
ADGRV1,2,2,2,2,specific
ARGLU1,5,5,5,5,multi
ARHGEF9,2,2,2,2,specific
ART1,2,2,2,2,specific
ASB18,1,1,1,1,specific
ASTN1,4,4,4,4,specific
ATP11B,1,1,1,1,specific
ATP6V1G1,8,8,8,8,multi
BACE2,1,1,1,1,specific
BCAR3,2,2,2,2,specific
BEST3,1,1,1,1,specific
BVES,5,5,5,5,multi
C14orf39,2,2,2,2,specific
C1orf53,1,1,1,1,specific
C2orf42,1,1,1,1,specific
C8orf76,3,3,3,3,specific
CACNA1D,1,1,1,1,specific
CCDC152,1,1,1,1,specific
CCDC83,4,4,4,4,specific
CCDC85A,4,4,4,4,specific
CCDC93,2,2,2,2,specific
CCNT2,4,4,4,4,specific
CD59,5,5,5,5,multi
CDC25A,1,1,1,1,specific
CDHR1,3,3,3,3,specific
CEP120,4,4,4,4,specific
CEP85,3,3,3,3,specific
CLCA1,3,3,3,3,specific
CMC4,1,1,1,1,specific
CNIH1,4,4,4,4,specific
CNTD1,1,1,1,1,specific
COL26A1,2,2,2,2,specific
COX16,3,3,3,3,specific
CXCL14,4,4,4,4,specific
CXCR1,1,1,1,1,specific
DCTN2,6,6,6,6,multi
DNAJC15,1,1,1,1,specific
DTNA,2,2,2,2,specific
DUSP13,2,2,2,2,specific
EDEM3,4,4,4,4,specific
ELMO2,4,4,4,4,specific
EML1,4,4,4,4,specific
ENOX1,4,4,4,4,specific
ERI3,3,3,3,3,specific
ETV6,5,5,5,5,multi
EVI5,3,3,3,3,specific
FADS1,6,6,6,6,multi
FAM102B,2,2,2,2,specific
FAN1,2,2,2,2,specific
FAT2,2,2,2,2,specific
FBXO9,3,3,3,3,specific
FBXW2,3,3,3,3,specific
FRMD4A,3,3,3,3,specific
FRY,3,3,3,3,specific
FUT11,3,3,3,3,specific
GABRB2,2,2,2,2,specific
GDPD1,5,5,5,5,multi
GJC3,1,1,1,1,specific
GLCE,2,2,2,2,specific
GMNN,2,2,2,2,specific
GNAI1,3,3,3,3,specific
HELZ,4,4,4,4,specific
HHATL,2,2,2,2,specific
HINT1,1,1,1,1,specific
HMCN1,2,2,2,2,specific
HOGA1,1,1,1,1,specific
HSBP1L1,2,2,2,2,specific
HSCB,3,3,3,3,specific
HSPB3,1,1,1,1,specific
IGSF10,6,6,6,6,multi
IL23A,2,2,2,2,specific
IL6R,4,4,4,4,specific
KAT7,5,5,5,5,multi
KCNA7,1,1,1,1,specific
KLB,3,3,3,3,specific
KLHL15,4,4,4,4,specific
KLHL9,5,5,5,5,multi
KRT10,3,3,3,3,specific
LGALS1,4,4,4,4,specific
LGALSL,6,6,6,6,multi
LGR4,4,4,4,4,specific
LRRFIP2,4,4,4,4,specific
MAMLD1,5,5,5,5,multi
MAP6D1,2,2,2,2,specific
MCM9,2,2,2,2,specific
MDP1,2,2,2,2,specific
MED11,4,4,4,4,specific
MEF2C,4,4,4,4,specific
MFAP3,4,4,4,4,specific
MS4A7,3,3,3,3,specific
MSI2,3,3,3,3,specific
MSRB3,5,5,5,5,multi
MYBPH,3,3,3,3,specific
MYL4,1,1,1,1,specific
NAP1L5,3,3,3,3,specific
NDUFA6,3,3,3,3,specific
NDUFC1,3,3,3,3,specific
NFIB,3,3,3,3,specific
NFKBIE,4,4,4,4,specific
NLRC4,1,1,1,1,specific
NPNT,5,5,5,5,multi
NR3C1,4,4,4,4,specific
NR5A2,6,6,6,6,multi
NTF4,3,3,3,3,specific
NTN4,1,1,1,1,specific
OLFM1,2,2,2,2,specific
ORMDL2,5,5,5,5,multi
OSTC,3,3,3,3,specific
PALLD,2,2,2,2,specific
PAQR3,2,2,2,2,specific
PDE6D,5,5,5,5,multi
PDZRN3,3,3,3,3,specific
PEA15,1,1,1,1,specific
PELI1,3,3,3,3,specific
PGAP1,4,4,4,4,specific
PGM2L1,1,1,1,1,specific
PHF10,5,5,5,5,multi
PIGF,2,2,2,2,specific
PIK3C2A,6,6,6,6,multi
PKIB,1,1,1,1,specific
PKP4,1,1,1,1,specific
PLA2G12A,1,1,1,1,specific
PLCE1,1,1,1,1,specific
PMEPA1,4,4,4,4,specific
PNPLA3,2,2,2,2,specific
POLR1C,8,8,8,8,multi
PPP1R27,2,2,2,2,specific
PPP3CA,3,3,3,3,specific
PTGIS,3,3,3,3,specific
PTPRZ1,3,3,3,3,specific
QRICH2,2,2,2,2,specific
RAB6A,5,5,5,5,multi
RABGAP1L,2,2,2,2,specific
RAD21,4,4,4,4,specific
RAPGEF4,5,5,5,5,multi
RAPH1,3,3,3,3,specific
RAPSN,2,2,2,2,specific
RASL11B,2,2,2,2,specific
RASSF8,2,2,2,2,specific
RBX1,5,5,5,5,multi
REPS2,4,4,4,4,specific
RHOBTB1,2,2,2,2,specific
RLIM,5,5,5,5,multi
RNF150,5,5,5,5,multi
RNF165,2,2,2,2,specific
RNF169,4,4,4,4,specific
RPL31,4,4,4,4,specific
RPS6KL1,1,1,1,1,specific
RPS7,1,1,1,1,specific
RSPH3,3,3,3,3,specific
RSPO3,3,3,3,3,specific
RUNDC3B,4,4,4,4,specific
SAMD12,1,1,1,1,specific
SEMA3A,3,3,3,3,specific
SEMA3C,8,8,8,8,multi
SEZ6L,1,1,1,1,specific
SGCD,2,2,2,2,specific
SH3KBP1,2,2,2,2,specific
SLC15A4,5,5,5,5,multi
SLC17A5,2,2,2,2,specific
SLC26A2,3,3,3,3,specific
SLC36A2,1,1,1,1,specific
SLC38A4,3,3,3,3,specific
SLC8A1,2,2,2,2,specific
SLC9A2,1,1,1,1,specific
SMPX,2,2,2,2,specific
SNORA73,2,2,2,2,specific
SNORD107,2,2,2,2,specific
SNTB2,5,5,5,5,multi
SOCS5,5,5,5,5,multi
SP4,3,3,3,3,specific
SPACA5B,3,3,3,3,specific
SPAST,2,2,2,2,specific
SRSF3,1,1,1,1,specific
SS18L2,2,2,2,2,specific
ST6GAL1,1,1,1,1,specific
STX17,3,3,3,3,specific
TATDN3,2,2,2,2,specific
TBC1D1,3,3,3,3,specific
TENM4,3,3,3,3,specific
TET1,4,4,4,4,specific
TFPT,5,5,5,5,multi
TMEM244,1,1,1,1,specific
TMEM262,4,4,4,4,specific
TMEM30A,2,2,2,2,specific
TNKS2,3,3,3,3,specific
TNNI3K,1,1,1,1,specific
TRIM55,4,4,4,4,specific
TSHR,4,4,4,4,specific
TSPAN31,3,3,3,3,specific
TTC39C,2,2,2,2,specific
TUBGCP3,2,2,2,2,specific
TXNDC17,1,1,1,1,specific
UBE2G2,1,1,1,1,specific
UEVLD,3,3,3,3,specific
USP41,4,4,4,4,specific
UXT,3,3,3,3,specific
VAMP8,4,4,4,4,specific
WARS2,3,3,3,3,specific
XIAP,4,4,4,4,specific
XK,6,6,6,6,multi
ZBTB38,2,2,2,2,specific
ZBTB5,4,4,4,4,specific
ZDHHC17,4,4,4,4,specific
ZFYVE9,4,4,4,4,specific
ZNF239,3,3,3,3,specific
ZNF354B,5,5,5,5,multi
ZNF438,2,2,2,2,specific
ZNF514,2,2,2,2,specific
ZNF564,7,7,7,7,multi
ZNF608,3,3,3,3,specific
ZNF764,3,2,3,3,specific
ZYG11B,4,4,4,4,specific
AAR2,5,5,5,5,multi
AASDH,7,7,7,7,multi
ABCG4,3,3,3,3,specific
ACTA1,2,2,2,2,specific
ACTN3,3,3,3,3,specific
ACTR3B,1,1,1,1,specific
ADGRG2,3,3,3,3,specific
ADIPOQ,3,3,3,3,specific
ADTRP,1,1,1,1,specific
AFF4,4,4,4,4,specific
AKIRIN2,3,3,3,3,specific
ANAPC5,3,3,3,3,specific
ANGEL2,5,5,5,5,multi
ANO1,2,2,2,2,specific
APOBR,3,3,3,3,specific
AR,2,2,2,2,specific
ARFGEF3,4,4,4,4,specific
ARHGAP20,3,3,3,3,specific
ARHGAP31,3,3,3,3,specific
ARHGEF7,5,5,5,5,multi
ARRDC3,3,3,3,3,specific
ASB10,1,1,1,1,specific
ASB13,1,1,1,1,specific
ASH1L,4,4,4,4,specific
ATAD2,5,5,5,5,multi
ATAT1,1,1,1,1,specific
ATF2,3,3,3,3,specific
ATP1A2,1,1,1,1,specific
ATP6V1A,4,4,4,4,specific
BAG2,3,3,3,3,specific
BPIFC,1,1,1,1,specific
BTBD19,3,3,3,3,specific
BTF3L4,2,2,2,2,specific
C1QTNF6,3,3,3,3,specific
C4orf54,1,1,1,1,specific
CACNA1S,1,1,1,1,specific
CACNG1,1,1,1,1,specific
CAPG,7,7,7,7,multi
CAPRIN2,2,2,2,2,specific
CBX1,3,3,3,3,specific
CCDC122,2,2,2,2,specific
CCDC30,2,2,2,2,specific
CCNT1,2,2,2,2,specific
CD247,1,1,1,1,specific
CD38,2,2,2,2,specific
CDH15,1,1,1,1,specific
CDH5,5,5,5,5,multi
CENPO,1,1,1,1,specific
CEP85L,2,2,2,2,specific
CFAP221,2,2,2,2,specific
CFAP69,1,1,1,1,specific
COQ10A,4,4,4,4,specific
COX4I1,1,1,1,1,specific
CPD,2,2,2,2,specific
CPNE2,4,4,4,4,specific
CREBBP,2,2,2,2,specific
CTF1,3,3,3,3,specific
CTNNA3,1,1,1,1,specific
CXCR6,1,1,1,1,specific
DACH1,2,2,2,2,specific
DAPK2,3,3,3,3,specific
DBT,4,4,4,4,specific
DCAF16,3,3,3,3,specific
DCLK3,2,2,2,2,specific
DDIT4L,3,3,3,3,specific
DECR1,2,2,2,2,specific
DENND3,10,10,10,10,multi
DKK2,3,3,3,3,specific
DLC1,1,1,1,1,specific
DYRK1A,3,3,3,3,specific
DYRK2,2,2,2,2,specific
EARS2,2,2,2,2,specific
EBF3,2,2,2,2,specific
EEF1B2,1,1,1,1,specific
EFNB2,3,3,3,3,specific
ELMO1,2,2,2,2,specific
EPDR1,1,1,1,1,specific
EPHA7,2,2,2,2,specific
ERMAP,1,1,1,1,specific
ESAM,4,4,4,4,specific
ETFBKMT,1,1,1,1,specific
EVA1A,4,4,4,4,specific
EXD1,2,2,2,2,specific
FAM111A,3,3,3,3,specific
FAM118A,3,3,3,3,specific
FAM222A,2,2,2,2,specific
FAM222B,4,4,4,4,specific
FANK1,5,5,5,5,multi
FARS2,2,2,2,2,specific
FITM2,2,2,2,2,specific
FOXD3,1,1,1,1,specific
FRAS1,2,2,2,2,specific
FTHL17,3,3,3,3,specific
FXYD5,4,4,4,4,specific
GABBR1,2,2,2,2,specific
GADD45A,4,4,4,4,specific
GAN,2,2,2,2,specific
GBF1,3,3,3,3,specific
GFPT1,3,3,3,3,specific
GFRA1,2,2,2,2,specific
GIT2,2,2,2,2,specific
GPAM,2,2,2,2,specific
GPR157,2,2,2,2,specific
GRAMD1C,1,1,1,1,specific
HERC1,1,1,1,1,specific
HK2,3,3,3,3,specific
HLA-DPB1,1,1,1,1,specific
HLA-DRB1,1,1,1,1,specific
HLA-F,4,4,4,4,specific
HMGXB3,4,4,4,4,specific
HOXA9,2,2,2,2,specific
HOXC11,1,1,1,1,specific
IFNGR2,1,1,1,1,specific
INTS7,2,2,2,2,specific
IRAK3,4,4,4,4,specific
IRGQ,2,2,2,2,specific
ITGAL,2,2,2,2,specific
ITGB6,1,1,1,1,specific
KCNIP4,2,2,2,2,specific
KCNMB2,2,2,2,2,specific
KIAA1191,1,1,1,1,specific
KLHDC1,4,4,4,4,specific
KLHL33,1,1,1,1,specific
KMT2E,3,3,3,3,specific
KY,2,2,2,2,specific
LAPTM5,2,2,2,2,specific
LARS2,3,3,3,3,specific
LBX1,1,1,1,1,specific
LIN52,1,1,1,1,specific
LMO1,4,4,4,4,specific
LMOD2,1,1,1,1,specific
LMOD3,1,1,1,1,specific
LRP6,4,4,4,4,specific
LRRC30,1,1,1,1,specific
LSM6,3,3,3,3,specific
MAT2B,3,3,3,3,specific
MBLAC2,2,2,2,2,specific
MFSD9,2,2,2,2,specific
MGAT2,1,1,1,1,specific
MMRN2,4,4,4,4,specific
MOB4,6,6,6,6,multi
MRPS23,4,4,4,4,specific
MSH2,4,4,4,4,specific
MT-CO3,1,1,1,1,specific
MTERF4,1,1,1,1,specific
MYBPC2,3,3,3,3,specific
MYH11,2,2,2,2,specific
MYO10,3,3,3,3,specific
MYOG,1,1,1,1,specific
MYOZ2,1,1,1,1,specific
NAPG,3,3,3,3,specific
NBR1,1,1,1,1,specific
NCBP3,2,2,2,2,specific
NCOR1,3,3,3,3,specific
NDNF,1,1,1,1,specific
NFKBIZ,3,3,3,3,specific
NFS1,2,2,2,2,specific
NHLRC2,4,4,4,4,specific
NKAIN2,2,2,2,2,specific
NKIRAS1,3,3,3,3,specific
NRDE2,6,6,6,6,multi
NUFIP2,4,4,4,4,specific
OSBPL10,2,2,2,2,specific
OXCT1,1,1,1,1,specific
PAIP2B,2,2,2,2,specific
PDGFB,3,3,3,3,specific
PDGFRA,2,2,2,2,specific
PEX11G,2,2,2,2,specific
PGAM1,3,3,3,3,specific
PHF13,6,6,6,6,multi
PLAAT1,2,2,2,2,specific
PLPPR5,1,1,1,1,specific
PNPLA8,7,7,7,7,multi
PODXL,3,3,3,3,specific
POLR1A,3,3,3,3,specific
PRDM11,4,4,4,4,specific
PRDM8,4,4,4,4,specific
PRKAG3,1,1,1,1,specific
PRPH,2,2,2,2,specific
PRR13,2,2,2,2,specific
PRSS36,3,3,3,3,specific
PTCH1,3,3,3,3,specific
PTDSS1,1,1,1,1,specific
PTPN7,2,2,2,2,specific
PTPRG,1,1,1,1,specific
RAB23,4,4,4,4,specific
RAB3GAP2,3,3,3,3,specific
RALGAPA2,2,2,2,2,specific
RAP2C,3,3,3,3,specific
RARA,5,5,5,5,multi
RFTN2,6,6,6,6,multi
RIMBP2,5,5,5,5,multi
RIPK3,2,2,2,2,specific
RNF2,4,4,4,4,specific
RPL5,3,3,3,3,specific
RPRD2,4,4,4,4,specific
RTN3,1,1,1,1,specific
RUFY1,3,3,3,3,specific
SAMD5,3,3,3,3,specific
SARAF,1,1,1,1,specific
SCAF4,3,3,3,3,specific
SCN3A,4,4,4,4,specific
SEL1L,6,6,6,6,multi
SETDB2,3,3,3,3,specific
SH2D1B,1,1,1,1,specific
SH3RF3,2,2,2,2,specific
SHISA2,2,2,2,2,specific
SHROOM4,2,2,2,2,specific
SIX2,1,1,1,1,specific
SLC25A20,1,1,1,1,specific
SLC25A45,5,5,5,5,multi
SLC26A4,2,2,2,2,specific
SMARCA2,4,4,4,4,specific
SMG8,4,4,4,4,specific
SNAP91,1,1,1,1,specific
SNORD97,1,1,1,1,specific
SNRNP48,2,2,2,2,specific
SNX25,4,4,4,4,specific
SPTY2D1,1,1,1,1,specific
SRSF10,1,1,1,1,specific
STARD9,2,2,2,2,specific
STC1,3,3,3,3,specific
STX1B,2,2,2,2,specific
SYF2,2,2,2,2,specific
SYNE1,3,3,3,3,specific
SYNJ1,2,2,2,2,specific
TANGO6,3,3,3,3,specific
TBX15,1,1,1,1,specific
TECPR2,3,3,3,3,specific
TEK,2,2,2,2,specific
TENM3,2,2,2,2,specific
TEX22,8,8,8,8,multi
TEX30,2,2,2,2,specific
THADA,1,1,1,1,specific
TICAM2,1,1,1,1,specific
TMED3,1,1,1,1,specific
TMEM132B,1,1,1,1,specific
TMEM187,5,5,5,5,multi
TMEM201,4,4,4,4,specific
TMEM233,1,1,1,1,specific
TMEM263,5,5,5,5,multi
TNNC2,1,1,1,1,specific
TNRC6B,2,2,2,2,specific
TOMM34,4,4,4,4,specific
TRIML2,1,1,1,1,specific
TRPS1,1,1,1,1,specific
TTI2,5,5,5,5,multi
TTPAL,1,1,1,1,specific
UBE4B,1,1,1,1,specific
UCP3,1,1,1,1,specific
URB1,3,3,3,3,specific
USP31,2,2,2,2,specific
USP37,2,2,2,2,specific
UTP11,4,4,4,4,specific
UTP14C,2,2,2,2,specific
UTP3,4,4,4,4,specific
UTRN,5,5,5,5,multi
VAV3,6,6,6,6,multi
VCPIP1,4,4,4,4,specific
WDR55,4,4,4,4,specific
WDR61,3,3,3,3,specific
WIPI1,3,3,3,3,specific
WIPI2,5,5,5,5,multi
WNK1,2,2,2,2,specific
XRN1,6,6,6,6,multi
YAP1,1,1,1,1,specific
YIPF4,4,4,4,4,specific
YTHDF1,6,6,6,6,multi
ZDHHC2,3,3,3,3,specific
ZDHHC3,6,6,6,6,multi
ZFPM2,1,1,1,1,specific
ZKSCAN1,4,4,4,4,specific
ZMYND15,3,3,3,3,specific
ZNF528,4,4,4,4,specific
ZNF532,3,3,3,3,specific
ZNF770,3,3,3,3,specific
ZNRF3,6,6,6,6,multi
ZWINT,1,1,1,1,specific
ABCA12,2,2,2,2,specific
ADGRA1,2,2,2,2,specific
ADGRF4,1,1,1,1,specific
APOBEC3H,2,2,2,2,specific
AQP3,1,1,1,1,specific
ARMCX4,3,3,3,3,specific
ASRGL1,1,1,1,1,specific
ATG7,3,3,3,3,specific
ATL1,3,3,3,3,specific
C4orf17,1,1,1,1,specific
C4orf19,1,1,1,1,specific
C6orf52,1,1,1,1,specific
C8B,1,1,1,1,specific
CCDC181,2,2,2,2,specific
CD44,1,1,1,1,specific
CD7,1,1,1,1,specific
CDADC1,6,5,6,6,multi
CLK1,3,3,3,3,specific
DCAF13,1,1,1,1,specific
DCAF17,2,2,2,2,specific
DDN,4,4,4,4,specific
DNAH11,1,1,1,1,specific
DYNLT1,4,4,4,4,specific
EIF4A2,3,3,3,3,specific
ENC1,4,4,4,4,specific
ENSA,1,1,1,1,specific
EXT1,2,2,2,2,specific
FOXA1,1,1,1,1,specific
GAREM1,1,1,1,1,specific
GLB1L3,1,1,1,1,specific
GSTO2,1,1,1,1,specific
HAUS3,7,7,7,7,multi
IMPG2,2,2,2,2,specific
INHA,2,2,2,2,specific
KCTD5,1,1,1,1,specific
LYSMD2,3,3,3,3,specific
MAB21L3,1,1,1,1,specific
MAP3K9,3,3,3,3,specific
MARS2,4,4,4,4,specific
MIR214,2,2,2,2,specific
MMGT1,1,1,1,1,specific
MRGBP,1,1,1,1,specific
MSN,2,2,2,2,specific
NDUFA10,3,3,3,3,specific
NELL1,1,1,1,1,specific
NUDT13,2,2,2,2,specific
NXPE2,1,1,1,1,specific
OCIAD2,3,3,3,3,specific
PDSS2,2,2,2,2,specific
PHF23,5,5,5,5,multi
PLA2G4D,1,1,1,1,specific
PPFIA4,2,2,2,2,specific
PYHIN1,1,1,1,1,specific
RGS1,2,2,2,2,specific
RNF222,1,1,1,1,specific
RTN4RL2,2,2,2,2,specific
SEC14L4,1,1,1,1,specific
SERPINB13,1,1,1,1,specific
SNORA41,2,2,2,2,specific
SOSTDC1,1,1,1,1,specific
SPATA6,4,4,4,4,specific
STX19,2,2,2,2,specific
TBC1D5,4,4,4,4,specific
TGM1,4,4,4,4,specific
TMEM39A,2,2,2,2,specific
TRAV29DV5,1,1,1,1,specific
TSC22D2,1,1,1,1,specific
TTL,2,2,2,2,specific
UBAP1,4,4,4,4,specific
WDR17,3,3,3,3,specific
WDR82,4,4,4,4,specific
YARS2,1,1,1,1,specific
ZNF436,4,4,4,4,specific
ACTC1,1,1,1,1,specific
ADAMTS1,1,1,1,1,specific
ADAMTS16,2,2,2,2,specific
ADAMTS19,2,2,2,2,specific
AFP,2,2,2,2,specific
ALDOB,2,2,2,2,specific
ANGPTL5,1,1,1,1,specific
ANKRD34C,2,2,2,2,specific
AQP8,2,2,2,2,specific
ARNT2,2,2,2,2,specific
C1S,3,3,3,3,specific
CCNL1,4,4,4,4,specific
CDRT4,1,1,1,1,specific
CFAP45,1,1,1,1,specific
CHST15,4,4,4,4,specific
CLCF1,1,1,1,1,specific
CMA1,2,2,2,2,specific
CMPK2,4,4,4,4,specific
CMTM7,3,3,3,3,specific
CSRP3,1,1,1,1,specific
CTXN3,1,1,1,1,specific
CXCL10,6,6,6,6,multi
CXCL9,2,2,2,2,specific
CYB5R4,2,2,2,2,specific
CYTH3,2,2,2,2,specific
DCAF4L1,2,2,2,2,specific
DGAT2,4,4,4,4,specific
DUSP18,2,2,2,2,specific
FABP5,1,1,1,1,specific
FAM13A,2,2,2,2,specific
FAM186B,1,1,1,1,specific
FAM24A,1,1,1,1,specific
GDPD4,1,1,1,1,specific
GLIS3,2,2,2,2,specific
GLOD4,2,2,2,2,specific
GPNMB,2,2,2,2,specific
GRM1,1,1,1,1,specific
HMSD,3,3,3,3,specific
HROB,3,3,3,3,specific
HSF5,1,1,1,1,specific
ILKAP,2,2,2,2,specific
ITGB1BP2,1,1,1,1,specific
ITGBL1,1,1,1,1,specific
KMT5A,4,4,4,4,specific
KRT34,1,1,1,1,specific
MANBA,2,2,2,2,specific
MEIS1,2,2,2,2,specific
METAP1D,2,2,2,2,specific
MYPN,1,1,1,1,specific
MZT1,1,1,1,1,specific
NEK5,2,2,2,2,specific
NOM1,4,4,4,4,specific
OLFM4,2,2,2,2,specific
OTOP3,1,1,1,1,specific
OTUD1,3,3,3,3,specific
PCOLCE2,2,2,2,2,specific
PDE10A,2,2,2,2,specific
PIMREG,1,1,1,1,specific
PNP,3,3,3,3,specific
PTPRH,1,1,1,1,specific
RASGRF1,1,1,1,1,specific
RBM18,1,1,1,1,specific
REC114,1,1,1,1,specific
RFX8,1,1,1,1,specific
RGP1,3,3,3,3,specific
RGS20,2,2,2,2,specific
RNF216,4,4,4,4,specific
RUFY4,1,1,1,1,specific
RUNX2,2,2,2,2,specific
SCN11A,1,1,1,1,specific
SCRN1,1,1,1,1,specific
SFR1,3,3,3,3,specific
SFRP2,2,2,2,2,specific
SGO1,1,1,1,1,specific
SIX4,3,3,3,3,specific
SLC24A4,3,3,3,3,specific
SNORA46,3,3,3,3,specific
SPDYA,1,1,1,1,specific
ST8SIA1,1,1,1,1,specific
ST8SIA5,3,3,3,3,specific
TBC1D31,4,4,4,4,specific
TCTN3,3,3,3,3,specific
TFAP2A,1,1,1,1,specific
TFAP2D,1,1,1,1,specific
TGFBI,2,2,2,2,specific
THBS4,4,4,4,4,specific
THRSP,1,1,1,1,specific
TMEM248,3,3,3,3,specific
TNR,2,2,2,2,specific
VPS13B,3,3,3,3,specific
YLPM1,3,3,3,3,specific
hsa-mir-423,1,1,1,1,specific
ACER2,3,3,3,3,specific
ACVR1,2,2,2,2,specific
ADAT2,4,4,4,4,specific
ADGRL2,1,1,1,1,specific
ADH5,1,1,1,1,specific
ADI1,5,5,5,5,multi
AMN,4,4,4,4,specific
ANKRD42,2,2,2,2,specific
AQR,2,2,2,2,specific
AREL1,2,2,2,2,specific
ARSB,2,2,2,2,specific
ARV1,3,3,3,3,specific
ASPHD2,3,3,3,3,specific
ATE1,5,5,5,5,multi
B3GALNT2,2,2,2,2,specific
BANK1,2,2,2,2,specific
BEND3,2,2,2,2,specific
BEND6,3,3,3,3,specific
BMP5,1,1,1,1,specific
BRMS1L,4,4,4,4,specific
BTBD9,2,2,2,2,specific
BTC,1,1,1,1,specific
C16orf89,2,2,2,2,specific
C2CD6,1,1,1,1,specific
C5orf24,4,4,4,4,specific
CACNA1A,2,2,2,2,specific
CACNA1E,2,2,2,2,specific
CACNA2D3,2,2,2,2,specific
CALD1,3,3,3,3,specific
CCDC38,1,1,1,1,specific
CCDC7,4,4,4,4,specific
CDCA8,1,1,1,1,specific
CDH7,2,2,2,2,specific
CHRDL2,2,2,2,2,specific
CHSY3,3,3,3,3,specific
CLEC4E,2,2,2,2,specific
CLMP,1,1,1,1,specific
COL6A6,1,1,1,1,specific
COLGALT2,2,2,2,2,specific
CSNK1G1,1,1,1,1,specific
CTNNA1,2,2,2,2,specific
CXorf58,2,2,2,2,specific
CYP2D6,3,3,3,3,specific
CYSLTR1,4,4,4,4,specific
DCAF12L1,2,2,2,2,specific
DDX6,2,2,2,2,specific
DGKE,2,2,2,2,specific
DHRS1,5,5,5,5,multi
DHX57,4,4,4,4,specific
DMBT1,1,1,1,1,specific
DNAJC17,5,5,5,5,multi
DNAJC22,2,2,2,2,specific
DPYSL3,2,2,2,2,specific
DYNC1LI2,3,3,3,3,specific
ECM2,3,3,3,3,specific
ELP4,1,1,1,1,specific
EMILIN2,1,1,1,1,specific
ENPP2,1,1,1,1,specific
EPB41L3,2,2,2,2,specific
EPCAM,2,2,2,2,specific
EPS8,1,1,1,1,specific
ESR2,3,3,3,3,specific
EXOC8,2,2,2,2,specific
FAM171B,4,4,4,4,specific
FGD3,3,3,3,3,specific
FKBP11,2,2,2,2,specific
FLRT3,4,4,4,4,specific
FLT3,3,3,3,3,specific
FRMD5,1,1,1,1,specific
FZD4,3,3,3,3,specific
GAB3,2,2,2,2,specific
GALNTL6,1,1,1,1,specific
GAST,1,1,1,1,specific
GGCT,5,5,5,5,multi
GID4,2,2,2,2,specific
GMPR2,4,4,4,4,specific
GNAQ,4,4,4,4,specific
GOLGB1,4,4,4,4,specific
GPR156,2,2,2,2,specific
GPR65,2,2,2,2,specific
GPRC5A,3,3,3,3,specific
GREM1,2,2,2,2,specific
GRIN2A,1,1,1,1,specific
GSTO1,2,2,2,2,specific
HAL,3,3,3,3,specific
HECW2,1,1,1,1,specific
HESX1,1,1,1,1,specific
HMGCLL1,3,3,3,3,specific
HPSE2,2,2,2,2,specific
IFT80,4,4,4,4,specific
IL1RAPL1,1,1,1,1,specific
IL20RA,1,1,1,1,specific
IL22RA1,2,2,2,2,specific
INTS4,1,1,1,1,specific
ITLN1,2,2,2,2,specific
JAZF1,2,2,2,2,specific
KBTBD6,1,1,1,1,specific
KERA,1,1,1,1,specific
KMO,2,2,2,2,specific
LAMA4,4,4,4,4,specific
LEMD3,2,2,2,2,specific
LGALS12,1,1,1,1,specific
LGR5,3,3,3,3,specific
LPL,2,2,2,2,specific
LRFN5,3,3,3,3,specific
LYST,2,2,2,2,specific
MAN1A2,3,3,3,3,specific
MAP4,1,1,1,1,specific
MCM3,2,2,2,2,specific
MCUR1,2,2,2,2,specific
MFSD1,3,3,3,3,specific
MGA,5,5,5,5,multi
MGST3,5,5,5,5,multi
MILR1,2,1,2,2,specific
MME,2,2,2,2,specific
MMS22L,3,3,3,3,specific
MSL2,1,1,1,1,specific
MTR,3,3,3,3,specific
MYCBP2,3,3,3,3,specific
MYCBPAP,1,1,1,1,specific
MYO1B,2,2,2,2,specific
NAV1,6,6,6,6,multi
NEK7,4,4,4,4,specific
NMS,2,2,2,2,specific
NPY2R,1,1,1,1,specific
NSUN6,3,3,3,3,specific
OLFML1,1,1,1,1,specific
OXGR1,2,2,2,2,specific
P2RY1,4,4,4,4,specific
PDHB,1,1,1,1,specific
PHAX,4,4,4,4,specific
PHKA1,4,4,4,4,specific
PLA1A,1,1,1,1,specific
PLAAT2,7,7,7,7,multi
PLEK,2,2,2,2,specific
PNMA3,2,2,2,2,specific
POLR2G,3,3,3,3,specific
PPARG,1,1,1,1,specific
PPWD1,6,6,6,6,multi
PRKD3,3,3,3,3,specific
PRPF4,2,2,2,2,specific
PTGER3,2,2,2,2,specific
PTGR2,2,2,2,2,specific
PTPN9,3,3,3,3,specific
PTPRQ,1,1,1,1,specific
RAI14,1,1,1,1,specific
RASGRF2,1,1,1,1,specific
RBMS3,1,1,1,1,specific
RGCC,2,2,2,2,specific
RHAG,1,1,1,1,specific
RIIAD1,2,2,2,2,specific
RNPC3,3,3,3,3,specific
RPRD1A,3,3,3,3,specific
RTTN,1,1,1,1,specific
SAP18,4,4,4,4,specific
SETX,3,3,3,3,specific
SF3B3,2,2,2,2,specific
SFRP1,2,2,2,2,specific
SLAIN1,2,2,2,2,specific
SLC16A11,2,2,2,2,specific
SLC16A14,2,2,2,2,specific
SLC2A13,3,3,3,3,specific
SLC30A4,3,3,3,3,specific
SLC4A11,2,2,2,2,specific
SLCO5A1,1,1,1,1,specific
SMAD4,2,2,2,2,specific
SMPDL3A,5,5,5,5,multi
SNORA69,1,1,1,1,specific
SNX19,3,3,3,3,specific
SOAT1,3,3,3,3,specific
SPARC,2,2,2,2,specific
SPATA22,1,1,1,1,specific
SRGAP1,2,2,2,2,specific
SRR,2,2,2,2,specific
SRSF11,3,3,3,3,specific
STRADB,3,3,3,3,specific
STYX,2,2,2,2,specific
SUPT7L,3,3,3,3,specific
TADA1,1,1,1,1,specific
TAX1BP1,5,5,5,5,multi
TBX19,3,3,3,3,specific
TFPI2,1,1,1,1,specific
TLR2,2,2,2,2,specific
TMEM168,5,5,5,5,multi
TMEM67,3,3,3,3,specific
TMPRSS2,1,1,1,1,specific
TNFSF4,1,1,1,1,specific
TNFSF8,2,2,2,2,specific
TP53BP1,1,1,1,1,specific
TRHDE,2,2,2,2,specific
TRMT12,1,1,1,1,specific
TTC19,2,2,2,2,specific
TTC39A,1,1,1,1,specific
TWSG1,3,3,3,3,specific
UBQLN1,2,2,2,2,specific
UBXN2A,3,3,3,3,specific
UNC5C,1,1,1,1,specific
UTP20,4,4,4,4,specific
VNN1,1,1,1,1,specific
WFIKKN2,2,2,2,2,specific
WSCD2,3,3,3,3,specific
XPNPEP3,4,4,4,4,specific
XPR1,3,3,3,3,specific
ZBTB21,4,4,4,4,specific
ZC3H12B,5,5,5,5,multi
ZC3H12C,3,3,3,3,specific
ZC3H14,2,2,2,2,specific
ZFP90,2,2,2,2,specific
ZFP92,5,5,5,5,multi
ZNF124,2,2,2,2,specific
ZNF268,6,6,6,6,multi
ZNF33A,2,2,2,2,specific
ZNF460,1,1,1,1,specific
ZNF652,1,1,1,1,specific
ZNF69,3,3,3,3,specific
ZNF804A,3,3,3,3,specific
ZNF813,4,4,4,4,specific
ATPAF2,4,4,4,4,specific
C1orf167,1,1,1,1,specific
C1orf94,3,3,3,3,specific
C9orf131,1,1,1,1,specific
CA13,2,2,2,2,specific
CACNG6,1,1,1,1,specific
CAPN3,3,3,3,3,specific
CD3D,1,1,1,1,specific
CIAPIN1,4,4,4,4,specific
CUEDC1,5,5,5,5,multi
CYP26B1,1,1,1,1,specific
DACT3,3,3,3,3,specific
DIDO1,2,2,2,2,specific
DNAJC11,3,3,3,3,specific
DQX1,1,1,1,1,specific
FAM78B,2,2,2,2,specific
FETUB,1,1,1,1,specific
FMNL3,2,2,2,2,specific
HGH1,2,2,2,2,specific
KDM4A,4,4,4,4,specific
KDM4D,2,2,2,2,specific
LCA5L,2,2,2,2,specific
LCP2,1,1,1,1,specific
NCAPD2,3,3,3,3,specific
NEDD9,3,3,3,3,specific
NFIA,3,3,3,3,specific
NNMT,2,2,2,2,specific
PCDH17,3,3,3,3,specific
PFKFB4,5,5,5,5,multi
PXDN,3,3,3,3,specific
RAD51B,3,3,3,3,specific
RIMS3,2,2,2,2,specific
RNF185,1,1,1,1,specific
RPL7L1,1,1,1,1,specific
SEMA3D,2,2,2,2,specific
SETD6,2,2,2,2,specific
SLC17A9,2,2,2,2,specific
SNX11,3,3,3,3,specific
TG,1,1,1,1,specific
TRPM5,1,1,1,1,specific
TRPV6,1,1,1,1,specific
TSEN2,2,2,2,2,specific
VIP,1,1,1,1,specific
VSIG2,1,1,1,1,specific
A1CF,1,1,1,1,specific
ACTG1,1,1,1,1,specific
ALDH1A3,1,1,1,1,specific
APOBEC2,1,1,1,1,specific
AQP7,1,1,1,1,specific
ASB3,2,2,2,2,specific
ASNS,1,1,1,1,specific
BCAT1,1,1,1,1,specific
C10orf90,1,1,1,1,specific
C5orf58,2,2,2,2,specific
CA8,2,2,2,2,specific
CASP7,2,2,2,2,specific
CASR,2,2,2,2,specific
CEP95,3,3,3,3,specific
CFTR,1,1,1,1,specific
CGN,3,3,3,3,specific
CHRNA3,3,3,3,3,specific
CRIP3,1,1,1,1,specific
DEFB1,1,1,1,1,specific
DIS3L,1,1,1,1,specific
DNAAF5,2,2,2,2,specific
EDN1,1,1,1,1,specific
EFEMP1,3,3,3,3,specific
ESYT1,3,3,3,3,specific
FANCI,3,3,3,3,specific
FHIT,3,3,3,3,specific
FUT10,1,1,1,1,specific
GLDN,2,2,2,2,specific
IKBKE,1,1,1,1,specific
INPP5A,2,2,2,2,specific
KLC1,2,2,2,2,specific
KLHL7,3,3,3,3,specific
MAOB,2,2,2,2,specific
MMP10,1,1,1,1,specific
MMP19,1,1,1,1,specific
MOK,3,3,3,3,specific
NHS,3,3,3,3,specific
NRP1,1,1,1,1,specific
NT5C3B,1,1,1,1,specific
NXPH3,4,4,4,4,specific
PIEZO2,3,3,3,3,specific
RAF1,2,2,2,2,specific
RBM7,5,5,5,5,multi
RBP7,1,1,1,1,specific
RERG,3,3,3,3,specific
RFC1,4,4,4,4,specific
RGS2,2,2,2,2,specific
RGS4,1,1,1,1,specific
RN7SL818P,1,1,1,1,specific
RUNX1T1,1,1,1,1,specific
SACM1L,2,2,2,2,specific
SCARNA20,1,1,1,1,specific
SDC2,3,3,3,3,specific
SHF,7,7,7,7,multi
SNORA51,3,3,3,3,specific
SNORA62,4,4,4,4,specific
SOCS6,2,2,2,2,specific
SORD,3,3,3,3,specific
TAL2,3,3,3,3,specific
TBX10,3,3,3,3,specific
TMEM254,1,1,1,1,specific
TRH,3,3,3,3,specific
TRIM23,3,3,3,3,specific
TSPAN3,1,1,1,1,specific
TSPYL5,1,1,1,1,specific
ZNF682,5,5,5,5,multi
ADAMTS14,2,2,2,2,specific
BTG4,4,4,4,4,specific
C17orf50,1,1,1,1,specific
C17orf64,1,1,1,1,specific
DEFB136,1,1,1,1,specific
DSN1,1,1,1,1,specific
GUF1,4,4,4,4,specific
HELB,3,3,3,3,specific
KCNE5,2,2,2,2,specific
KLHL3,1,1,1,1,specific
MBD3L1,1,1,1,1,specific
MRPS33,2,2,2,2,specific
OR6B3,1,1,1,1,specific
RBM26,6,6,6,6,multi
RPS8,1,1,1,1,specific
SNORD15B,1,1,1,1,specific
SNORD63,2,2,2,2,specific
SPEM1,3,3,3,3,specific
STON1-GTF2A1L,1,1,1,1,specific
TNN,2,2,2,2,specific
TRIM67,1,1,1,1,specific
TRPM8,4,4,4,4,specific
UBAP1L,2,2,2,2,specific
ZNF501,4,4,4,4,specific
ABR,4,4,4,4,specific
APBA1,2,2,2,2,specific
ASB4,1,1,1,1,specific
BDH2,1,1,1,1,specific
CDH9,1,1,1,1,specific
CEACAM7,1,1,1,1,specific
COL19A1,1,1,1,1,specific
CTXN1,1,1,1,1,specific
DKK1,2,2,2,2,specific
EDNRA,5,5,5,5,multi
EFCAB11,2,2,2,2,specific
FBXO47,1,1,1,1,specific
FBXW10,1,1,1,1,specific
FGFBP1,1,1,1,1,specific
GBA3,1,1,1,1,specific
GCH1,1,1,1,1,specific
HTR7,3,3,3,3,specific
IFIH1,1,1,1,1,specific
IGLV5-52,1,1,1,1,specific
INSM2,1,1,1,1,specific
KCMF1,2,2,2,2,specific
KCNC4,3,3,3,3,specific
KIF26A,1,1,1,1,specific
LRRC66,2,2,2,2,specific
MIR153-1,1,1,1,1,specific
PAGE1,1,1,1,1,specific
PF4V1,1,1,1,1,specific
RHOJ,2,2,2,2,specific
RNA5SP194,1,1,1,1,specific
SERPINA4,1,1,1,1,specific
SNORD87,3,3,3,3,specific
SUGP2,2,2,2,2,specific
SYNGAP1,5,5,5,5,multi
TRIB1,2,2,2,2,specific
UBXN10,3,3,3,3,specific
WNT6,1,1,1,1,specific
ZNF701,6,6,6,6,multi
ABCB10,3,3,3,3,specific
ABCC6,1,1,1,1,specific
ARL6IP1,1,1,1,1,specific
ATL2,2,2,2,2,specific
ATP5MF-PTCD1,5,5,5,5,multi
BAAT,1,1,1,1,specific
BCAS2,4,4,4,4,specific
BCO2,2,2,2,2,specific
BIN2,1,1,1,1,specific
C16orf46,2,2,2,2,specific
C2orf73,3,3,3,3,specific
CCDC66,4,4,4,4,specific
CD200,1,1,1,1,specific
CHRNA10,1,1,1,1,specific
CINP,2,2,2,2,specific
CLHC1,2,2,2,2,specific
COL20A1,1,1,1,1,specific
COL4A3,3,3,3,3,specific
CRBN,1,1,1,1,specific
CTRB2,2,2,2,2,specific
CWC25,3,3,3,3,specific
CYBB,1,1,1,1,specific
DCP2,3,3,3,3,specific
DLL3,1,1,1,1,specific
DMTF1,5,5,5,5,multi
DNAJB14,2,2,2,2,specific
DYRK4,4,4,4,4,specific
EVC,3,3,3,3,specific
EZR,2,2,2,2,specific
FAM178B,2,2,2,2,specific
FAM221A,2,2,2,2,specific
FBN2,1,1,1,1,specific
FKBP6,1,1,1,1,specific
FNDC3B,4,4,4,4,specific
GDF5,2,2,2,2,specific
GDF9,3,3,3,3,specific
GKAP1,3,3,3,3,specific
GLB1,2,2,2,2,specific
GLI3,1,1,1,1,specific
GPR171,2,2,2,2,specific
GPR62,1,1,1,1,specific
GZMK,1,1,1,1,specific
HIBCH,3,3,3,3,specific
HOOK1,2,2,2,2,specific
IFI30,2,2,2,2,specific
IGDCC3,1,1,1,1,specific
IL10RA,1,1,1,1,specific
IRX1,2,2,2,2,specific
ITIH1,2,2,2,2,specific
JAKMIP2,4,4,4,4,specific
KIAA0100,6,6,6,6,multi
LCN12,6,6,6,6,multi
LHFPL1,1,1,1,1,specific
LUC7L3,4,4,4,4,specific
MAN1C1,3,3,3,3,specific
MED18,2,2,2,2,specific
MMD2,2,2,2,2,specific
NACAD,5,5,5,5,multi
NANOS3,2,2,2,2,specific
NCAN,3,3,3,3,specific
NDFIP1,2,2,2,2,specific
NDST3,1,1,1,1,specific
NKRF,1,1,1,1,specific
NOD1,5,5,5,5,multi
NPAS4,1,1,1,1,specific
NT5C1A,1,1,1,1,specific
OLAH,2,2,2,2,specific
OPRK1,2,2,2,2,specific
OSBP2,3,3,3,3,specific
PDCD11,3,3,3,3,specific
PIFO,1,1,1,1,specific
PIGP,1,1,1,1,specific
PIK3CA,3,3,3,3,specific
PKNOX1,2,2,2,2,specific
PLA2G3,1,1,1,1,specific
PLAG1,2,2,2,2,specific
PLEKHG2,1,1,1,1,specific
PLEKHO1,6,6,6,6,multi
PLLP,2,2,2,2,specific
PLPPR4,2,1,2,2,specific
PRRG3,3,3,3,3,specific
PRRT3,5,5,5,5,multi
PTGFR,4,4,4,4,specific
RAB39B,2,2,2,2,specific
RAD51AP2,2,2,2,2,specific
RBP1,3,3,3,3,specific
RDH12,1,1,1,1,specific
RNF181,4,4,4,4,specific
ROM1,3,3,3,3,specific
RTKN,5,5,5,5,multi
SARDH,1,1,1,1,specific
SCG2,1,1,1,1,specific
SCN3B,4,4,4,4,specific
SERTM1,1,1,1,1,specific
SH3GL2,2,2,2,2,specific
SH3PXD2B,4,4,4,4,specific
SHISA3,2,2,2,2,specific
SLC30A10,1,1,1,1,specific
SLC35A1,3,3,3,3,specific
SLC7A3,1,1,1,1,specific
SLC8A3,1,1,1,1,specific
SOX15,3,3,3,3,specific
SSBP4,6,6,6,6,multi
SSMEM1,1,1,1,1,specific
STMN4,1,1,1,1,specific
SYT6,1,1,1,1,specific
TCEAL1,4,4,4,4,specific
TIMP2,3,3,3,3,specific
TM6SF2,2,2,2,2,specific
TMEM196,1,1,1,1,specific
TMEM200A,2,2,2,2,specific
TMEM225B,1,1,1,1,specific
TNC,1,1,1,1,specific
TNIP3,4,4,4,4,specific
TRHR,2,2,2,2,specific
TUBD1,2,2,2,2,specific
WDR47,6,6,6,6,multi
WSCD1,2,2,2,2,specific
ZIC2,2,2,2,2,specific
ZNF536,3,3,3,3,specific
ZNF540,2,2,2,2,specific
ZNF547,1,1,1,1,specific
C20orf85,1,1,1,1,specific
C3orf14,2,2,2,2,specific
CHRNA6,1,1,1,1,specific
DNMBP,3,3,3,3,specific
ERFL,1,1,1,1,specific
FILIP1,2,2,2,2,specific
KHDRBS3,2,2,2,2,specific
NMUR2,1,1,1,1,specific
PDLIM1,3,3,3,3,specific
PKLR,1,1,1,1,specific
PRDM10,4,4,4,4,specific
RSBN1,3,3,3,3,specific
SAMD4A,1,1,1,1,specific
SYNM,3,3,3,3,specific
TRPM3,2,2,2,2,specific
ZNF648,1,1,1,1,specific
ADCY2,2,2,2,2,specific
ADCYAP1R1,2,2,2,2,specific
AFF3,1,1,1,1,specific
ALK,1,1,1,1,specific
ARC,1,1,1,1,specific
ARHGEF26,2,2,2,2,specific
ASIC4,1,1,1,1,specific
ATP7B,2,2,2,2,specific
BATF3,1,1,1,1,specific
BEST1,1,1,1,1,specific
BOLA3,3,3,3,3,specific
BRD3,5,5,5,5,multi
BRINP3,2,2,2,2,specific
C12orf73,2,2,2,2,specific
C1QL2,2,2,2,2,specific
CACNA1C,1,1,1,1,specific
CACNA1G,1,1,1,1,specific
CACNA1I,2,2,2,2,specific
CAMK1G,2,2,2,2,specific
CAMK2A,2,2,2,2,specific
CARMIL3,3,3,3,3,specific
CBLN1,3,3,3,3,specific
CCDC59,2,2,2,2,specific
CCK,1,1,1,1,specific
CCL26,1,1,1,1,specific
CD5L,1,1,1,1,specific
CDCP1,2,2,2,2,specific
CDK5RAP2,2,2,2,2,specific
CHD5,2,2,2,2,specific
CHST6,2,2,2,2,specific
CLEC2L,3,3,3,3,specific
CLK4,1,1,1,1,specific
CLPS,2,2,2,2,specific
CNIH2,4,4,4,4,specific
CNTNAP1,3,3,3,3,specific
CRYBB1,2,2,2,2,specific
CSF1R,2,2,2,2,specific
CTSH,4,4,4,4,specific
DBNDD1,2,2,2,2,specific
DBX2,2,2,2,2,specific
DSG1,1,1,1,1,specific
DUSP22,1,1,1,1,specific
DYNLRB2,2,2,2,2,specific
ECE2,1,1,1,1,specific
ELAVL3,3,3,3,3,specific
FAM181B,2,2,2,2,specific
FBXO41,2,2,2,2,specific
FGD1,4,4,4,4,specific
FOXD2,1,1,1,1,specific
FOXG1,1,1,1,1,specific
FOXP3,1,1,1,1,specific
GJB5,2,2,2,2,specific
GPR22,2,2,2,2,specific
HEPACAM,2,2,2,2,specific
HPCAL4,1,1,1,1,specific
HUWE1,4,4,4,4,specific
ICAM5,2,2,2,2,specific
IFT43,1,1,1,1,specific
IGFBPL1,3,3,3,3,specific
IGSF22,3,3,3,3,specific
IPO9,5,5,5,5,multi
IQCB1,2,2,2,2,specific
ISLR2,2,2,2,2,specific
JPH3,1,1,1,1,specific
KCNK12,1,1,1,1,specific
KIF21B,2,2,2,2,specific
KRT17,1,1,1,1,specific
KRT32,1,1,1,1,specific
LCOR,3,3,3,3,specific
LCORL,1,1,1,1,specific
LRRC53,1,1,1,1,specific
MAP1A,1,1,1,1,specific
MAPK15,2,2,2,2,specific
MAPKAPK2,4,4,4,4,specific
MATK,3,3,3,3,specific
MBTPS2,3,3,3,3,specific
MDFI,2,2,2,2,specific
MEIS2,2,2,2,2,specific
MEOX2,1,1,1,1,specific
MMP17,3,3,3,3,specific
MRPS22,1,1,1,1,specific
MSANTD1,2,2,2,2,specific
MTA2,2,2,2,2,specific
MYL12A,3,3,3,3,specific
MYO9B,3,3,3,3,specific
MYT1,2,2,2,2,specific
NAA60,2,2,2,2,specific
NAV2,2,2,2,2,specific
NCF2,2,2,2,2,specific
NCOA6,4,4,4,4,specific
NECAB2,2,2,2,2,specific
NEUROD1,1,1,1,1,specific
NEUROD2,1,1,1,1,specific
NKAIN4,2,2,2,2,specific
NLGN3,1,1,1,1,specific
NPTXR,3,3,3,3,specific
NTN5,1,1,1,1,specific
NTRK3,3,3,3,3,specific
NUB1,1,1,1,1,specific
PAQR6,1,1,1,1,specific
PCDH15,3,3,3,3,specific
PDE6B,2,2,2,2,specific
PIGZ,3,3,3,3,specific
PIK3R5,2,2,2,2,specific
PLK2,5,5,5,5,multi
PPIE,2,2,2,2,specific
PRIMA1,2,2,2,2,specific
PROP1,1,1,1,1,specific
PTGIR,1,1,1,1,specific
PTPN5,2,2,2,2,specific
RALYL,2,2,2,2,specific
RBFOX3,1,1,1,1,specific
RIMS4,1,1,1,1,specific
RSPH10B,2,2,2,2,specific
SEC14L5,1,1,1,1,specific
SLC12A5,1,1,1,1,specific
SLC17A6,2,2,2,2,specific
SLC39A7,4,4,4,4,specific
SLIT2,1,1,1,1,specific
SLITRK5,2,2,2,2,specific
SNORA25,2,2,2,2,specific
SPN,1,1,1,1,specific
SPOCD1,1,1,1,1,specific
SREBF2,1,1,1,1,specific
SRRM3,1,1,1,1,specific
SYT12,7,7,7,7,multi
TATDN1,2,2,2,2,specific
TDRD1,1,1,1,1,specific
TFEC,2,2,2,2,specific
TFR2,3,3,3,3,specific
TIMM22,1,1,1,1,specific
TRNP1,1,1,1,1,specific
TSPAN9,2,2,2,2,specific
TSTD1,3,3,3,3,specific
TTC9B,3,3,3,3,specific
USP35,3,3,3,3,specific
VSTM2L,3,3,3,3,specific
WDR93,2,2,2,2,specific
WNT7A,2,2,2,2,specific
YOD1,1,1,1,1,specific
ZDHHC22,2,2,2,2,specific
ZNF236,3,3,3,3,specific
ZNF423,1,1,1,1,specific
ZNF773,3,3,3,3,specific
ZNF865,5,5,5,5,multi
ADAM22,1,1,1,1,specific
ADAMTS2,4,4,4,4,specific
ALPK1,1,1,1,1,specific
APOO,4,4,4,4,specific
ARHGAP17,2,2,2,2,specific
BSPRY,1,1,1,1,specific
CD163,3,3,3,3,specific
CD84,3,3,3,3,specific
CDK15,1,1,1,1,specific
CDS2,3,3,3,3,specific
CFAP58,3,3,3,3,specific
CHST9,3,3,3,3,specific
CNTNAP4,2,2,2,2,specific
CS,1,1,1,1,specific
DLST,2,2,2,2,specific
EPSTI1,2,2,2,2,specific
FPR3,1,1,1,1,specific
GIPC3,1,1,1,1,specific
GOLM1,1,1,1,1,specific
IGLV10-54,1,1,1,1,specific
IRX5,1,1,1,1,specific
ITGA9,5,5,5,5,multi
KLF8,2,2,2,2,specific
LANCL2,3,3,3,3,specific
LOXL3,2,2,2,2,specific
MATN4,3,3,3,3,specific
MRS2,3,3,3,3,specific
MS4A6E,5,5,5,5,multi
MSL3,3,3,3,3,specific
NRBF2,1,1,1,1,specific
OCA2,1,1,1,1,specific
PABIR3,1,1,1,1,specific
PCDHB6,2,2,2,2,specific
PLAGL1,4,4,4,4,specific
PMEL,1,1,1,1,specific
PRKACA,1,1,1,1,specific
RSPO1,1,1,1,1,specific
SDHAF2,2,2,2,2,specific
SH3BP4,1,1,1,1,specific
SLC47A2,1,1,1,1,specific
SNORD62A,1,1,1,1,specific
SNX22,1,1,1,1,specific
SPATA45,2,2,2,2,specific
SRMS,2,2,2,2,specific
STOX2,3,3,3,3,specific
SYT16,1,1,1,1,specific
TBXA2R,1,1,1,1,specific
TRPC6,3,3,3,3,specific
TSPAN10,1,1,1,1,specific
ULBP3,1,1,1,1,specific
UQCRC2,1,1,1,1,specific
WDR77,2,2,2,2,specific
ZGLP1,1,1,1,1,specific
ACSBG2,1,1,1,1,specific
ALG6,4,4,4,4,specific
ARL15,2,2,2,2,specific
BMP8B,2,2,2,2,specific
CASC3,2,2,2,2,specific
CCDC87,1,1,1,1,specific
COL2A1,1,1,1,1,specific
CRABP2,2,2,2,2,specific
EP400,1,1,1,1,specific
FZD2,4,4,4,4,specific
GATA3,2,2,2,2,specific
GATAD2B,4,4,4,4,specific
GATB,1,1,1,1,specific
GCSH,1,1,1,1,specific
GFI1B,1,1,1,1,specific
GTF2H5,3,3,3,3,specific
HOXD3,1,1,1,1,specific
INPP4A,3,3,3,3,specific
KRT15,1,1,1,1,specific
LRRTM2,2,2,2,2,specific
MAP2K1,2,2,2,2,specific
MFAP2,3,3,3,3,specific
MIR29C,1,1,1,1,specific
MTHFD2L,2,2,2,2,specific
NGRN,4,4,4,4,specific
NUP188,2,2,2,2,specific
ORM1,1,1,1,1,specific
PI15,2,2,2,2,specific
POFUT1,4,4,4,4,specific
PRRT4,1,1,1,1,specific
PRRX2,1,1,1,1,specific
RGS17,2,2,2,2,specific
RUBCN,5,5,5,5,multi
SERPINB11,1,1,1,1,specific
SLX1B,2,2,2,2,specific
SMC1A,1,1,1,1,specific
SNORA68,1,1,1,1,specific
SPATA13,5,5,5,5,multi
SPHK1,3,3,3,3,specific
SRP19,2,2,2,2,specific
SYDE1,3,3,3,3,specific
TAF4,2,2,2,2,specific
TCTN1,2,2,2,2,specific
TMEM106A,2,2,2,2,specific
TRIM39,2,2,2,2,specific
TRIM56,2,2,2,2,specific
TULP3,3,3,3,3,specific
ADAMTS3,3,3,3,3,specific
AMER2,3,3,3,3,specific
ATXN7L3,1,1,1,1,specific
B3GALT1,1,1,1,1,specific
BFAR,1,1,1,1,specific
BRIP1,1,1,1,1,specific
C1orf194,2,2,2,2,specific
CACNA2D4,3,3,3,3,specific
CALB2,2,2,2,2,specific
CCDC18,2,2,2,2,specific
CDC14A,1,1,1,1,specific
CDH2,1,1,1,1,specific
CFAP43,1,1,1,1,specific
CHP2,1,1,1,1,specific
CHTOP,2,2,2,2,specific
CLP1,1,1,1,1,specific
COMMD3-BMI1,4,4,4,4,specific
CPE,3,3,3,3,specific
CRABP1,1,1,1,1,specific
CTNND2,1,1,1,1,specific
CYTH1,1,1,1,1,specific
DACT2,2,2,2,2,specific
DDO,1,1,1,1,specific
DHTKD1,1,1,1,1,specific
DZANK1,1,1,1,1,specific
ECHDC3,3,3,3,3,specific
ELK3,1,1,1,1,specific
ELOVL5,1,1,1,1,specific
ETFRF1,2,2,2,2,specific
EVA1C,2,2,2,2,specific
FAM110A,2,2,2,2,specific
GKN2,1,1,1,1,specific
GLDC,1,1,1,1,specific
GNG4,2,2,2,2,specific
GRIA3,2,2,2,2,specific
HACD2,3,3,3,3,specific
HAVCR1,1,1,1,1,specific
HES5,1,1,1,1,specific
HRH3,2,2,2,2,specific
HSD17B11,1,1,1,1,specific
IGFBP3,1,1,1,1,specific
KCNK2,2,2,2,2,specific
KHDRBS2,2,2,2,2,specific
KLK8,1,1,1,1,specific
KRT78,1,1,1,1,specific
KRTCAP3,1,1,1,1,specific
MIR6812,2,2,2,2,specific
MSANTD2,1,1,1,1,specific
NACA,1,1,1,1,specific
NDUFS5,4,4,4,4,specific
NECAB3,5,5,5,5,multi
NECAP1,1,1,1,1,specific
NEFM,3,3,3,3,specific
NFE2,1,1,1,1,specific
NKX2-1,2,2,2,2,specific
NKX3-1,1,1,1,1,specific
NRAP,1,1,1,1,specific
NTAN1,3,3,3,3,specific
NUP93,3,2,3,3,specific
OPRL1,4,4,4,4,specific
P4HA3,2,2,2,2,specific
PAAF1,1,1,1,1,specific
PABPC3,1,1,1,1,specific
PAX3,1,1,1,1,specific
PIANP,2,2,2,2,specific
PLIN1,2,2,2,2,specific
PMFBP1,2,2,2,2,specific
PSMA8,1,1,1,1,specific
RAC1,2,2,2,2,specific
RNASE10,1,1,1,1,specific
RPRD1B,3,3,3,3,specific
SCAPER,3,3,3,3,specific
SCML2,1,1,1,1,specific
SDHB,2,2,2,2,specific
SEC61A1,2,2,2,2,specific
SEC62,2,2,2,2,specific
SLC9A6,3,3,3,3,specific
SNCB,1,1,1,1,specific
SNTG1,2,2,2,2,specific
SPAG5,2,2,2,2,specific
SRXN1,1,1,1,1,specific
SVIP,2,2,2,2,specific
SYNDIG1,4,4,4,4,specific
SYNDIG1L,2,2,2,2,specific
TAF7L,1,1,1,1,specific
TBC1D22B,2,2,2,2,specific
TBC1D32,2,2,2,2,specific
THG1L,4,4,4,4,specific
TICRR,1,1,1,1,specific
TRERF1,2,2,2,2,specific
TRIM64C,1,1,1,1,specific
TSPYL2,3,3,3,3,specific
TTC26,1,1,1,1,specific
UACA,4,4,4,4,specific
UIMC1,2,2,2,2,specific
UPF2,3,3,3,3,specific
USP6NL,2,2,2,2,specific
ZC2HC1A,4,4,4,4,specific
ZNF346,2,2,2,2,specific
ABHD17B,1,1,1,1,specific
ACTL6B,2,2,2,2,specific
ADCK1,3,3,3,3,specific
AGPAT4,4,4,4,4,specific
ALAS2,1,1,1,1,specific
ANKRD26,2,2,2,2,specific
APOBEC3G,2,2,2,2,specific
APOC4-APOC2,1,1,1,1,specific
AQP5,3,3,3,3,specific
ATCAY,1,1,1,1,specific
ATP8B2,2,2,2,2,specific
BBS10,1,1,1,1,specific
BDP1,2,2,2,2,specific
BMP3,1,1,1,1,specific
BORCS5,2,2,2,2,specific
BTF3,1,1,1,1,specific
C21orf91,2,2,2,2,specific
C9orf24,1,1,1,1,specific
CAPN5,1,1,1,1,specific
CENPQ,2,2,2,2,specific
CFH,2,2,2,2,specific
CHRM2,2,2,2,2,specific
CIAO1,2,2,2,2,specific
CNTN5,1,1,1,1,specific
CREB1,3,3,3,3,specific
CYB561D2,3,3,3,3,specific
CYP2S1,1,1,1,1,specific
DENND2A,2,2,2,2,specific
DLK2,2,2,2,2,specific
DUSP14,1,1,1,1,specific
DZIP1,4,4,4,4,specific
ENKUR,2,2,2,2,specific
ENO2,1,1,1,1,specific
EOMES,2,2,2,2,specific
EPHA6,3,3,3,3,specific
FANCB,1,1,1,1,specific
FEZF2,1,1,1,1,specific
GABRA3,1,1,1,1,specific
GABRE,1,1,1,1,specific
GABRG1,4,4,4,4,specific
GDAP1L1,1,1,1,1,specific
GRAP2,1,1,1,1,specific
HCST,1,1,1,1,specific
HTR2C,2,2,2,2,specific
KCNF1,3,3,3,3,specific
KCNK4,1,1,1,1,specific
KCNS2,1,1,1,1,specific
KITLG,2,2,2,2,specific
KLHL41,1,1,1,1,specific
KLK5,2,2,2,2,specific
LHX5,1,1,1,1,specific
LPAR6,3,3,3,3,specific
LRFN2,2,2,2,2,specific
LRRD1,1,1,1,1,specific
LRRTM1,3,3,3,3,specific
LRTM2,2,2,2,2,specific
LY6H,1,1,1,1,specific
MAGEH1,3,3,3,3,specific
MAN2A1,2,2,2,2,specific
MANSC1,2,2,2,2,specific
MAP7D3,2,2,2,2,specific
MCAT,3,3,3,3,specific
MFNG,3,3,3,3,specific
MMP16,3,3,3,3,specific
MPO,1,1,1,1,specific
MS4A2,2,2,2,2,specific
MYH6,1,1,1,1,specific
NECTIN3,2,2,2,2,specific
NOTO,1,1,1,1,specific
NPFF,1,1,1,1,specific
NPPA,2,2,2,2,specific
NT5E,2,2,2,2,specific
OAS1,1,1,1,1,specific
OMG,2,2,2,2,specific
OTOF,1,1,1,1,specific
P2RY12,1,1,1,1,specific
PAH,1,1,1,1,specific
PENK,1,1,1,1,specific
PEX12,2,2,2,2,specific
PHF24,2,2,2,2,specific
PHYHIPL,1,1,1,1,specific
PPFIBP1,2,2,2,2,specific
PRCD,1,1,1,1,specific
PRMT6,2,2,2,2,specific
PTGES3,2,2,2,2,specific
PTPRN2,1,1,1,1,specific
PURG,1,1,1,1,specific
PWWP2A,2,2,2,2,specific
RAC2,1,1,1,1,specific
RPRM,1,1,1,1,specific
RUBCNL,1,1,1,1,specific
SERPINB7,1,1,1,1,specific
SEZ6L2,3,3,3,3,specific
SGCE,2,2,2,2,specific
SHBG,2,2,2,2,specific
SIRPB2,1,1,1,1,specific
SLC22A4,2,2,2,2,specific
SLC25A21,1,1,1,1,specific
SLC39A12,2,2,2,2,specific
SLIT3,4,4,4,4,specific
SNORA63,1,1,1,1,specific
SPTLC2,2,2,2,2,specific
TEX15,1,1,1,1,specific
TMEM145,1,1,1,1,specific
TRAF3IP2,3,3,3,3,specific
TREH,1,1,1,1,specific
TXNDC12,1,1,1,1,specific
UGT8,2,2,2,2,specific
UNG,3,3,3,3,specific
USH1G,1,1,1,1,specific
WDR38,1,1,1,1,specific
ZFHX3,2,2,2,2,specific
ADARB1,2,2,2,2,specific
ADCY10,2,2,2,2,specific
AK7,2,2,2,2,specific
AMIGO2,1,1,1,1,specific
AMOT,3,3,3,3,specific
ARL9,1,1,1,1,specific
ASB14,1,1,1,1,specific
ATP6V0D2,1,1,1,1,specific
ATP8A2,1,1,1,1,specific
BDNF,1,1,1,1,specific
C1QL3,1,1,1,1,specific
CACNB2,3,3,3,3,specific
CARTPT,1,1,1,1,specific
CDC42SE1,2,2,2,2,specific
CELF6,2,2,2,2,specific
CENPJ,4,4,4,4,specific
CHEK2,2,2,2,2,specific
CHRNB3,1,1,1,1,specific
COL5A2,1,1,1,1,specific
CYP27B1,2,2,2,2,specific
DCDC2C,1,1,1,1,specific
DCUN1D3,2,2,2,2,specific
DGUOK,2,2,2,2,specific
DNAAF1,1,1,1,1,specific
DPYSL2,3,3,3,3,specific
FAM184A,4,4,4,4,specific
FANCD2,1,1,1,1,specific
FAR2,1,1,1,1,specific
FRMPD1,2,2,2,2,specific
GAD1,1,1,1,1,specific
GALM,1,1,1,1,specific
GDPD3,2,2,2,2,specific
GPX8,1,1,1,1,specific
GRIN2B,1,1,1,1,specific
HCN1,1,1,1,1,specific
HDDC2,3,3,3,3,specific
HHIP,1,1,1,1,specific
HTRA1,1,1,1,1,specific
IMPG1,1,1,1,1,specific
ISL1,1,1,1,1,specific
ITGB1BP1,3,2,3,3,specific
JAGN1,1,1,1,1,specific
KCNC2,1,1,1,1,specific
LEAP2,1,1,1,1,specific
LGMN,2,2,2,2,specific
LHX9,1,1,1,1,specific
LRRC36,1,1,1,1,specific
LRRC4C,1,1,1,1,specific
MACF1,3,3,3,3,specific
MAEL,2,2,2,2,specific
MAGI2,1,1,1,1,specific
MDFIC,2,2,2,2,specific
MGARP,1,1,1,1,specific
MIR708,1,1,1,1,specific
NAAA,1,1,1,1,specific
NAT1,1,1,1,1,specific
NDST4,1,1,1,1,specific
OCM2,1,1,1,1,specific
OR2B11,1,1,1,1,specific
OSCP1,1,1,1,1,specific
OTX2,2,2,2,2,specific
P2RX3,2,2,2,2,specific
PABPC1,2,2,2,2,specific
PEX5L,1,1,1,1,specific
PIP4K2A,1,1,1,1,specific
PPEF2,1,1,1,1,specific
PPM1D,2,2,2,2,specific
PPP1R1C,1,1,1,1,specific
PTGR1,1,1,1,1,specific
PTPRT,2,2,2,2,specific
PYGL,2,2,2,2,specific
RBM22,2,2,2,2,specific
RBMS2,1,1,1,1,specific
SCN1A,1,1,1,1,specific
SDC4,1,1,1,1,specific
SLITRK1,2,2,2,2,specific
SNX10,2,2,2,2,specific
SNX29,1,1,1,1,specific
STK24,1,1,1,1,specific
SVOPL,1,1,1,1,specific
SYT1,2,2,2,2,specific
SYT4,1,1,1,1,specific
TFG,1,1,1,1,specific
TRPC7,1,1,1,1,specific
TRPM1,1,1,1,1,specific
USP2,1,1,1,1,specific
VAPB,2,2,2,2,specific
VASH2,2,2,2,2,specific
VDAC3,3,3,3,3,specific
ZDHHC15,1,1,1,1,specific
ZMAT4,1,1,1,1,specific
ZNF217,1,1,1,1,specific
ZNF385B,1,1,1,1,specific
ZNF462,5,5,5,5,multi
ARL6IP6,1,1,1,1,specific
ARPC5L,1,1,1,1,specific
ATG5,3,3,3,3,specific
ATP5PB,1,1,1,1,specific
AXDND1,1,1,1,1,specific
BEX4,1,1,1,1,specific
C22orf31,1,1,1,1,specific
C4orf45,1,1,1,1,specific
CHEK1,2,2,2,2,specific
CRH,2,2,2,2,specific
EXD2,2,2,2,2,specific
FAM133A,3,3,3,3,specific
IL12B,1,1,1,1,specific
JOSD1,2,2,2,2,specific
KLHL20,2,2,2,2,specific
LMO3,2,2,2,2,specific
LRRIQ1,1,1,1,1,specific
LYZL4,1,1,1,1,specific
PRELID3A,2,2,2,2,specific
RELB,2,2,2,2,specific
SCARNA16,1,1,1,1,specific
SIX6,1,1,1,1,specific
SLC22A15,1,1,1,1,specific
SLC5A7,1,1,1,1,specific
SMIM18,1,1,1,1,specific
SSBP1,1,1,1,1,specific
SYNC,2,2,2,2,specific
TCTN2,1,1,1,1,specific
TDRKH,2,2,2,2,specific
ACRBP,1,1,1,1,specific
ADAM28,1,1,1,1,specific
ADGRG3,1,1,1,1,specific
AIDA,1,1,1,1,specific
ATP13A5,1,1,1,1,specific
BCAS1,1,1,1,1,specific
C10orf99,1,1,1,1,specific
C1orf87,2,2,2,2,specific
CACNG2,1,1,1,1,specific
CCRL2,1,1,1,1,specific
CD2,1,1,1,1,specific
CD48,1,1,1,1,specific
CLNK,1,1,1,1,specific
DDX47,1,1,1,1,specific
DHH,1,1,1,1,specific
FAT3,1,1,1,1,specific
FCGR1B,2,2,2,2,specific
FCGR2A,1,1,1,1,specific
GIPR,2,2,2,2,specific
IDO1,1,1,1,1,specific
IKZF3,1,1,1,1,specific
METTL1,2,2,2,2,specific
MOGAT2,2,2,2,2,specific
MST1,3,3,3,3,specific
PRDM6,1,1,1,1,specific
RAD18,1,1,1,1,specific
RET,1,1,1,1,specific
RPS13,1,1,1,1,specific
RSPO4,1,1,1,1,specific
SETBP1,2,2,2,2,specific
SH2D1A,1,1,1,1,specific
SLAMF7,1,1,1,1,specific
SLAMF8,1,1,1,1,specific
SNORD19B,1,1,1,1,specific
SP140,1,1,1,1,specific
SPACA6,2,2,2,2,specific
TBX21,2,2,2,2,specific
THBS2,2,2,2,2,specific
TSG101,3,3,3,3,specific
WDR5B,1,1,1,1,specific
ZCCHC9,4,4,4,4,specific
ZNF226,2,2,2,2,specific
ZNF445,2,2,2,2,specific
ZNF774,1,1,1,1,specific
C1orf185,1,1,1,1,specific
FAM217A,1,1,1,1,specific
FHL5,1,1,1,1,specific
KCTD6,2,2,2,2,specific
NDP,1,1,1,1,specific
NMU,1,1,1,1,specific
NR0B2,1,1,1,1,specific
REG1A,1,1,1,1,specific
SLC10A2,1,1,1,1,specific
TTC9,3,3,3,3,specific
ZNF567,3,3,3,3,specific
ANKDD1A,1,1,1,1,specific
ASAP1,1,1,1,1,specific
CALCR,1,1,1,1,specific
CBR4,1,1,1,1,specific
CRACR2A,1,1,1,1,specific
CTNNA2,1,1,1,1,specific
HTR6,1,1,1,1,specific
HTRA4,2,2,2,2,specific
IGKC,1,1,1,1,specific
IL17RD,1,1,1,1,specific
MIR675,2,2,2,2,specific
MIR761,1,1,1,1,specific
NTRK2,1,1,1,1,specific
RASGRP1,1,1,1,1,specific
SCGB1D2,1,1,1,1,specific
SNORA8,1,1,1,1,specific
ADGB,1,1,1,1,specific
BNC1,1,1,1,1,specific
CD274,1,1,1,1,specific
CD3G,1,1,1,1,specific
CHI3L1,1,1,1,1,specific
DAW1,1,1,1,1,specific
IL10,2,2,2,2,specific
IL17REL,1,1,1,1,specific
LRRC74A,1,1,1,1,specific
MC4R,1,1,1,1,specific
OXER1,2,2,2,2,specific
PID1,1,1,1,1,specific
PLSCR1,3,3,3,3,specific
RRP36,1,1,1,1,specific
SERPINF2,1,1,1,1,specific
SLITRK2,1,1,1,1,specific
TRBV25-1,1,1,1,1,specific
ALOX5AP,1,1,1,1,specific
ATP5PO,2,2,2,2,specific
ATRNL1,2,2,2,2,specific
AVL9,4,4,4,4,specific
AVPR1A,4,4,4,4,specific
B4GALT6,1,1,1,1,specific
BGLAP,2,2,2,2,specific
BORCS6,2,2,2,2,specific
C8orf88,1,1,1,1,specific
CD52,1,1,1,1,specific
CDKL5,2,2,2,2,specific
CENPV,3,3,3,3,specific
CSPP1,1,1,1,1,specific
DHRS7C,1,1,1,1,specific
DNAJC18,1,1,1,1,specific
DPY19L3,2,2,2,2,specific
ERCC4,2,2,2,2,specific
ERICH3,2,2,2,2,specific
ETV1,1,1,1,1,specific
FAM168B,1,1,1,1,specific
FBXL2,2,2,2,2,specific
FYN,3,3,3,3,specific
GAS2L3,1,1,1,1,specific
GCC2,3,3,3,3,specific
GMFG,1,1,1,1,specific
GUCY1A2,2,2,2,2,specific
IRAK1BP1,3,3,3,3,specific
KBTBD7,2,2,2,2,specific
KIAA0586,1,1,1,1,specific
KIDINS220,3,3,3,3,specific
LILRA1,1,1,1,1,specific
LRRC58,3,3,3,3,specific
LTBP1,3,3,3,3,specific
MBNL1,3,3,3,3,specific
MBNL2,1,1,1,1,specific
MBNL3,1,1,1,1,specific
MGAT4C,3,3,3,3,specific
NLGN1,1,1,1,1,specific
PAK3,3,3,3,3,specific
PCGF5,1,1,1,1,specific
PDE3A,2,2,2,2,specific
PHLPP2,1,1,1,1,specific
POGLUT1,2,2,2,2,specific
PREX2,2,2,2,2,specific
PTAR1,2,2,2,2,specific
PTPN4,2,2,2,2,specific
REST,2,2,2,2,specific
RGS6,1,1,1,1,specific
RGS8,1,1,1,1,specific
RNF180,1,1,1,1,specific
SAV1,2,2,2,2,specific
SCN8A,1,1,1,1,specific
SELP,3,3,3,3,specific
SENP5,1,1,1,1,specific
SGIP1,2,2,2,2,specific
SGPP1,1,1,1,1,specific
SLC25A43,1,1,1,1,specific
SLC2A3,2,2,2,2,specific
SLC35A5,3,3,3,3,specific
SLC39A10,1,1,1,1,specific
SNORD19,1,1,1,1,specific
SNORD22,1,1,1,1,specific
SOX12,1,1,1,1,specific
STEAP2,3,3,3,3,specific
TAF15,1,1,1,1,specific
TASP1,1,1,1,1,specific
TCEAL8,2,2,2,2,specific
TCF21,1,1,1,1,specific
TMEM150C,2,2,2,2,specific
TMEM47,1,1,1,1,specific
TMX4,4,4,4,4,specific
TRIM6,1,1,1,1,specific
UBE4A,3,3,3,3,specific
UBN2,2,2,2,2,specific
UPF3A,4,4,4,4,specific
ZBTB26,1,1,1,1,specific
ZNF280B,2,2,2,2,specific
ZNF407,1,1,1,1,specific
ZNF570,1,1,1,1,specific
ANKUB1,1,1,1,1,specific
ARSD,3,3,3,3,specific
C1orf141,1,1,1,1,specific
C2CD5,3,3,3,3,specific
CAMKV,1,1,1,1,specific
CFAP161,1,1,1,1,specific
CMYA5,2,2,2,2,specific
DIP2C,2,2,2,2,specific
DUSP12,3,3,3,3,specific
EFCAB10,1,1,1,1,specific
FOXC1,2,2,2,2,specific
HNRNPUL2-BSCL2,4,4,4,4,specific
MAP3K8,3,3,3,3,specific
MPP1,1,1,1,1,specific
PCDH18,1,1,1,1,specific
PXK,1,1,1,1,specific
RFX4,1,1,1,1,specific
SALL3,1,1,1,1,specific
SCIMP,2,1,2,2,specific
SLC9B1,2,2,2,2,specific
TAF3,2,2,2,2,specific
TEX26,1,1,1,1,specific
TFAP2C,1,1,1,1,specific
TIFA,1,1,1,1,specific
TMEM95,1,1,1,1,specific
TSHZ3,3,3,3,3,specific
TSPAN18,1,1,1,1,specific
TSSK2,1,1,1,1,specific
TTR,1,1,1,1,specific
UPF3B,2,2,2,2,specific
YBX2,1,1,1,1,specific
ZNF454,1,1,1,1,specific
ZNF670,2,2,2,2,specific
ADGRE2,2,2,2,2,specific
ASB9,1,1,1,1,specific
BACE1,2,2,2,2,specific
CBLB,1,1,1,1,specific
CEBPZOS,1,1,1,1,specific
CELF1,3,3,3,3,specific
CHD8,2,2,2,2,specific
CLEC12B,1,1,1,1,specific
COL6A3,1,1,1,1,specific
CRMP1,1,1,1,1,specific
CSMD3,1,1,1,1,specific
CXCL16,1,1,1,1,specific
CYP3A43,1,1,1,1,specific
DMRT1,1,1,1,1,specific
DOCK8,1,1,1,1,specific
DRAXIN,1,1,1,1,specific
EBF1,1,1,1,1,specific
EID2,1,1,1,1,specific
ELF4,1,1,1,1,specific
EPG5,2,2,2,2,specific
ERC1,2,2,2,2,specific
FAM110B,2,2,2,2,specific
FAM177B,1,1,1,1,specific
FAT1,1,1,1,1,specific
FKBP9,3,3,3,3,specific
FLNB,2,2,2,2,specific
FNDC7,1,1,1,1,specific
FRRS1L,2,2,2,2,specific
GABRA4,1,1,1,1,specific
GLCCI1,1,1,1,1,specific
GLYR1,3,3,3,3,specific
GMEB1,1,1,1,1,specific
GPLD1,2,2,2,2,specific
GPR173,2,2,2,2,specific
HNRNPC,1,1,1,1,specific
HOXD4,2,2,2,2,specific
ICA1L,3,3,3,3,specific
INSL3,1,1,1,1,specific
INVS,2,2,2,2,specific
ITGA5,5,5,5,5,multi
ITGA7,1,1,1,1,specific
JMY,1,1,1,1,specific
KCNQ3,1,1,1,1,specific
LOX,1,1,1,1,specific
MAGEA4,1,1,1,1,specific
MAGEB10,1,1,1,1,specific
MAGEB4,1,1,1,1,specific
NAV3,2,2,2,2,specific
NDUFS4,3,3,3,3,specific
OPALIN,1,1,1,1,specific
OPTC,1,1,1,1,specific
PCDHB5,1,1,1,1,specific
PDGFRB,1,1,1,1,specific
PIGV,2,2,2,2,specific
POLR2D,1,1,1,1,specific
PRRG2,1,1,1,1,specific
RAPGEF2,1,1,1,1,specific
RGS5,1,1,1,1,specific
RHOD,1,1,1,1,specific
RRP8,3,3,3,3,specific
SERPINA7,1,1,1,1,specific
SLC38A7,2,2,2,2,specific
SOHLH1,1,1,1,1,specific
SULF1,1,1,1,1,specific
SYDE2,2,2,2,2,specific
SYNE2,1,1,1,1,specific
TBXAS1,3,3,3,3,specific
THEMIS,1,1,1,1,specific
TNNI1,1,1,1,1,specific
TTC28,2,2,2,2,specific
UBE2B,1,1,1,1,specific
USP24,2,2,2,2,specific
WNT8A,1,1,1,1,specific
XRCC2,1,1,1,1,specific
ZFP42,1,1,1,1,specific
ZFYVE26,3,3,3,3,specific
ZNF280A,1,1,1,1,specific
ZNF835,2,2,2,2,specific
ATP6V1G3,1,1,1,1,specific
GLRA3,2,2,2,2,specific
KCTD4,1,1,1,1,specific
LGALS14,2,2,2,2,specific
MN1,1,1,1,1,specific
NID2,1,1,1,1,specific
NPSR1,1,1,1,1,specific
NRN1,1,1,1,1,specific
PLGRKT,2,2,2,2,specific
PRR22,1,1,1,1,specific
PSKH2,1,1,1,1,specific
SCD5,2,2,2,2,specific
SOX14,1,1,1,1,specific
TSPAN1,1,1,1,1,specific
ABO,1,1,1,1,specific
ADD1,2,2,2,2,specific
AFAP1L2,1,1,1,1,specific
AMOTL1,2,2,2,2,specific
ANKFY1,3,3,3,3,specific
ANKRD7,1,1,1,1,specific
ARID3B,2,2,2,2,specific
ATP9A,2,2,2,2,specific
BBOX1,1,1,1,1,specific
BTBD3,2,2,2,2,specific
C19orf71,1,1,1,1,specific
CAAP1,1,1,1,1,specific
CABP7,1,1,1,1,specific
CASP2,1,1,1,1,specific
CCDC180,1,1,1,1,specific
CCDC34,2,2,2,2,specific
CCL2,1,1,1,1,specific
CDSN,1,1,1,1,specific
CKAP4,1,1,1,1,specific
CLCN6,2,2,2,2,specific
CLDN19,1,1,1,1,specific
CLYBL,1,1,1,1,specific
CNTN2,2,2,2,2,specific
CREB5,1,1,1,1,specific
CYB5D2,1,1,1,1,specific
CYP2R1,1,1,1,1,specific
DCP1A,2,2,2,2,specific
DFFB,1,1,1,1,specific
DIS3L2,1,1,1,1,specific
DNAJB13,1,1,1,1,specific
DNAJC5,3,3,3,3,specific
DNAJC8,1,1,1,1,specific
DPH6,2,2,2,2,specific
DUOX2,1,1,1,1,specific
DUOXA2,1,1,1,1,specific
EFR3B,2,2,2,2,specific
EPB42,1,1,1,1,specific
FA2H,1,1,1,1,specific
FAM168A,1,1,1,1,specific
FAM187A,1,1,1,1,specific
FAM189A1,1,1,1,1,specific
FNDC5,2,2,2,2,specific
FOXE1,1,1,1,1,specific
FOXO1,1,1,1,1,specific
FOXO6,1,1,1,1,specific
GABRG2,1,1,1,1,specific
GAL3ST3,1,1,1,1,specific
GALNT10,3,3,3,3,specific
GAP43,2,2,2,2,specific
GBP3,1,1,1,1,specific
GLRX2,2,2,2,2,specific
GPR183,1,1,1,1,specific
GRM8,1,1,1,1,specific
GTF2A1,1,1,1,1,specific
GTF3C2,2,2,2,2,specific
HIC2,1,1,1,1,specific
HPS4,3,3,3,3,specific
HYOU1,1,1,1,1,specific
IFFO2,1,1,1,1,specific
IGSF23,1,1,1,1,specific
INHBC,1,1,1,1,specific
IRF1,1,1,1,1,specific
KCNK5,1,1,1,1,specific
KCNQ4,1,1,1,1,specific
KIAA0040,1,1,1,1,specific
KIAA0753,2,2,2,2,specific
LDLRAD3,1,1,1,1,specific
LIF,1,1,1,1,specific
LRRTM4,1,1,1,1,specific
LURAP1,1,1,1,1,specific
MARVELD1,1,1,1,1,specific
MKKS,2,2,2,2,specific
MTOR,3,3,3,3,specific
MTRR,2,2,2,2,specific
MYLK,1,1,1,1,specific
MYO1A,2,2,2,2,specific
NFATC2,1,1,1,1,specific
NHSL2,2,2,2,2,specific
NRIP3,2,2,2,2,specific
NUDT15,1,1,1,1,specific
NUDT9,1,1,1,1,specific
PASK,1,1,1,1,specific
PGR,1,1,1,1,specific
PHACTR1,1,1,1,1,specific
PHF8,1,1,1,1,specific
PI4K2A,2,2,2,2,specific
PIR,1,1,1,1,specific
PTS,1,1,1,1,specific
RAB5B,3,3,3,3,specific
RAD54L2,2,2,2,2,specific
RBPMS2,1,1,1,1,specific
RC3H1,2,2,2,2,specific
RIBC2,1,1,1,1,specific
RPS6KA2,2,2,2,2,specific
SAT1,1,1,1,1,specific
SEC24C,2,2,2,2,specific
SFRP4,2,2,2,2,specific
SLC10A6,2,2,2,2,specific
SLC39A9,2,2,2,2,specific
SMARCC2,1,1,1,1,specific
SMARCD1,1,1,1,1,specific
SMIM13,1,1,1,1,specific
SMURF1,2,2,2,2,specific
SNORA53,3,3,3,3,specific
SNORD12,1,1,1,1,specific
SNORD79,2,2,2,2,specific
SPDYC,1,1,1,1,specific
SRSF12,2,2,2,2,specific
STXBP1,1,1,1,1,specific
SUSD5,1,1,1,1,specific
SYCE3,1,1,1,1,specific
SYN2,1,1,1,1,specific
TEKT1,1,1,1,1,specific
TGFBR2,1,1,1,1,specific
THEGL,1,1,1,1,specific
THSD7A,1,1,1,1,specific
TMEM9B,3,3,3,3,specific
TNS4,1,1,1,1,specific
TOR1B,2,2,2,2,specific
TPGS2,1,1,1,1,specific
TRAM2,2,2,2,2,specific
TRIP13,1,1,1,1,specific
TSPAN19,1,1,1,1,specific
TTC22,1,1,1,1,specific
TTLL11,1,1,1,1,specific
TULP4,2,2,2,2,specific
UNC119B,1,1,1,1,specific
USP27X,1,1,1,1,specific
VAMP1,2,2,2,2,specific
VEPH1,1,1,1,1,specific
WDR88,1,1,1,1,specific
WNT3,1,1,1,1,specific
XKR9,1,1,1,1,specific
ZCWPW1,1,1,1,1,specific
ZDHHC4,2,1,2,2,specific
ZNF18,1,1,1,1,specific
ZNF398,2,2,2,2,specific
ZNF609,3,3,3,3,specific
ABCA4,1,1,1,1,specific
ADCY8,1,1,1,1,specific
AGK,1,1,1,1,specific
ANKRD18B,2,2,2,2,specific
ARMCX1,1,1,1,1,specific
AS3MT,1,1,1,1,specific
BAALC,1,1,1,1,specific
CACNA2D2,2,2,2,2,specific
CATSPER3,1,1,1,1,specific
COLQ,1,1,1,1,specific
CREB3L2,2,2,2,2,specific
EFCAB3,1,1,1,1,specific
FBXO48,1,1,1,1,specific
GNA15,1,1,1,1,specific
GOSR2,2,2,2,2,specific
GRM2,1,1,1,1,specific
GRPR,1,1,1,1,specific
HADHA,1,1,1,1,specific
HTR2B,1,1,1,1,specific
KIF20B,1,1,1,1,specific
LAMC2,1,1,1,1,specific
LDB2,1,1,1,1,specific
MICAL2,1,1,1,1,specific
MIRLET7D,1,1,1,1,specific
NEK3,1,1,1,1,specific
NR4A2,2,2,2,2,specific
NUDT6,2,2,2,2,specific
PLD6,2,2,2,2,specific
POGZ,2,2,2,2,specific
PRKAB1,2,2,2,2,specific
RABIF,1,1,1,1,specific
RPH3A,1,1,1,1,specific
RWDD2B,1,1,1,1,specific
SLAIN2,2,2,2,2,specific
SLC44A3,1,1,1,1,specific
SNORA4,1,1,1,1,specific
SNORD58B,1,1,1,1,specific
SYT13,2,2,2,2,specific
SYT9,2,1,2,2,specific
TATDN2,1,1,1,1,specific
TCTE1,1,1,1,1,specific
TERB1,2,2,2,2,specific
TTC30B,1,1,1,1,specific
UNC45B,1,1,1,1,specific
VPS26C,1,1,1,1,specific
ZNF135,1,1,1,1,specific
ACLY,1,1,1,1,specific
ACVR1C,2,2,2,2,specific
ADAM18,2,1,2,2,specific
ADGRL3,1,1,1,1,specific
ADPRM,2,2,2,2,specific
ANK2,1,1,1,1,specific
ANKRD44,1,1,1,1,specific
ARHGEF33,1,1,1,1,specific
ATXN1,1,1,1,1,specific
BAIAP2L1,1,1,1,1,specific
CCNB3,1,1,1,1,specific
CDC42BPB,1,1,1,1,specific
CDK12,1,1,1,1,specific
CHI3L2,1,1,1,1,specific
CLASP1,1,1,1,1,specific
CNIH4,1,1,1,1,specific
CNR1,1,1,1,1,specific
COPS5,1,1,1,1,specific
CSMD1,1,1,1,1,specific
CSTF2,2,2,2,2,specific
CXCL12,1,1,1,1,specific
DLGAP2,1,1,1,1,specific
DTX3L,1,1,1,1,specific
EML6,1,1,1,1,specific
ENAH,1,1,1,1,specific
EXOC4,2,2,2,2,specific
EXOSC2,1,1,1,1,specific
FBXW12,1,1,1,1,specific
FOXD4L1,1,1,1,1,specific
FRMPD4,1,1,1,1,specific
GABRB3,1,1,1,1,specific
GDAP1,1,1,1,1,specific
GLP1R,1,1,1,1,specific
GRIN3A,1,1,1,1,specific
GRM5,1,1,1,1,specific
GRPEL2,1,1,1,1,specific
HIVEP1,1,1,1,1,specific
HS6ST2,1,1,1,1,specific
IKZF1,1,1,1,1,specific
INO80D,1,1,1,1,specific
KBTBD11,1,1,1,1,specific
KCNB1,1,1,1,1,specific
LPIN2,1,1,1,1,specific
LUZP2,1,1,1,1,specific
MAGI1,1,1,1,1,specific
MAP2,1,1,1,1,specific
MEX3C,1,1,1,1,specific
MIR770,1,1,1,1,specific
MTMR3,1,1,1,1,specific
MYH10,1,1,1,1,specific
NALCN,1,1,1,1,specific
NCAM1,1,1,1,1,specific
NOL4,1,1,1,1,specific
NYAP2,1,1,1,1,specific
PCDH11Y,1,1,1,1,specific
PCDH9,1,1,1,1,specific
PNMA2,1,1,1,1,specific
PPFIA2,1,1,1,1,specific
PRKDC,1,1,1,1,specific
PROX1,1,1,1,1,specific
PRRC1,2,2,2,2,specific
PTAFR,1,1,1,1,specific
RBM47,1,1,1,1,specific
RNU4-81P,1,1,1,1,specific
RRP1B,2,2,2,2,specific
SCAI,1,1,1,1,specific
SHC3,1,1,1,1,specific
SLC41A2,1,1,1,1,specific
SLITRK3,1,1,1,1,specific
SOBP,1,1,1,1,specific
SPHKAP,1,1,1,1,specific
SUCLG1,1,1,1,1,specific
SYT10,1,1,1,1,specific
TBC1D9,1,1,1,1,specific
TMEM200C,1,1,1,1,specific
TNKS,1,1,1,1,specific
TPK1,1,1,1,1,specific
TRIM66,1,1,1,1,specific
TRIO,2,2,2,2,specific
UNC5D,1,1,1,1,specific
USP30,1,1,1,1,specific
USP42,1,1,1,1,specific
ZFR2,1,1,1,1,specific
ZKSCAN8,1,1,1,1,specific
ZNF169,1,1,1,1,specific
ZNF331,1,1,1,1,specific
ATP5IF1,1,1,1,1,specific
C2orf72,1,1,1,1,specific
CASQ2,1,1,1,1,specific
CCR5,1,1,1,1,specific
CD276,2,2,2,2,specific
CELA1,1,1,1,1,specific
CELA2B,1,1,1,1,specific
CILP,1,1,1,1,specific
COL1A2,1,1,1,1,specific
CPA1,1,1,1,1,specific
FJX1,1,1,1,1,specific
GPR161,1,1,1,1,specific
LHCGR,1,1,1,1,specific
MIR4677,1,1,1,1,specific
PNLIPRP1,1,1,1,1,specific
PNLIPRP2,1,1,1,1,specific
SALL4,1,1,1,1,specific
SLC1A7,1,1,1,1,specific
AFMID,1,1,1,1,specific
ATP2A2,1,1,1,1,specific
BRICD5,1,1,1,1,specific
C3orf62,2,2,2,2,specific
C5AR1,2,2,2,2,specific
CLCN3,1,1,1,1,specific
CRLF1,1,1,1,1,specific
DPEP3,1,1,1,1,specific
DRC3,1,1,1,1,specific
FABP9,1,1,1,1,specific
FADD,1,1,1,1,specific
KRBA2,1,1,1,1,specific
MIR363,1,1,1,1,specific
PPME1,1,1,1,1,specific
PPP3R1,1,1,1,1,specific
S1PR4,1,1,1,1,specific
SIPA1L2,1,1,1,1,specific
SLC19A2,1,1,1,1,specific
SNORA23,1,1,1,1,specific
SNX30,1,1,1,1,specific
STAM,1,1,1,1,specific
TEX14,1,1,1,1,specific
TMEM31,1,1,1,1,specific
TRIM2,2,2,2,2,specific
TSSK4,1,1,1,1,specific
VSIG8,1,1,1,1,specific
ZC3HAV1L,2,2,2,2,specific
AMDHD1,3,3,3,3,specific
ANTXR2,1,1,1,1,specific
CD1E,1,1,1,1,specific
CRISP2,1,1,1,1,specific
CYP7A1,1,1,1,1,specific
ELAPOR1,1,1,1,1,specific
IL10RB,2,2,2,2,specific
MAP1B,1,1,1,1,specific
MLIP,1,1,1,1,specific
OR2F1,1,1,1,1,specific
PRICKLE1,1,1,1,1,specific
RASAL2,1,1,1,1,specific
RBFOX1,1,1,1,1,specific
SNORA11,1,1,1,1,specific
SYNE3,1,1,1,1,specific
TAS2R5,1,1,1,1,specific
TLL2,1,1,1,1,specific
ACSM2A,1,1,1,1,specific
C2orf49,1,1,1,1,specific
COL14A1,1,1,1,1,specific
DRAM1,1,1,1,1,specific
GARNL3,2,2,2,2,specific
MMP13,1,1,1,1,specific
NMRK1,1,1,1,1,specific
OLFML2B,1,1,1,1,specific
PLXDC2,2,2,2,2,specific
PM20D1,1,1,1,1,specific
RPL9,1,1,1,1,specific
STX3,1,1,1,1,specific
YWHAH,1,1,1,1,specific
ADAMDEC1,1,1,1,1,specific
ADAMTS10,1,1,1,1,specific
AGA,1,1,1,1,specific
ARMCX2,1,1,1,1,specific
BCL2A1,1,1,1,1,specific
C12orf76,1,1,1,1,specific
C1orf52,1,1,1,1,specific
C4orf51,1,1,1,1,specific
CA5B,1,1,1,1,specific
CLCN1,1,1,1,1,specific
DUSP5,1,1,1,1,specific
FCN1,1,1,1,1,specific
FOXP2,1,1,1,1,specific
FSCN2,1,1,1,1,specific
GLG1,1,1,1,1,specific
GPR137B,1,1,1,1,specific
GSTA3,1,1,1,1,specific
HORMAD1,1,1,1,1,specific
KRT79,1,1,1,1,specific
MIS18A,1,1,1,1,specific
MITD1,1,1,1,1,specific
NAP1L1,1,1,1,1,specific
NR2F2,1,1,1,1,specific
NSA2,1,1,1,1,specific
NUP62CL,1,1,1,1,specific
PPP1R15B,1,1,1,1,specific
QRFPR,1,1,1,1,specific
RAB9A,1,1,1,1,specific
RELL1,1,1,1,1,specific
SCARNA7,1,1,1,1,specific
SELE,1,1,1,1,specific
SHMT1,1,1,1,1,specific
SNORD51,1,1,1,1,specific
SOCS2,1,1,1,1,specific
SRD5A1,1,1,1,1,specific
SSPN,1,1,1,1,specific
TAOK3,1,1,1,1,specific
TCF23,1,1,1,1,specific
U2,1,1,1,1,specific
UMAD1,1,1,1,1,specific
UVSSA,1,1,1,1,specific
WDR27,1,1,1,1,specific
